Starting upload...
Local base: content
Bucket: gs://manylangs-55fd3.firebasestorage.app

SKIP (exists): content/grammar/.DS_Store
SKIP (exists): content/grammar/pt/.DS_Store
SKIP (exists): content/grammar/pt/b2/015/data/grammar_015.runtime.json
SKIP (exists): content/grammar/pt/b2/012/data/grammar_012.runtime.json
SKIP (exists): content/grammar/pt/b2/013/data/grammar_013.runtime.json
SKIP (exists): content/grammar/pt/b2/014/data/grammar_014.runtime.json
SKIP (exists): content/grammar/pt/b2/007/data/grammar_007.runtime.json
SKIP (exists): content/grammar/pt/b2/009/data/grammar_009.runtime.json
SKIP (exists): content/grammar/pt/b2/008/data/grammar_008.runtime.json
SKIP (exists): content/grammar/pt/b2/001/data/grammar_001.runtime.json
SKIP (exists): content/grammar/pt/b2/006/data/grammar_006.runtime.json
SKIP (exists): content/grammar/pt/b2/011/data/grammar_011.runtime.json
SKIP (exists): content/grammar/pt/b2/016/data/grammar_016.runtime.json
SKIP (exists): content/grammar/pt/b2/010/data/grammar_010.runtime.json
SKIP (exists): content/grammar/pt/b2/003/data/grammar_003.runtime.json
SKIP (exists): content/grammar/pt/b2/004/data/grammar_004.runtime.json
SKIP (exists): content/grammar/pt/b2/005/data/grammar_005.runtime.json
SKIP (exists): content/grammar/pt/b2/002/data/grammar_002.runtime.json
SKIP (exists): content/grammar/pt/a2/015/data/grammar_015.runtime.json
SKIP (exists): content/grammar/pt/a2/012/data/grammar_012.runtime.json
SKIP (exists): content/grammar/pt/a2/013/data/grammar_013.runtime.json
SKIP (exists): content/grammar/pt/a2/014/data/grammar_014.runtime.json
SKIP (exists): content/grammar/pt/a2/007/data/grammar_007.runtime.json
SKIP (exists): content/grammar/pt/a2/009/data/grammar_009.runtime.json
SKIP (exists): content/grammar/pt/a2/008/data/grammar_008.runtime.json
SKIP (exists): content/grammar/pt/a2/001/data/grammar_001.runtime.json
SKIP (exists): content/grammar/pt/a2/006/data/grammar_006.runtime.json
SKIP (exists): content/grammar/pt/a2/011/data/grammar_011.runtime.json
SKIP (exists): content/grammar/pt/a2/016/data/grammar_016.runtime.json
SKIP (exists): content/grammar/pt/a2/010/data/grammar_010.runtime.json
SKIP (exists): content/grammar/pt/a2/003/data/grammar_003.runtime.json
SKIP (exists): content/grammar/pt/a2/004/data/grammar_004.runtime.json
SKIP (exists): content/grammar/pt/a2/005/data/grammar_005.runtime.json
SKIP (exists): content/grammar/pt/a2/002/data/grammar_002.runtime.json
SKIP (exists): content/grammar/pt/c1/015/data/grammar_015.runtime.json
SKIP (exists): content/grammar/pt/c1/012/data/grammar_012.runtime.json
SKIP (exists): content/grammar/pt/c1/013/data/grammar_013.runtime.json
SKIP (exists): content/grammar/pt/c1/014/data/grammar_014.runtime.json
SKIP (exists): content/grammar/pt/c1/007/data/grammar_007.runtime.json
SKIP (exists): content/grammar/pt/c1/009/data/grammar_009.runtime.json
SKIP (exists): content/grammar/pt/c1/008/data/grammar_008.runtime.json
SKIP (exists): content/grammar/pt/c1/001/data/grammar_001.runtime.json
SKIP (exists): content/grammar/pt/c1/006/data/grammar_006.runtime.json
SKIP (exists): content/grammar/pt/c1/011/data/grammar_011.runtime.json
SKIP (exists): content/grammar/pt/c1/016/data/grammar_016.runtime.json
SKIP (exists): content/grammar/pt/c1/010/data/grammar_010.runtime.json
SKIP (exists): content/grammar/pt/c1/003/data/grammar_003.runtime.json
SKIP (exists): content/grammar/pt/c1/004/data/grammar_004.runtime.json
SKIP (exists): content/grammar/pt/c1/005/data/grammar_005.runtime.json
SKIP (exists): content/grammar/pt/c1/002/data/grammar_002.runtime.json
SKIP (exists): content/grammar/pt/b1/015/data/grammar_015.runtime.json
SKIP (exists): content/grammar/pt/b1/012/data/grammar_012.runtime.json
SKIP (exists): content/grammar/pt/b1/013/data/grammar_013.runtime.json
SKIP (exists): content/grammar/pt/b1/014/data/grammar_014.runtime.json
SKIP (exists): content/grammar/pt/b1/007/data/grammar_007.runtime.json
SKIP (exists): content/grammar/pt/b1/009/data/grammar_009.runtime.json
SKIP (exists): content/grammar/pt/b1/008/data/grammar_008.runtime.json
SKIP (exists): content/grammar/pt/b1/001/data/grammar_001.runtime.json
SKIP (exists): content/grammar/pt/b1/006/data/grammar_006.runtime.json
SKIP (exists): content/grammar/pt/b1/011/data/grammar_011.runtime.json
SKIP (exists): content/grammar/pt/b1/016/data/grammar_016.runtime.json
SKIP (exists): content/grammar/pt/b1/010/data/grammar_010.runtime.json
SKIP (exists): content/grammar/pt/b1/003/data/grammar_003.runtime.json
SKIP (exists): content/grammar/pt/b1/004/data/grammar_004.runtime.json
SKIP (exists): content/grammar/pt/b1/005/data/grammar_005.runtime.json
SKIP (exists): content/grammar/pt/b1/002/data/grammar_002.runtime.json
SKIP (exists): content/grammar/pt/a1/012/data/grammar_012.runtime.json
SKIP (exists): content/grammar/pt/a1/007/data/grammar_007.runtime.json
SKIP (exists): content/grammar/pt/a1/009/data/grammar_009.runtime.json
SKIP (exists): content/grammar/pt/a1/008/data/grammar_008.runtime.json
SKIP (exists): content/grammar/pt/a1/001/data/grammar_001.runtime.json
SKIP (exists): content/grammar/pt/a1/006/data/grammar_006.runtime.json
SKIP (exists): content/grammar/pt/a1/011/data/grammar_011.runtime.json
SKIP (exists): content/grammar/pt/a1/010/data/grammar_010.runtime.json
SKIP (exists): content/grammar/pt/a1/003/data/grammar_003.runtime.json
SKIP (exists): content/grammar/pt/a1/004/data/grammar_004.runtime.json
SKIP (exists): content/grammar/pt/a1/005/data/grammar_005.runtime.json
SKIP (exists): content/grammar/pt/a1/002/data/grammar_002.runtime.json
SKIP (exists): content/grammar/pt/c2/007/data/grammar_007.runtime.json
SKIP (exists): content/grammar/pt/c2/008/data/grammar_008.runtime.json
SKIP (exists): content/grammar/pt/c2/001/data/grammar_001.runtime.json
SKIP (exists): content/grammar/pt/c2/006/data/grammar_006.runtime.json
SKIP (exists): content/grammar/pt/c2/003/data/grammar_003.runtime.json
SKIP (exists): content/grammar/pt/c2/004/data/grammar_004.runtime.json
SKIP (exists): content/grammar/pt/c2/005/data/grammar_005.runtime.json
SKIP (exists): content/grammar/pt/c2/002/data/grammar_002.runtime.json
SKIP (exists): content/grammar/kr/.DS_Store
SKIP (exists): content/grammar/kr/b2/015/data/grammar_015.runtime.json
SKIP (exists): content/grammar/kr/b2/012/data/grammar_012.runtime.json
SKIP (exists): content/grammar/kr/b2/013/data/grammar_013.runtime.json
SKIP (exists): content/grammar/kr/b2/014/data/grammar_014.runtime.json
SKIP (exists): content/grammar/kr/b2/007/data/grammar_007.runtime.json
SKIP (exists): content/grammar/kr/b2/009/data/grammar_009.runtime.json
SKIP (exists): content/grammar/kr/b2/008/data/grammar_008.runtime.json
SKIP (exists): content/grammar/kr/b2/001/data/grammar_001.runtime.json
SKIP (exists): content/grammar/kr/b2/006/data/grammar_006.runtime.json
SKIP (exists): content/grammar/kr/b2/011/data/grammar_011.runtime.json
SKIP (exists): content/grammar/kr/b2/016/data/grammar_016.runtime.json
SKIP (exists): content/grammar/kr/b2/010/data/grammar_010.runtime.json
SKIP (exists): content/grammar/kr/b2/003/data/grammar_003.runtime.json
SKIP (exists): content/grammar/kr/b2/004/data/grammar_004.runtime.json
SKIP (exists): content/grammar/kr/b2/005/data/grammar_005.runtime.json
SKIP (exists): content/grammar/kr/b2/002/data/grammar_002.runtime.json
SKIP (exists): content/grammar/kr/a2/015/data/grammar_015.runtime.json
SKIP (exists): content/grammar/kr/a2/012/data/grammar_012.runtime.json
SKIP (exists): content/grammar/kr/a2/013/data/grammar_013.runtime.json
SKIP (exists): content/grammar/kr/a2/014/data/grammar_014.runtime.json
SKIP (exists): content/grammar/kr/a2/007/data/grammar_007.runtime.json
SKIP (exists): content/grammar/kr/a2/009/data/grammar_009.runtime.json
SKIP (exists): content/grammar/kr/a2/008/data/grammar_008.runtime.json
SKIP (exists): content/grammar/kr/a2/001/data/grammar_001.runtime.json
SKIP (exists): content/grammar/kr/a2/006/data/grammar_006.runtime.json
SKIP (exists): content/grammar/kr/a2/011/data/grammar_011.runtime.json
SKIP (exists): content/grammar/kr/a2/016/data/grammar_016.runtime.json
SKIP (exists): content/grammar/kr/a2/010/data/grammar_010.runtime.json
SKIP (exists): content/grammar/kr/a2/003/data/grammar_003.runtime.json
SKIP (exists): content/grammar/kr/a2/004/data/grammar_004.runtime.json
SKIP (exists): content/grammar/kr/a2/005/data/grammar_005.runtime.json
SKIP (exists): content/grammar/kr/a2/002/data/grammar_002.runtime.json
SKIP (exists): content/grammar/kr/c1/015/data/grammar_015.runtime.json
SKIP (exists): content/grammar/kr/c1/012/data/grammar_012.runtime.json
SKIP (exists): content/grammar/kr/c1/013/data/grammar_013.runtime.json
SKIP (exists): content/grammar/kr/c1/014/data/grammar_014.runtime.json
SKIP (exists): content/grammar/kr/c1/007/data/grammar_007.runtime.json
SKIP (exists): content/grammar/kr/c1/009/data/grammar_009.runtime.json
SKIP (exists): content/grammar/kr/c1/008/data/grammar_008.runtime.json
SKIP (exists): content/grammar/kr/c1/001/data/grammar_001.runtime.json
SKIP (exists): content/grammar/kr/c1/006/data/grammar_006.runtime.json
SKIP (exists): content/grammar/kr/c1/011/data/grammar_011.runtime.json
SKIP (exists): content/grammar/kr/c1/016/data/grammar_016.runtime.json
SKIP (exists): content/grammar/kr/c1/010/data/grammar_010.runtime.json
SKIP (exists): content/grammar/kr/c1/003/data/grammar_003.runtime.json
SKIP (exists): content/grammar/kr/c1/004/data/grammar_004.runtime.json
SKIP (exists): content/grammar/kr/c1/005/data/grammar_005.runtime.json
SKIP (exists): content/grammar/kr/c1/002/data/grammar_002.runtime.json
SKIP (exists): content/grammar/kr/b1/015/data/grammar_015.runtime.json
SKIP (exists): content/grammar/kr/b1/012/data/grammar_012.runtime.json
SKIP (exists): content/grammar/kr/b1/013/data/grammar_013.runtime.json
SKIP (exists): content/grammar/kr/b1/014/data/grammar_014.runtime.json
SKIP (exists): content/grammar/kr/b1/007/data/grammar_007.runtime.json
SKIP (exists): content/grammar/kr/b1/009/data/grammar_009.runtime.json
SKIP (exists): content/grammar/kr/b1/008/data/grammar_008.runtime.json
SKIP (exists): content/grammar/kr/b1/001/data/grammar_001.runtime.json
SKIP (exists): content/grammar/kr/b1/006/data/grammar_006.runtime.json
SKIP (exists): content/grammar/kr/b1/011/data/grammar_011.runtime.json
SKIP (exists): content/grammar/kr/b1/016/data/grammar_016.runtime.json
SKIP (exists): content/grammar/kr/b1/010/data/grammar_010.runtime.json
SKIP (exists): content/grammar/kr/b1/003/data/grammar_003.runtime.json
SKIP (exists): content/grammar/kr/b1/004/data/grammar_004.runtime.json
SKIP (exists): content/grammar/kr/b1/005/data/grammar_005.runtime.json
SKIP (exists): content/grammar/kr/b1/002/data/grammar_002.runtime.json
SKIP (exists): content/grammar/kr/a1/.DS_Store
SKIP (exists): content/grammar/kr/a1/012/data/grammar_012.runtime.json
SKIP (exists): content/grammar/kr/a1/007/data/grammar_007.runtime.json
SKIP (exists): content/grammar/kr/a1/009/data/grammar_009.runtime.json
SKIP (exists): content/grammar/kr/a1/008/data/grammar_008.runtime.json
SKIP (exists): content/grammar/kr/a1/001/.DS_Store
SKIP (exists): content/grammar/kr/a1/001/data/grammar_001.runtime.json
SKIP (exists): content/grammar/kr/a1/006/data/grammar_006.runtime.json
SKIP (exists): content/grammar/kr/a1/011/data/grammar_011.runtime.json
SKIP (exists): content/grammar/kr/a1/010/data/grammar_010.runtime.json
SKIP (exists): content/grammar/kr/a1/003/data/grammar_003.runtime.json
SKIP (exists): content/grammar/kr/a1/004/data/grammar_004.runtime.json
SKIP (exists): content/grammar/kr/a1/005/data/grammar_005.runtime.json
SKIP (exists): content/grammar/kr/a1/002/data/grammar_002.runtime.json
SKIP (exists): content/grammar/kr/c2/007/data/grammar_007.runtime.json
SKIP (exists): content/grammar/kr/c2/008/data/grammar_008.runtime.json
SKIP (exists): content/grammar/kr/c2/001/data/grammar_001.runtime.json
SKIP (exists): content/grammar/kr/c2/006/data/grammar_006.runtime.json
SKIP (exists): content/grammar/kr/c2/003/data/grammar_003.runtime.json
SKIP (exists): content/grammar/kr/c2/004/data/grammar_004.runtime.json
SKIP (exists): content/grammar/kr/c2/005/data/grammar_005.runtime.json
SKIP (exists): content/grammar/kr/c2/002/data/grammar_002.runtime.json
SKIP (exists): content/grammar/fr/.DS_Store
SKIP (exists): content/grammar/fr/b2/015/data/grammar_015.runtime.json
SKIP (exists): content/grammar/fr/b2/012/data/grammar_012.runtime.json
SKIP (exists): content/grammar/fr/b2/013/data/grammar_013.runtime.json
SKIP (exists): content/grammar/fr/b2/014/data/grammar_014.runtime.json
SKIP (exists): content/grammar/fr/b2/007/data/grammar_007.runtime.json
SKIP (exists): content/grammar/fr/b2/009/data/grammar_009.runtime.json
SKIP (exists): content/grammar/fr/b2/008/data/grammar_008.runtime.json
SKIP (exists): content/grammar/fr/b2/001/data/grammar_001.runtime.json
SKIP (exists): content/grammar/fr/b2/006/data/grammar_006.runtime.json
SKIP (exists): content/grammar/fr/b2/011/data/grammar_011.runtime.json
SKIP (exists): content/grammar/fr/b2/016/data/grammar_016.runtime.json
SKIP (exists): content/grammar/fr/b2/010/data/grammar_010.runtime.json
SKIP (exists): content/grammar/fr/b2/003/data/grammar_003.runtime.json
SKIP (exists): content/grammar/fr/b2/004/data/grammar_004.runtime.json
SKIP (exists): content/grammar/fr/b2/005/data/grammar_005.runtime.json
SKIP (exists): content/grammar/fr/b2/002/data/grammar_002.runtime.json
SKIP (exists): content/grammar/fr/a2/015/data/grammar_015.runtime.json
SKIP (exists): content/grammar/fr/a2/012/data/grammar_012.runtime.json
SKIP (exists): content/grammar/fr/a2/013/data/grammar_013.runtime.json
SKIP (exists): content/grammar/fr/a2/014/data/grammar_014.runtime.json
SKIP (exists): content/grammar/fr/a2/007/data/grammar_007.runtime.json
SKIP (exists): content/grammar/fr/a2/009/data/grammar_009.runtime.json
SKIP (exists): content/grammar/fr/a2/008/data/grammar_008.runtime.json
SKIP (exists): content/grammar/fr/a2/001/data/grammar_001.runtime.json
SKIP (exists): content/grammar/fr/a2/006/data/grammar_006.runtime.json
SKIP (exists): content/grammar/fr/a2/011/data/grammar_011.runtime.json
SKIP (exists): content/grammar/fr/a2/016/data/grammar_016.runtime.json
SKIP (exists): content/grammar/fr/a2/010/data/grammar_010.runtime.json
SKIP (exists): content/grammar/fr/a2/003/data/grammar_003.runtime.json
SKIP (exists): content/grammar/fr/a2/004/data/grammar_004.runtime.json
SKIP (exists): content/grammar/fr/a2/005/data/grammar_005.runtime.json
SKIP (exists): content/grammar/fr/a2/002/data/grammar_002.runtime.json
SKIP (exists): content/grammar/fr/c1/015/data/grammar_015.runtime.json
SKIP (exists): content/grammar/fr/c1/012/data/grammar_012.runtime.json
SKIP (exists): content/grammar/fr/c1/013/data/grammar_013.runtime.json
SKIP (exists): content/grammar/fr/c1/014/data/grammar_014.runtime.json
SKIP (exists): content/grammar/fr/c1/007/data/grammar_007.runtime.json
SKIP (exists): content/grammar/fr/c1/009/data/grammar_009.runtime.json
SKIP (exists): content/grammar/fr/c1/008/data/grammar_008.runtime.json
SKIP (exists): content/grammar/fr/c1/001/data/grammar_001.runtime.json
SKIP (exists): content/grammar/fr/c1/006/data/grammar_006.runtime.json
SKIP (exists): content/grammar/fr/c1/011/data/grammar_011.runtime.json
SKIP (exists): content/grammar/fr/c1/016/data/grammar_016.runtime.json
SKIP (exists): content/grammar/fr/c1/010/data/grammar_010.runtime.json
SKIP (exists): content/grammar/fr/c1/003/data/grammar_003.runtime.json
SKIP (exists): content/grammar/fr/c1/004/data/grammar_004.runtime.json
SKIP (exists): content/grammar/fr/c1/005/data/grammar_005.runtime.json
SKIP (exists): content/grammar/fr/c1/002/data/grammar_002.runtime.json
SKIP (exists): content/grammar/fr/b1/015/data/grammar_015.runtime.json
SKIP (exists): content/grammar/fr/b1/012/data/grammar_012.runtime.json
SKIP (exists): content/grammar/fr/b1/013/data/grammar_013.runtime.json
SKIP (exists): content/grammar/fr/b1/014/data/grammar_014.runtime.json
SKIP (exists): content/grammar/fr/b1/007/data/grammar_007.runtime.json
SKIP (exists): content/grammar/fr/b1/009/data/grammar_009.runtime.json
SKIP (exists): content/grammar/fr/b1/008/data/grammar_008.runtime.json
SKIP (exists): content/grammar/fr/b1/001/data/grammar_001.runtime.json
SKIP (exists): content/grammar/fr/b1/006/data/grammar_006.runtime.json
SKIP (exists): content/grammar/fr/b1/011/data/grammar_011.runtime.json
SKIP (exists): content/grammar/fr/b1/016/data/grammar_016.runtime.json
SKIP (exists): content/grammar/fr/b1/010/data/grammar_010.runtime.json
SKIP (exists): content/grammar/fr/b1/003/data/grammar_003.runtime.json
SKIP (exists): content/grammar/fr/b1/004/data/grammar_004.runtime.json
SKIP (exists): content/grammar/fr/b1/005/data/grammar_005.runtime.json
SKIP (exists): content/grammar/fr/b1/002/data/grammar_002.runtime.json
SKIP (exists): content/grammar/fr/a1/012/data/grammar_012.runtime.json
SKIP (exists): content/grammar/fr/a1/007/data/grammar_007.runtime.json
SKIP (exists): content/grammar/fr/a1/009/data/grammar_009.runtime.json
SKIP (exists): content/grammar/fr/a1/008/data/grammar_008.runtime.json
SKIP (exists): content/grammar/fr/a1/001/data/grammar_001.runtime.json
SKIP (exists): content/grammar/fr/a1/006/data/grammar_006.runtime.json
SKIP (exists): content/grammar/fr/a1/011/data/grammar_011.runtime.json
SKIP (exists): content/grammar/fr/a1/010/data/grammar_010.runtime.json
SKIP (exists): content/grammar/fr/a1/003/data/grammar_003.runtime.json
SKIP (exists): content/grammar/fr/a1/004/data/grammar_004.runtime.json
SKIP (exists): content/grammar/fr/a1/005/data/grammar_005.runtime.json
SKIP (exists): content/grammar/fr/a1/002/data/grammar_002.runtime.json
SKIP (exists): content/grammar/fr/c2/007/data/grammar_007.runtime.json
SKIP (exists): content/grammar/fr/c2/008/data/grammar_008.runtime.json
SKIP (exists): content/grammar/fr/c2/001/data/grammar_001.runtime.json
SKIP (exists): content/grammar/fr/c2/006/data/grammar_006.runtime.json
SKIP (exists): content/grammar/fr/c2/003/data/grammar_003.runtime.json
SKIP (exists): content/grammar/fr/c2/004/data/grammar_004.runtime.json
SKIP (exists): content/grammar/fr/c2/005/data/grammar_005.runtime.json
SKIP (exists): content/grammar/fr/c2/002/data/grammar_002.runtime.json
SKIP (exists): content/grammar/es/.DS_Store
SKIP (exists): content/grammar/es/b2/015/data/grammar_015.runtime.json
SKIP (exists): content/grammar/es/b2/012/data/grammar_012.runtime.json
SKIP (exists): content/grammar/es/b2/013/data/grammar_013.runtime.json
SKIP (exists): content/grammar/es/b2/014/data/grammar_014.runtime.json
SKIP (exists): content/grammar/es/b2/007/data/grammar_007.runtime.json
SKIP (exists): content/grammar/es/b2/009/data/grammar_009.runtime.json
SKIP (exists): content/grammar/es/b2/008/data/grammar_008.runtime.json
SKIP (exists): content/grammar/es/b2/001/data/grammar_001.runtime.json
SKIP (exists): content/grammar/es/b2/006/data/grammar_006.runtime.json
SKIP (exists): content/grammar/es/b2/011/data/grammar_011.runtime.json
SKIP (exists): content/grammar/es/b2/016/data/grammar_016.runtime.json
SKIP (exists): content/grammar/es/b2/010/data/grammar_010.runtime.json
SKIP (exists): content/grammar/es/b2/003/data/grammar_003.runtime.json
SKIP (exists): content/grammar/es/b2/004/data/grammar_004.runtime.json
SKIP (exists): content/grammar/es/b2/005/data/grammar_005.runtime.json
SKIP (exists): content/grammar/es/b2/002/data/grammar_002.runtime.json
SKIP (exists): content/grammar/es/a2/015/data/grammar_015.runtime.json
SKIP (exists): content/grammar/es/a2/012/data/grammar_012.runtime.json
SKIP (exists): content/grammar/es/a2/013/data/grammar_013.runtime.json
SKIP (exists): content/grammar/es/a2/014/data/grammar_014.runtime.json
SKIP (exists): content/grammar/es/a2/007/data/grammar_007.runtime.json
SKIP (exists): content/grammar/es/a2/009/data/grammar_009.runtime.json
SKIP (exists): content/grammar/es/a2/008/data/grammar_008.runtime.json
SKIP (exists): content/grammar/es/a2/001/data/grammar_001.runtime.json
SKIP (exists): content/grammar/es/a2/006/data/grammar_006.runtime.json
SKIP (exists): content/grammar/es/a2/011/data/grammar_011.runtime.json
SKIP (exists): content/grammar/es/a2/016/data/grammar_016.runtime.json
SKIP (exists): content/grammar/es/a2/010/data/grammar_010.runtime.json
SKIP (exists): content/grammar/es/a2/003/data/grammar_003.runtime.json
SKIP (exists): content/grammar/es/a2/004/data/grammar_004.runtime.json
SKIP (exists): content/grammar/es/a2/005/data/grammar_005.runtime.json
SKIP (exists): content/grammar/es/a2/002/data/grammar_002.runtime.json
SKIP (exists): content/grammar/es/c1/015/data/grammar_015.runtime.json
SKIP (exists): content/grammar/es/c1/012/data/grammar_012.runtime.json
SKIP (exists): content/grammar/es/c1/013/data/grammar_013.runtime.json
SKIP (exists): content/grammar/es/c1/014/data/grammar_014.runtime.json
SKIP (exists): content/grammar/es/c1/007/data/grammar_007.runtime.json
SKIP (exists): content/grammar/es/c1/009/data/grammar_009.runtime.json
SKIP (exists): content/grammar/es/c1/008/data/grammar_008.runtime.json
SKIP (exists): content/grammar/es/c1/001/data/grammar_001.runtime.json
SKIP (exists): content/grammar/es/c1/006/data/grammar_006.runtime.json
SKIP (exists): content/grammar/es/c1/011/data/grammar_011.runtime.json
SKIP (exists): content/grammar/es/c1/016/data/grammar_016.runtime.json
SKIP (exists): content/grammar/es/c1/010/data/grammar_010.runtime.json
SKIP (exists): content/grammar/es/c1/003/data/grammar_003.runtime.json
SKIP (exists): content/grammar/es/c1/004/data/grammar_004.runtime.json
SKIP (exists): content/grammar/es/c1/005/data/grammar_005.runtime.json
SKIP (exists): content/grammar/es/c1/002/data/grammar_002.runtime.json
SKIP (exists): content/grammar/es/b1/015/data/grammar_015.runtime.json
SKIP (exists): content/grammar/es/b1/012/data/grammar_012.runtime.json
SKIP (exists): content/grammar/es/b1/013/data/grammar_013.runtime.json
SKIP (exists): content/grammar/es/b1/014/data/grammar_014.runtime.json
SKIP (exists): content/grammar/es/b1/007/data/grammar_007.runtime.json
SKIP (exists): content/grammar/es/b1/009/data/grammar_009.runtime.json
SKIP (exists): content/grammar/es/b1/008/data/grammar_008.runtime.json
SKIP (exists): content/grammar/es/b1/001/data/grammar_001.runtime.json
SKIP (exists): content/grammar/es/b1/006/data/grammar_006.runtime.json
SKIP (exists): content/grammar/es/b1/011/data/grammar_011.runtime.json
SKIP (exists): content/grammar/es/b1/016/data/grammar_016.runtime.json
SKIP (exists): content/grammar/es/b1/010/data/grammar_010.runtime.json
SKIP (exists): content/grammar/es/b1/003/data/grammar_003.runtime.json
SKIP (exists): content/grammar/es/b1/004/data/grammar_004.runtime.json
SKIP (exists): content/grammar/es/b1/005/data/grammar_005.runtime.json
SKIP (exists): content/grammar/es/b1/002/data/grammar_002.runtime.json
SKIP (exists): content/grammar/es/a1/012/data/grammar_012.runtime.json
SKIP (exists): content/grammar/es/a1/007/data/grammar_007.runtime.json
SKIP (exists): content/grammar/es/a1/009/data/grammar_009.runtime.json
SKIP (exists): content/grammar/es/a1/008/data/grammar_008.runtime.json
SKIP (exists): content/grammar/es/a1/001/data/grammar_001.runtime.json
SKIP (exists): content/grammar/es/a1/006/data/grammar_006.runtime.json
SKIP (exists): content/grammar/es/a1/011/data/grammar_011.runtime.json
SKIP (exists): content/grammar/es/a1/010/data/grammar_010.runtime.json
SKIP (exists): content/grammar/es/a1/003/data/grammar_003.runtime.json
SKIP (exists): content/grammar/es/a1/004/data/grammar_004.runtime.json
SKIP (exists): content/grammar/es/a1/005/data/grammar_005.runtime.json
SKIP (exists): content/grammar/es/a1/002/data/grammar_002.runtime.json
SKIP (exists): content/grammar/es/c2/007/data/grammar_007.runtime.json
SKIP (exists): content/grammar/es/c2/008/data/grammar_008.runtime.json
SKIP (exists): content/grammar/es/c2/001/data/grammar_001.runtime.json
SKIP (exists): content/grammar/es/c2/006/data/grammar_006.runtime.json
SKIP (exists): content/grammar/es/c2/003/data/grammar_003.runtime.json
SKIP (exists): content/grammar/es/c2/004/data/grammar_004.runtime.json
SKIP (exists): content/grammar/es/c2/005/data/grammar_005.runtime.json
SKIP (exists): content/grammar/es/c2/002/data/grammar_002.runtime.json
SKIP (exists): content/grammar/en/.DS_Store
SKIP (exists): content/grammar/en/b2/015/data/grammar_015.runtime.json
SKIP (exists): content/grammar/en/b2/012/data/grammar_012.runtime.json
SKIP (exists): content/grammar/en/b2/013/data/grammar_013.runtime.json
SKIP (exists): content/grammar/en/b2/014/data/grammar_014.runtime.json
SKIP (exists): content/grammar/en/b2/007/data/grammar_007.runtime.json
SKIP (exists): content/grammar/en/b2/009/data/grammar_009.runtime.json
SKIP (exists): content/grammar/en/b2/008/data/grammar_008.runtime.json
SKIP (exists): content/grammar/en/b2/001/data/grammar_001.runtime.json
SKIP (exists): content/grammar/en/b2/006/data/grammar_006.runtime.json
SKIP (exists): content/grammar/en/b2/011/data/grammar_011.runtime.json
SKIP (exists): content/grammar/en/b2/016/data/grammar_016.runtime.json
SKIP (exists): content/grammar/en/b2/010/data/grammar_010.runtime.json
SKIP (exists): content/grammar/en/b2/003/data/grammar_003.runtime.json
SKIP (exists): content/grammar/en/b2/004/data/grammar_004.runtime.json
SKIP (exists): content/grammar/en/b2/005/data/grammar_005.runtime.json
SKIP (exists): content/grammar/en/b2/002/data/grammar_002.runtime.json
SKIP (exists): content/grammar/en/a2/015/data/grammar_015.runtime.json
SKIP (exists): content/grammar/en/a2/012/data/grammar_012.runtime.json
SKIP (exists): content/grammar/en/a2/013/data/grammar_013.runtime.json
SKIP (exists): content/grammar/en/a2/014/data/grammar_014.runtime.json
SKIP (exists): content/grammar/en/a2/007/data/grammar_007.runtime.json
SKIP (exists): content/grammar/en/a2/009/data/grammar_009.runtime.json
SKIP (exists): content/grammar/en/a2/008/data/grammar_008.runtime.json
SKIP (exists): content/grammar/en/a2/001/data/grammar_001.runtime.json
SKIP (exists): content/grammar/en/a2/006/data/grammar_006.runtime.json
SKIP (exists): content/grammar/en/a2/011/data/grammar_011.runtime.json
SKIP (exists): content/grammar/en/a2/016/data/grammar_016.runtime.json
SKIP (exists): content/grammar/en/a2/010/data/grammar_010.runtime.json
SKIP (exists): content/grammar/en/a2/003/data/grammar_003.runtime.json
SKIP (exists): content/grammar/en/a2/004/data/grammar_004.runtime.json
SKIP (exists): content/grammar/en/a2/005/data/grammar_005.runtime.json
SKIP (exists): content/grammar/en/a2/002/data/grammar_002.runtime.json
SKIP (exists): content/grammar/en/c1/015/data/grammar_015.runtime.json
SKIP (exists): content/grammar/en/c1/012/data/grammar_012.runtime.json
SKIP (exists): content/grammar/en/c1/013/data/grammar_013.runtime.json
SKIP (exists): content/grammar/en/c1/014/data/grammar_014.runtime.json
SKIP (exists): content/grammar/en/c1/007/data/grammar_007.runtime.json
SKIP (exists): content/grammar/en/c1/009/data/grammar_009.runtime.json
SKIP (exists): content/grammar/en/c1/008/data/grammar_008.runtime.json
SKIP (exists): content/grammar/en/c1/001/data/grammar_001.runtime.json
SKIP (exists): content/grammar/en/c1/006/data/grammar_006.runtime.json
SKIP (exists): content/grammar/en/c1/011/data/grammar_011.runtime.json
SKIP (exists): content/grammar/en/c1/016/data/grammar_016.runtime.json
SKIP (exists): content/grammar/en/c1/010/data/grammar_010.runtime.json
SKIP (exists): content/grammar/en/c1/003/data/grammar_003.runtime.json
SKIP (exists): content/grammar/en/c1/004/data/grammar_004.runtime.json
SKIP (exists): content/grammar/en/c1/005/data/grammar_005.runtime.json
SKIP (exists): content/grammar/en/c1/002/data/grammar_002.runtime.json
SKIP (exists): content/grammar/en/b1/015/data/grammar_015.runtime.json
SKIP (exists): content/grammar/en/b1/.DS_Store
SKIP (exists): content/grammar/en/b1/012/data/grammar_012.runtime.json
SKIP (exists): content/grammar/en/b1/013/data/grammar_013.runtime.json
SKIP (exists): content/grammar/en/b1/014/data/grammar_014.runtime.json
SKIP (exists): content/grammar/en/b1/007/data/grammar_007.runtime.json
SKIP (exists): content/grammar/en/b1/009/data/grammar_009.runtime.json
SKIP (exists): content/grammar/en/b1/008/data/grammar_008.runtime.json
SKIP (exists): content/grammar/en/b1/001/data/grammar_001.runtime.json
SKIP (exists): content/grammar/en/b1/006/data/grammar_006.runtime.json
SKIP (exists): content/grammar/en/b1/011/data/grammar_011.runtime.json
SKIP (exists): content/grammar/en/b1/016/data/grammar_016.runtime.json
SKIP (exists): content/grammar/en/b1/010/data/grammar_010.runtime.json
SKIP (exists): content/grammar/en/b1/003/data/grammar_003.runtime.json
SKIP (exists): content/grammar/en/b1/004/data/grammar_004.runtime.json
SKIP (exists): content/grammar/en/b1/005/data/grammar_005.runtime.json
SKIP (exists): content/grammar/en/b1/002/data/grammar_002.runtime.json
SKIP (exists): content/grammar/en/a1/012/data/grammar_012.runtime.json
SKIP (exists): content/grammar/en/a1/007/data/grammar_007.runtime.json
SKIP (exists): content/grammar/en/a1/009/data/grammar_009.runtime.json
SKIP (exists): content/grammar/en/a1/008/data/grammar_008.runtime.json
SKIP (exists): content/grammar/en/a1/001/data/grammar_001.runtime.json
SKIP (exists): content/grammar/en/a1/006/data/grammar_006.runtime.json
SKIP (exists): content/grammar/en/a1/011/data/grammar_011.runtime.json
SKIP (exists): content/grammar/en/a1/010/data/grammar_010.runtime.json
SKIP (exists): content/grammar/en/a1/003/data/grammar_003.runtime.json
SKIP (exists): content/grammar/en/a1/004/data/grammar_004.runtime.json
SKIP (exists): content/grammar/en/a1/005/data/grammar_005.runtime.json
SKIP (exists): content/grammar/en/a1/002/data/grammar_002.runtime.json
SKIP (exists): content/grammar/en/c2/007/data/grammar_007.runtime.json
SKIP (exists): content/grammar/en/c2/008/data/grammar_008.runtime.json
SKIP (exists): content/grammar/en/c2/001/data/grammar_001.runtime.json
SKIP (exists): content/grammar/en/c2/006/data/grammar_006.runtime.json
SKIP (exists): content/grammar/en/c2/003/data/grammar_003.runtime.json
SKIP (exists): content/grammar/en/c2/004/data/grammar_004.runtime.json
SKIP (exists): content/grammar/en/c2/005/data/grammar_005.runtime.json
SKIP (exists): content/grammar/en/c2/002/data/grammar_002.runtime.json
SKIP (exists): content/.DS_Store
SKIP (exists): content/voca/.DS_Store
SKIP (exists): content/voca/pt/.DS_Store
SKIP (exists): content/voca/pt/b2/024/.DS_Store
SKIP (exists): content/voca/pt/b2/024/audio/voca_b2_024.cues.json
SKIP (exists): content/voca/pt/b2/024/audio/audio.wav
SKIP (exists): content/voca/pt/b2/024/data/data.json
SKIP (exists): content/voca/pt/b2/023/.DS_Store
SKIP (exists): content/voca/pt/b2/023/audio/voca_b2_023.cues.json
SKIP (exists): content/voca/pt/b2/023/audio/audio.wav
SKIP (exists): content/voca/pt/b2/023/data/data.json
SKIP (exists): content/voca/pt/b2/015/.DS_Store
SKIP (exists): content/voca/pt/b2/015/audio/audio.wav
SKIP (exists): content/voca/pt/b2/015/audio/voca_b2_015.cues.json
SKIP (exists): content/voca/pt/b2/015/data/data.json
SKIP (exists): content/voca/pt/b2/.DS_Store
SKIP (exists): content/voca/pt/b2/012/.DS_Store
SKIP (exists): content/voca/pt/b2/012/audio/voca_b2_012.cues.json
SKIP (exists): content/voca/pt/b2/012/audio/audio.wav
SKIP (exists): content/voca/pt/b2/012/data/data.json
SKIP (exists): content/voca/pt/b2/013/.DS_Store
SKIP (exists): content/voca/pt/b2/013/audio/voca_b2_013.cues.json
SKIP (exists): content/voca/pt/b2/013/audio/audio.wav
SKIP (exists): content/voca/pt/b2/013/data/data.json
SKIP (exists): content/voca/pt/b2/014/.DS_Store
SKIP (exists): content/voca/pt/b2/014/audio/voca_b2_014.cues.json
SKIP (exists): content/voca/pt/b2/014/audio/audio.wav
SKIP (exists): content/voca/pt/b2/014/data/data.json
SKIP (exists): content/voca/pt/b2/022/.DS_Store
SKIP (exists): content/voca/pt/b2/022/audio/voca_b2_022.cues.json
SKIP (exists): content/voca/pt/b2/022/audio/audio.wav
SKIP (exists): content/voca/pt/b2/022/data/data.json
SKIP (exists): content/voca/pt/b2/025/.DS_Store
SKIP (exists): content/voca/pt/b2/025/audio/voca_b2_025.cues.json
SKIP (exists): content/voca/pt/b2/025/audio/audio.wav
SKIP (exists): content/voca/pt/b2/025/data/data.json
SKIP (exists): content/voca/pt/b2/040/.DS_Store
SKIP (exists): content/voca/pt/b2/040/audio/voca_b2_040.cues.json
SKIP (exists): content/voca/pt/b2/040/audio/audio.wav
SKIP (exists): content/voca/pt/b2/040/data/data.json
SKIP (exists): content/voca/pt/b2/038/.DS_Store
SKIP (exists): content/voca/pt/b2/038/audio/voca_b2_038.cues.json
SKIP (exists): content/voca/pt/b2/038/audio/audio.wav
SKIP (exists): content/voca/pt/b2/038/data/data.json
SKIP (exists): content/voca/pt/b2/007/.DS_Store
SKIP (exists): content/voca/pt/b2/007/audio/voca_b2_007.cues.json
SKIP (exists): content/voca/pt/b2/007/audio/audio.wav
SKIP (exists): content/voca/pt/b2/007/data/data.json
SKIP (exists): content/voca/pt/b2/009/.DS_Store
SKIP (exists): content/voca/pt/b2/009/audio/voca_b2_009.cues.json
SKIP (exists): content/voca/pt/b2/009/audio/audio.wav
SKIP (exists): content/voca/pt/b2/009/data/data.json
SKIP (exists): content/voca/pt/b2/036/.DS_Store
SKIP (exists): content/voca/pt/b2/036/audio/voca_b2_036.cues.json
SKIP (exists): content/voca/pt/b2/036/audio/audio.wav
SKIP (exists): content/voca/pt/b2/036/data/data.json
SKIP (exists): content/voca/pt/b2/031/.DS_Store
SKIP (exists): content/voca/pt/b2/031/audio/voca_b2_031.cues.json
SKIP (exists): content/voca/pt/b2/031/audio/audio.wav
SKIP (exists): content/voca/pt/b2/031/data/data.json
SKIP (exists): content/voca/pt/b2/030/.DS_Store
SKIP (exists): content/voca/pt/b2/030/audio/voca_b2_030.cues.json
SKIP (exists): content/voca/pt/b2/030/audio/audio.wav
SKIP (exists): content/voca/pt/b2/030/data/data.json
SKIP (exists): content/voca/pt/b2/008/.DS_Store
SKIP (exists): content/voca/pt/b2/008/audio/voca_b2_008.cues.json
SKIP (exists): content/voca/pt/b2/008/audio/audio.wav
SKIP (exists): content/voca/pt/b2/008/data/data.json
SKIP (exists): content/voca/pt/b2/037/.DS_Store
SKIP (exists): content/voca/pt/b2/037/audio/voca_b2_037.cues.json
SKIP (exists): content/voca/pt/b2/037/audio/audio.wav
SKIP (exists): content/voca/pt/b2/037/data/data.json
SKIP (exists): content/voca/pt/b2/001/.DS_Store
SKIP (exists): content/voca/pt/b2/001/audio/audio.wav
SKIP (exists): content/voca/pt/b2/001/audio/voca_b2_001.cues.json
SKIP (exists): content/voca/pt/b2/001/data/data.json
SKIP (exists): content/voca/pt/b2/039/.DS_Store
SKIP (exists): content/voca/pt/b2/039/audio/audio.wav
SKIP (exists): content/voca/pt/b2/039/audio/voca_b2_039.cues.json
SKIP (exists): content/voca/pt/b2/039/data/data.json
SKIP (exists): content/voca/pt/b2/006/.DS_Store
SKIP (exists): content/voca/pt/b2/006/audio/voca_b2_006.cues.json
SKIP (exists): content/voca/pt/b2/006/audio/audio.wav
SKIP (exists): content/voca/pt/b2/006/data/data.json
SKIP (exists): content/voca/pt/b2/020/.DS_Store
SKIP (exists): content/voca/pt/b2/020/audio/audio.wav
SKIP (exists): content/voca/pt/b2/020/audio/voca_b2_020.cues.json
SKIP (exists): content/voca/pt/b2/020/data/data.json
SKIP (exists): content/voca/pt/b2/027/.DS_Store
SKIP (exists): content/voca/pt/b2/027/audio/voca_b2_027.cues.json
SKIP (exists): content/voca/pt/b2/027/audio/audio.wav
SKIP (exists): content/voca/pt/b2/027/data/data.json
SKIP (exists): content/voca/pt/b2/018/.DS_Store
SKIP (exists): content/voca/pt/b2/018/audio/voca_b2_018.cues.json
SKIP (exists): content/voca/pt/b2/018/audio/audio.wav
SKIP (exists): content/voca/pt/b2/018/data/data.json
SKIP (exists): content/voca/pt/b2/011/.DS_Store
SKIP (exists): content/voca/pt/b2/011/audio/voca_b2_011.cues.json
SKIP (exists): content/voca/pt/b2/011/audio/audio.wav
SKIP (exists): content/voca/pt/b2/011/data/data.json
SKIP (exists): content/voca/pt/b2/016/.DS_Store
SKIP (exists): content/voca/pt/b2/016/audio/voca_b2_016.cues.json
SKIP (exists): content/voca/pt/b2/016/audio/audio.wav
SKIP (exists): content/voca/pt/b2/016/data/data.json
SKIP (exists): content/voca/pt/b2/029/.DS_Store
SKIP (exists): content/voca/pt/b2/029/audio/voca_b2_029.cues.json
SKIP (exists): content/voca/pt/b2/029/audio/audio.wav
SKIP (exists): content/voca/pt/b2/029/data/data.json
SKIP (exists): content/voca/pt/b2/017/.DS_Store
SKIP (exists): content/voca/pt/b2/017/audio/voca_b2_017.cues.json
SKIP (exists): content/voca/pt/b2/017/audio/audio.wav
SKIP (exists): content/voca/pt/b2/017/data/data.json
SKIP (exists): content/voca/pt/b2/028/.DS_Store
SKIP (exists): content/voca/pt/b2/028/audio/voca_b2_028.cues.json
SKIP (exists): content/voca/pt/b2/028/audio/audio.wav
SKIP (exists): content/voca/pt/b2/028/data/data.json
SKIP (exists): content/voca/pt/b2/010/.DS_Store
SKIP (exists): content/voca/pt/b2/010/audio/voca_b2_010.cues.json
SKIP (exists): content/voca/pt/b2/010/audio/audio.wav
SKIP (exists): content/voca/pt/b2/010/data/data.json
SKIP (exists): content/voca/pt/b2/026/.DS_Store
SKIP (exists): content/voca/pt/b2/026/audio/voca_b2_026.cues.json
SKIP (exists): content/voca/pt/b2/026/audio/audio.wav
SKIP (exists): content/voca/pt/b2/026/data/data.json
SKIP (exists): content/voca/pt/b2/019/.DS_Store
SKIP (exists): content/voca/pt/b2/019/audio/voca_b2_019.cues.json
SKIP (exists): content/voca/pt/b2/019/audio/audio.wav
SKIP (exists): content/voca/pt/b2/019/data/data.json
SKIP (exists): content/voca/pt/b2/021/.DS_Store
SKIP (exists): content/voca/pt/b2/021/audio/voca_b2_021.cues.json
SKIP (exists): content/voca/pt/b2/021/audio/audio.wav
SKIP (exists): content/voca/pt/b2/021/data/data.json
SKIP (exists): content/voca/pt/b2/003/.DS_Store
SKIP (exists): content/voca/pt/b2/003/audio/voca_b2_003.cues.json
SKIP (exists): content/voca/pt/b2/003/audio/audio.wav
SKIP (exists): content/voca/pt/b2/003/data/data.json
SKIP (exists): content/voca/pt/b2/004/.DS_Store
SKIP (exists): content/voca/pt/b2/004/audio/voca_b2_004.cues.json
SKIP (exists): content/voca/pt/b2/004/audio/audio.wav
SKIP (exists): content/voca/pt/b2/004/data/data.json
SKIP (exists): content/voca/pt/b2/032/.DS_Store
SKIP (exists): content/voca/pt/b2/032/audio/voca_b2_032.cues.json
SKIP (exists): content/voca/pt/b2/032/audio/audio.wav
SKIP (exists): content/voca/pt/b2/032/data/data.json
SKIP (exists): content/voca/pt/b2/035/.DS_Store
SKIP (exists): content/voca/pt/b2/035/audio/voca_b2_035.cues.json
SKIP (exists): content/voca/pt/b2/035/audio/audio.wav
SKIP (exists): content/voca/pt/b2/035/data/data.json
SKIP (exists): content/voca/pt/b2/034/.DS_Store
SKIP (exists): content/voca/pt/b2/034/audio/audio.wav
SKIP (exists): content/voca/pt/b2/034/audio/voca_b2_034.cues.json
SKIP (exists): content/voca/pt/b2/034/data/data.json
SKIP (exists): content/voca/pt/b2/033/.DS_Store
SKIP (exists): content/voca/pt/b2/033/audio/voca_b2_033.cues.json
SKIP (exists): content/voca/pt/b2/033/audio/audio.wav
SKIP (exists): content/voca/pt/b2/033/data/data.json
SKIP (exists): content/voca/pt/b2/005/.DS_Store
SKIP (exists): content/voca/pt/b2/005/audio/voca_b2_005.cues.json
SKIP (exists): content/voca/pt/b2/005/audio/audio.wav
SKIP (exists): content/voca/pt/b2/005/data/data.json
SKIP (exists): content/voca/pt/b2/002/.DS_Store
SKIP (exists): content/voca/pt/b2/002/audio/voca_b2_002.cues.json
SKIP (exists): content/voca/pt/b2/002/audio/audio.wav
SKIP (exists): content/voca/pt/b2/002/data/data.json
SKIP (exists): content/voca/pt/a2/024/.DS_Store
SKIP (exists): content/voca/pt/a2/024/audio/voca_a2_024.cues.json
SKIP (exists): content/voca/pt/a2/024/audio/audio.wav
SKIP (exists): content/voca/pt/a2/024/data/data.json
SKIP (exists): content/voca/pt/a2/023/.DS_Store
SKIP (exists): content/voca/pt/a2/023/audio/voca_a2_023.cues.json
SKIP (exists): content/voca/pt/a2/023/audio/audio.wav
SKIP (exists): content/voca/pt/a2/023/data/data.json
SKIP (exists): content/voca/pt/a2/015/.DS_Store
SKIP (exists): content/voca/pt/a2/015/audio/voca_a2_015.cues.json
SKIP (exists): content/voca/pt/a2/015/audio/audio.wav
SKIP (exists): content/voca/pt/a2/015/data/data.json
SKIP (exists): content/voca/pt/a2/.DS_Store
SKIP (exists): content/voca/pt/a2/012/.DS_Store
SKIP (exists): content/voca/pt/a2/012/audio/voca_a2_012.cues.json
SKIP (exists): content/voca/pt/a2/012/audio/audio.wav
SKIP (exists): content/voca/pt/a2/012/data/data.json
SKIP (exists): content/voca/pt/a2/013/.DS_Store
SKIP (exists): content/voca/pt/a2/013/audio/voca_a2_013.cues.json
SKIP (exists): content/voca/pt/a2/013/audio/audio.wav
SKIP (exists): content/voca/pt/a2/013/data/data.json
SKIP (exists): content/voca/pt/a2/014/.DS_Store
SKIP (exists): content/voca/pt/a2/014/audio/audio.wav
SKIP (exists): content/voca/pt/a2/014/audio/voca_a2_014.cues.json
SKIP (exists): content/voca/pt/a2/014/data/data.json
SKIP (exists): content/voca/pt/a2/022/.DS_Store
SKIP (exists): content/voca/pt/a2/022/audio/voca_a2_022.cues.json
SKIP (exists): content/voca/pt/a2/022/audio/audio.wav
SKIP (exists): content/voca/pt/a2/022/data/data.json
SKIP (exists): content/voca/pt/a2/025/.DS_Store
SKIP (exists): content/voca/pt/a2/025/audio/voca_a2_025.cues.json
SKIP (exists): content/voca/pt/a2/025/audio/audio.wav
SKIP (exists): content/voca/pt/a2/025/data/data.json
SKIP (exists): content/voca/pt/a2/040/.DS_Store
SKIP (exists): content/voca/pt/a2/040/audio/voca_a2_040.cues.json
SKIP (exists): content/voca/pt/a2/040/audio/audio.wav
SKIP (exists): content/voca/pt/a2/040/data/data.json
SKIP (exists): content/voca/pt/a2/038/.DS_Store
SKIP (exists): content/voca/pt/a2/038/audio/voca_a2_038.cues.json
SKIP (exists): content/voca/pt/a2/038/audio/audio.wav
SKIP (exists): content/voca/pt/a2/038/data/data.json
SKIP (exists): content/voca/pt/a2/007/.DS_Store
SKIP (exists): content/voca/pt/a2/007/audio/voca_a2_007.cues.json
SKIP (exists): content/voca/pt/a2/007/audio/audio.wav
SKIP (exists): content/voca/pt/a2/007/data/data.json
SKIP (exists): content/voca/pt/a2/009/.DS_Store
SKIP (exists): content/voca/pt/a2/009/audio/voca_a2_009.cues.json
SKIP (exists): content/voca/pt/a2/009/audio/audio.wav
SKIP (exists): content/voca/pt/a2/009/data/data.json
SKIP (exists): content/voca/pt/a2/036/.DS_Store
SKIP (exists): content/voca/pt/a2/036/audio/voca_a2_036.cues.json
SKIP (exists): content/voca/pt/a2/036/audio/audio.wav
SKIP (exists): content/voca/pt/a2/036/data/data.json
SKIP (exists): content/voca/pt/a2/031/.DS_Store
SKIP (exists): content/voca/pt/a2/031/audio/voca_a2_031.cues.json
SKIP (exists): content/voca/pt/a2/031/audio/audio.wav
SKIP (exists): content/voca/pt/a2/031/data/data.json
SKIP (exists): content/voca/pt/a2/030/.DS_Store
SKIP (exists): content/voca/pt/a2/030/audio/voca_a2_030.cues.json
SKIP (exists): content/voca/pt/a2/030/audio/audio.wav
SKIP (exists): content/voca/pt/a2/030/data/data.json
SKIP (exists): content/voca/pt/a2/008/.DS_Store
SKIP (exists): content/voca/pt/a2/008/audio/voca_a2_008.cues.json
SKIP (exists): content/voca/pt/a2/008/audio/audio.wav
SKIP (exists): content/voca/pt/a2/008/data/data.json
SKIP (exists): content/voca/pt/a2/037/.DS_Store
SKIP (exists): content/voca/pt/a2/037/audio/voca_a2_037.cues.json
SKIP (exists): content/voca/pt/a2/037/audio/audio.wav
SKIP (exists): content/voca/pt/a2/037/data/data.json
SKIP (exists): content/voca/pt/a2/001/.DS_Store
SKIP (exists): content/voca/pt/a2/001/audio/voca_a2_001.cues.json
SKIP (exists): content/voca/pt/a2/001/audio/audio.wav
SKIP (exists): content/voca/pt/a2/001/data/data.json
SKIP (exists): content/voca/pt/a2/039/.DS_Store
SKIP (exists): content/voca/pt/a2/039/audio/voca_a2_039.cues.json
SKIP (exists): content/voca/pt/a2/039/audio/audio.wav
SKIP (exists): content/voca/pt/a2/039/data/data.json
SKIP (exists): content/voca/pt/a2/006/.DS_Store
SKIP (exists): content/voca/pt/a2/006/audio/voca_a2_006.cues.json
SKIP (exists): content/voca/pt/a2/006/audio/audio.wav
SKIP (exists): content/voca/pt/a2/006/data/data.json
SKIP (exists): content/voca/pt/a2/020/.DS_Store
SKIP (exists): content/voca/pt/a2/020/audio/voca_a2_020.cues.json
SKIP (exists): content/voca/pt/a2/020/audio/audio.wav
SKIP (exists): content/voca/pt/a2/020/data/data.json
SKIP (exists): content/voca/pt/a2/027/.DS_Store
SKIP (exists): content/voca/pt/a2/027/audio/voca_a2_027.cues.json
SKIP (exists): content/voca/pt/a2/027/audio/audio.wav
SKIP (exists): content/voca/pt/a2/027/data/data.json
SKIP (exists): content/voca/pt/a2/018/.DS_Store
SKIP (exists): content/voca/pt/a2/018/audio/voca_a2_018.cues.json
SKIP (exists): content/voca/pt/a2/018/audio/audio.wav
SKIP (exists): content/voca/pt/a2/018/data/data.json
SKIP (exists): content/voca/pt/a2/011/.DS_Store
SKIP (exists): content/voca/pt/a2/011/audio/voca_a2_011.cues.json
SKIP (exists): content/voca/pt/a2/011/audio/audio.wav
SKIP (exists): content/voca/pt/a2/011/data/data.json
SKIP (exists): content/voca/pt/a2/016/.DS_Store
SKIP (exists): content/voca/pt/a2/016/audio/voca_a2_016.cues.json
SKIP (exists): content/voca/pt/a2/016/audio/audio.wav
SKIP (exists): content/voca/pt/a2/016/data/data.json
SKIP (exists): content/voca/pt/a2/029/.DS_Store
SKIP (exists): content/voca/pt/a2/029/audio/voca_a2_029.cues.json
SKIP (exists): content/voca/pt/a2/029/audio/audio.wav
SKIP (exists): content/voca/pt/a2/029/data/data.json
SKIP (exists): content/voca/pt/a2/017/.DS_Store
SKIP (exists): content/voca/pt/a2/017/audio/voca_a2_017.cues.json
SKIP (exists): content/voca/pt/a2/017/audio/audio.wav
SKIP (exists): content/voca/pt/a2/017/data/data.json
SKIP (exists): content/voca/pt/a2/028/.DS_Store
SKIP (exists): content/voca/pt/a2/028/audio/voca_a2_028.cues.json
SKIP (exists): content/voca/pt/a2/028/audio/audio.wav
SKIP (exists): content/voca/pt/a2/028/data/data.json
SKIP (exists): content/voca/pt/a2/010/.DS_Store
SKIP (exists): content/voca/pt/a2/010/audio/voca_a2_010.cues.json
SKIP (exists): content/voca/pt/a2/010/audio/audio.wav
SKIP (exists): content/voca/pt/a2/010/data/data.json
SKIP (exists): content/voca/pt/a2/026/.DS_Store
SKIP (exists): content/voca/pt/a2/026/audio/voca_a2_026.cues.json
SKIP (exists): content/voca/pt/a2/026/audio/audio.wav
SKIP (exists): content/voca/pt/a2/026/data/data.json
SKIP (exists): content/voca/pt/a2/019/.DS_Store
SKIP (exists): content/voca/pt/a2/019/audio/audio.wav
SKIP (exists): content/voca/pt/a2/019/audio/voca_a2_019.cues.json
SKIP (exists): content/voca/pt/a2/019/data/data.json
SKIP (exists): content/voca/pt/a2/021/.DS_Store
SKIP (exists): content/voca/pt/a2/021/audio/audio.wav
SKIP (exists): content/voca/pt/a2/021/audio/voca_a2_021.cues.json
SKIP (exists): content/voca/pt/a2/021/data/data.json
SKIP (exists): content/voca/pt/a2/003/.DS_Store
SKIP (exists): content/voca/pt/a2/003/audio/voca_a2_003.cues.json
SKIP (exists): content/voca/pt/a2/003/audio/audio.wav
SKIP (exists): content/voca/pt/a2/003/data/data.json
SKIP (exists): content/voca/pt/a2/004/.DS_Store
SKIP (exists): content/voca/pt/a2/004/audio/voca_a2_004.cues.json
SKIP (exists): content/voca/pt/a2/004/audio/audio.wav
SKIP (exists): content/voca/pt/a2/004/data/data.json
SKIP (exists): content/voca/pt/a2/032/.DS_Store
SKIP (exists): content/voca/pt/a2/032/audio/voca_a2_032.cues.json
SKIP (exists): content/voca/pt/a2/032/audio/audio.wav
SKIP (exists): content/voca/pt/a2/032/data/data.json
SKIP (exists): content/voca/pt/a2/035/.DS_Store
SKIP (exists): content/voca/pt/a2/035/audio/audio.wav
SKIP (exists): content/voca/pt/a2/035/audio/voca_a2_035.cues.json
SKIP (exists): content/voca/pt/a2/035/data/data.json
SKIP (exists): content/voca/pt/a2/034/.DS_Store
SKIP (exists): content/voca/pt/a2/034/audio/voca_a2_034.cues.json
SKIP (exists): content/voca/pt/a2/034/audio/audio.wav
SKIP (exists): content/voca/pt/a2/034/data/data.json
SKIP (exists): content/voca/pt/a2/033/.DS_Store
SKIP (exists): content/voca/pt/a2/033/audio/voca_a2_033.cues.json
SKIP (exists): content/voca/pt/a2/033/audio/audio.wav
SKIP (exists): content/voca/pt/a2/033/data/data.json
SKIP (exists): content/voca/pt/a2/005/.DS_Store
SKIP (exists): content/voca/pt/a2/005/audio/voca_a2_005.cues.json
SKIP (exists): content/voca/pt/a2/005/audio/audio.wav
SKIP (exists): content/voca/pt/a2/005/data/data.json
SKIP (exists): content/voca/pt/a2/002/.DS_Store
SKIP (exists): content/voca/pt/a2/002/audio/voca_a2_002.cues.json
SKIP (exists): content/voca/pt/a2/002/audio/audio.wav
SKIP (exists): content/voca/pt/a2/002/data/data.json
SKIP (exists): content/voca/pt/c1/015/.DS_Store
SKIP (exists): content/voca/pt/c1/015/audio/audio.wav
SKIP (exists): content/voca/pt/c1/015/audio/voca_c1_015.cues.json
SKIP (exists): content/voca/pt/c1/015/data/data.json
SKIP (exists): content/voca/pt/c1/.DS_Store
SKIP (exists): content/voca/pt/c1/012/.DS_Store
SKIP (exists): content/voca/pt/c1/012/audio/voca_c1_012.cues.json
SKIP (exists): content/voca/pt/c1/012/audio/audio.wav
SKIP (exists): content/voca/pt/c1/012/data/data.json
SKIP (exists): content/voca/pt/c1/013/.DS_Store
SKIP (exists): content/voca/pt/c1/013/audio/voca_c1_013.cues.json
SKIP (exists): content/voca/pt/c1/013/audio/audio.wav
SKIP (exists): content/voca/pt/c1/013/data/data.json
SKIP (exists): content/voca/pt/c1/014/.DS_Store
SKIP (exists): content/voca/pt/c1/014/audio/voca_c1_014.cues.json
SKIP (exists): content/voca/pt/c1/014/audio/audio.wav
SKIP (exists): content/voca/pt/c1/014/data/data.json
SKIP (exists): content/voca/pt/c1/007/.DS_Store
SKIP (exists): content/voca/pt/c1/007/audio/voca_c1_007.cues.json
SKIP (exists): content/voca/pt/c1/007/audio/audio.wav
SKIP (exists): content/voca/pt/c1/007/data/data.json
SKIP (exists): content/voca/pt/c1/009/.DS_Store
SKIP (exists): content/voca/pt/c1/009/audio/voca_c1_009.cues.json
SKIP (exists): content/voca/pt/c1/009/audio/audio.wav
SKIP (exists): content/voca/pt/c1/009/data/data.json
SKIP (exists): content/voca/pt/c1/008/.DS_Store
SKIP (exists): content/voca/pt/c1/008/audio/voca_c1_008.cues.json
SKIP (exists): content/voca/pt/c1/008/audio/audio.wav
SKIP (exists): content/voca/pt/c1/008/data/data.json
SKIP (exists): content/voca/pt/c1/001/.DS_Store
SKIP (exists): content/voca/pt/c1/001/audio/audio.wav
SKIP (exists): content/voca/pt/c1/001/audio/voca_c1_001.cues.json
SKIP (exists): content/voca/pt/c1/001/data/data.json
SKIP (exists): content/voca/pt/c1/006/.DS_Store
SKIP (exists): content/voca/pt/c1/006/audio/voca_c1_006.cues.json
SKIP (exists): content/voca/pt/c1/006/audio/audio.wav
SKIP (exists): content/voca/pt/c1/006/data/data.json
SKIP (exists): content/voca/pt/c1/020/.DS_Store
SKIP (exists): content/voca/pt/c1/020/audio/audio.wav
SKIP (exists): content/voca/pt/c1/020/audio/voca_c1_020.cues.json
SKIP (exists): content/voca/pt/c1/020/data/data.json
SKIP (exists): content/voca/pt/c1/018/.DS_Store
SKIP (exists): content/voca/pt/c1/018/audio/audio.wav
SKIP (exists): content/voca/pt/c1/018/audio/voca_c1_018.cues.json
SKIP (exists): content/voca/pt/c1/018/data/data.json
SKIP (exists): content/voca/pt/c1/011/.DS_Store
SKIP (exists): content/voca/pt/c1/011/audio/voca_c1_011.cues.json
SKIP (exists): content/voca/pt/c1/011/audio/audio.wav
SKIP (exists): content/voca/pt/c1/011/data/data.json
SKIP (exists): content/voca/pt/c1/016/.DS_Store
SKIP (exists): content/voca/pt/c1/016/audio/voca_c1_016.cues.json
SKIP (exists): content/voca/pt/c1/016/audio/audio.wav
SKIP (exists): content/voca/pt/c1/016/data/data.json
SKIP (exists): content/voca/pt/c1/017/.DS_Store
SKIP (exists): content/voca/pt/c1/017/audio/voca_c1_017.cues.json
SKIP (exists): content/voca/pt/c1/017/audio/audio.wav
SKIP (exists): content/voca/pt/c1/017/data/data.json
SKIP (exists): content/voca/pt/c1/010/.DS_Store
SKIP (exists): content/voca/pt/c1/010/audio/voca_c1_010.cues.json
SKIP (exists): content/voca/pt/c1/010/audio/audio.wav
SKIP (exists): content/voca/pt/c1/010/data/data.json
SKIP (exists): content/voca/pt/c1/019/.DS_Store
SKIP (exists): content/voca/pt/c1/019/audio/voca_c1_019.cues.json
SKIP (exists): content/voca/pt/c1/019/audio/audio.wav
SKIP (exists): content/voca/pt/c1/019/data/data.json
SKIP (exists): content/voca/pt/c1/003/.DS_Store
SKIP (exists): content/voca/pt/c1/003/audio/voca_c1_003.cues.json
SKIP (exists): content/voca/pt/c1/003/audio/audio.wav
SKIP (exists): content/voca/pt/c1/003/data/data.json
SKIP (exists): content/voca/pt/c1/004/.DS_Store
SKIP (exists): content/voca/pt/c1/004/audio/voca_c1_004.cues.json
SKIP (exists): content/voca/pt/c1/004/audio/audio.wav
SKIP (exists): content/voca/pt/c1/004/data/data.json
SKIP (exists): content/voca/pt/c1/005/.DS_Store
SKIP (exists): content/voca/pt/c1/005/audio/voca_c1_005.cues.json
SKIP (exists): content/voca/pt/c1/005/audio/audio.wav
SKIP (exists): content/voca/pt/c1/005/data/data.json
SKIP (exists): content/voca/pt/c1/002/.DS_Store
SKIP (exists): content/voca/pt/c1/002/audio/voca_c1_002.cues.json
SKIP (exists): content/voca/pt/c1/002/audio/audio.wav
SKIP (exists): content/voca/pt/c1/002/data/data.json
SKIP (exists): content/voca/pt/b1/024/.DS_Store
SKIP (exists): content/voca/pt/b1/024/audio/voca_b1_024.cues.json
SKIP (exists): content/voca/pt/b1/024/audio/audio.wav
SKIP (exists): content/voca/pt/b1/024/data/data.json
SKIP (exists): content/voca/pt/b1/023/.DS_Store
SKIP (exists): content/voca/pt/b1/023/audio/voca_b1_023.cues.json
SKIP (exists): content/voca/pt/b1/023/audio/audio.wav
SKIP (exists): content/voca/pt/b1/023/data/data.json
SKIP (exists): content/voca/pt/b1/015/.DS_Store
SKIP (exists): content/voca/pt/b1/015/audio/voca_b1_015.cues.json
SKIP (exists): content/voca/pt/b1/015/audio/audio.wav
SKIP (exists): content/voca/pt/b1/015/data/data.json
SKIP (exists): content/voca/pt/b1/.DS_Store
SKIP (exists): content/voca/pt/b1/012/.DS_Store
SKIP (exists): content/voca/pt/b1/012/audio/voca_b1_012.cues.json
SKIP (exists): content/voca/pt/b1/012/audio/audio.wav
SKIP (exists): content/voca/pt/b1/012/data/data.json
SKIP (exists): content/voca/pt/b1/046/.DS_Store
SKIP (exists): content/voca/pt/b1/046/audio/voca_b1_046.cues.json
SKIP (exists): content/voca/pt/b1/046/audio/audio.wav
SKIP (exists): content/voca/pt/b1/046/data/data.json
SKIP (exists): content/voca/pt/b1/041/.DS_Store
SKIP (exists): content/voca/pt/b1/041/audio/voca_b1_041.cues.json
SKIP (exists): content/voca/pt/b1/041/audio/audio.wav
SKIP (exists): content/voca/pt/b1/041/data/data.json
SKIP (exists): content/voca/pt/b1/048/.DS_Store
SKIP (exists): content/voca/pt/b1/048/audio/voca_b1_048.cues.json
SKIP (exists): content/voca/pt/b1/048/audio/audio.wav
SKIP (exists): content/voca/pt/b1/048/data/data.json
SKIP (exists): content/voca/pt/b1/013/.DS_Store
SKIP (exists): content/voca/pt/b1/013/audio/audio.wav
SKIP (exists): content/voca/pt/b1/013/audio/voca_b1_013.cues.json
SKIP (exists): content/voca/pt/b1/013/data/data.json
SKIP (exists): content/voca/pt/b1/014/.DS_Store
SKIP (exists): content/voca/pt/b1/014/audio/voca_b1_014.cues.json
SKIP (exists): content/voca/pt/b1/014/audio/audio.wav
SKIP (exists): content/voca/pt/b1/014/data/data.json
SKIP (exists): content/voca/pt/b1/022/.DS_Store
SKIP (exists): content/voca/pt/b1/022/audio/voca_b1_022.cues.json
SKIP (exists): content/voca/pt/b1/022/audio/audio.wav
SKIP (exists): content/voca/pt/b1/022/data/data.json
SKIP (exists): content/voca/pt/b1/025/.DS_Store
SKIP (exists): content/voca/pt/b1/025/audio/voca_b1_025.cues.json
SKIP (exists): content/voca/pt/b1/025/audio/audio.wav
SKIP (exists): content/voca/pt/b1/025/data/data.json
SKIP (exists): content/voca/pt/b1/049/.DS_Store
SKIP (exists): content/voca/pt/b1/049/audio/voca_b1_049.cues.json
SKIP (exists): content/voca/pt/b1/049/audio/audio.wav
SKIP (exists): content/voca/pt/b1/049/data/data.json
SKIP (exists): content/voca/pt/b1/040/.DS_Store
SKIP (exists): content/voca/pt/b1/040/audio/voca_b1_040.cues.json
SKIP (exists): content/voca/pt/b1/040/audio/audio.wav
SKIP (exists): content/voca/pt/b1/040/data/data.json
SKIP (exists): content/voca/pt/b1/047/.DS_Store
SKIP (exists): content/voca/pt/b1/047/audio/voca_b1_047.cues.json
SKIP (exists): content/voca/pt/b1/047/audio/audio.wav
SKIP (exists): content/voca/pt/b1/047/data/data.json
SKIP (exists): content/voca/pt/b1/038/.DS_Store
SKIP (exists): content/voca/pt/b1/038/audio/voca_b1_038.cues.json
SKIP (exists): content/voca/pt/b1/038/audio/audio.wav
SKIP (exists): content/voca/pt/b1/038/data/data.json
SKIP (exists): content/voca/pt/b1/007/.DS_Store
SKIP (exists): content/voca/pt/b1/007/audio/audio.wav
SKIP (exists): content/voca/pt/b1/007/audio/voca_b1_007.cues.json
SKIP (exists): content/voca/pt/b1/007/data/data.json
SKIP (exists): content/voca/pt/b1/009/.DS_Store
SKIP (exists): content/voca/pt/b1/009/audio/voca_b1_009.cues.json
SKIP (exists): content/voca/pt/b1/009/audio/audio.wav
SKIP (exists): content/voca/pt/b1/009/data/data.json
SKIP (exists): content/voca/pt/b1/036/.DS_Store
SKIP (exists): content/voca/pt/b1/036/audio/voca_b1_036.cues.json
SKIP (exists): content/voca/pt/b1/036/audio/audio.wav
SKIP (exists): content/voca/pt/b1/036/data/data.json
SKIP (exists): content/voca/pt/b1/031/.DS_Store
SKIP (exists): content/voca/pt/b1/031/audio/voca_b1_031.cues.json
SKIP (exists): content/voca/pt/b1/031/audio/audio.wav
SKIP (exists): content/voca/pt/b1/031/data/data.json
SKIP (exists): content/voca/pt/b1/030/.DS_Store
SKIP (exists): content/voca/pt/b1/030/audio/voca_b1_030.cues.json
SKIP (exists): content/voca/pt/b1/030/audio/audio.wav
SKIP (exists): content/voca/pt/b1/030/data/data.json
SKIP (exists): content/voca/pt/b1/008/.DS_Store
SKIP (exists): content/voca/pt/b1/008/audio/voca_b1_008.cues.json
SKIP (exists): content/voca/pt/b1/008/audio/audio.wav
SKIP (exists): content/voca/pt/b1/008/data/data.json
SKIP (exists): content/voca/pt/b1/037/.DS_Store
SKIP (exists): content/voca/pt/b1/037/audio/voca_b1_037.cues.json
SKIP (exists): content/voca/pt/b1/037/audio/audio.wav
SKIP (exists): content/voca/pt/b1/037/data/data.json
SKIP (exists): content/voca/pt/b1/001/.DS_Store
SKIP (exists): content/voca/pt/b1/001/audio/voca_b1_001.cues.json
SKIP (exists): content/voca/pt/b1/001/audio/audio.wav
SKIP (exists): content/voca/pt/b1/001/data/data.json
SKIP (exists): content/voca/pt/b1/039/.DS_Store
SKIP (exists): content/voca/pt/b1/039/audio/voca_b1_039.cues.json
SKIP (exists): content/voca/pt/b1/039/audio/audio.wav
SKIP (exists): content/voca/pt/b1/039/data/data.json
SKIP (exists): content/voca/pt/b1/006/.DS_Store
SKIP (exists): content/voca/pt/b1/006/audio/voca_b1_006.cues.json
SKIP (exists): content/voca/pt/b1/006/audio/audio.wav
SKIP (exists): content/voca/pt/b1/006/data/data.json
SKIP (exists): content/voca/pt/b1/042/.DS_Store
SKIP (exists): content/voca/pt/b1/042/audio/voca_b1_042.cues.json
SKIP (exists): content/voca/pt/b1/042/audio/audio.wav
SKIP (exists): content/voca/pt/b1/042/data/data.json
SKIP (exists): content/voca/pt/b1/045/.DS_Store
SKIP (exists): content/voca/pt/b1/045/audio/audio.wav
SKIP (exists): content/voca/pt/b1/045/audio/voca_b1_045.cues.json
SKIP (exists): content/voca/pt/b1/045/data/data.json
SKIP (exists): content/voca/pt/b1/020/.DS_Store
SKIP (exists): content/voca/pt/b1/020/audio/voca_b1_020.cues.json
SKIP (exists): content/voca/pt/b1/020/audio/audio.wav
SKIP (exists): content/voca/pt/b1/020/data/data.json
SKIP (exists): content/voca/pt/b1/027/.DS_Store
SKIP (exists): content/voca/pt/b1/027/audio/voca_b1_027.cues.json
SKIP (exists): content/voca/pt/b1/027/audio/audio.wav
SKIP (exists): content/voca/pt/b1/027/data/data.json
SKIP (exists): content/voca/pt/b1/018/.DS_Store
SKIP (exists): content/voca/pt/b1/018/audio/voca_b1_018.cues.json
SKIP (exists): content/voca/pt/b1/018/audio/audio.wav
SKIP (exists): content/voca/pt/b1/018/data/data.json
SKIP (exists): content/voca/pt/b1/011/.DS_Store
SKIP (exists): content/voca/pt/b1/011/audio/voca_b1_011.cues.json
SKIP (exists): content/voca/pt/b1/011/audio/audio.wav
SKIP (exists): content/voca/pt/b1/011/data/data.json
SKIP (exists): content/voca/pt/b1/016/.DS_Store
SKIP (exists): content/voca/pt/b1/016/audio/voca_b1_016.cues.json
SKIP (exists): content/voca/pt/b1/016/audio/audio.wav
SKIP (exists): content/voca/pt/b1/016/data/data.json
SKIP (exists): content/voca/pt/b1/029/.DS_Store
SKIP (exists): content/voca/pt/b1/029/audio/voca_b1_029.cues.json
SKIP (exists): content/voca/pt/b1/029/audio/audio.wav
SKIP (exists): content/voca/pt/b1/029/data/data.json
SKIP (exists): content/voca/pt/b1/044/.DS_Store
SKIP (exists): content/voca/pt/b1/044/audio/voca_b1_044.cues.json
SKIP (exists): content/voca/pt/b1/044/audio/audio.wav
SKIP (exists): content/voca/pt/b1/044/data/data.json
SKIP (exists): content/voca/pt/b1/043/.DS_Store
SKIP (exists): content/voca/pt/b1/043/audio/voca_b1_043.cues.json
SKIP (exists): content/voca/pt/b1/043/audio/audio.wav
SKIP (exists): content/voca/pt/b1/043/data/data.json
SKIP (exists): content/voca/pt/b1/017/.DS_Store
SKIP (exists): content/voca/pt/b1/017/audio/voca_b1_017.cues.json
SKIP (exists): content/voca/pt/b1/017/audio/audio.wav
SKIP (exists): content/voca/pt/b1/017/data/data.json
SKIP (exists): content/voca/pt/b1/028/.DS_Store
SKIP (exists): content/voca/pt/b1/028/audio/voca_b1_028.cues.json
SKIP (exists): content/voca/pt/b1/028/audio/audio.wav
SKIP (exists): content/voca/pt/b1/028/data/data.json
SKIP (exists): content/voca/pt/b1/010/.DS_Store
SKIP (exists): content/voca/pt/b1/010/audio/voca_b1_010.cues.json
SKIP (exists): content/voca/pt/b1/010/audio/audio.wav
SKIP (exists): content/voca/pt/b1/010/data/data.json
SKIP (exists): content/voca/pt/b1/026/.DS_Store
SKIP (exists): content/voca/pt/b1/026/audio/voca_b1_026.cues.json
SKIP (exists): content/voca/pt/b1/026/audio/audio.wav
SKIP (exists): content/voca/pt/b1/026/data/data.json
SKIP (exists): content/voca/pt/b1/019/.DS_Store
SKIP (exists): content/voca/pt/b1/019/audio/voca_b1_019.cues.json
SKIP (exists): content/voca/pt/b1/019/audio/audio.wav
SKIP (exists): content/voca/pt/b1/019/data/data.json
SKIP (exists): content/voca/pt/b1/021/.DS_Store
SKIP (exists): content/voca/pt/b1/021/audio/voca_b1_021.cues.json
SKIP (exists): content/voca/pt/b1/021/audio/audio.wav
SKIP (exists): content/voca/pt/b1/021/data/data.json
SKIP (exists): content/voca/pt/b1/003/.DS_Store
SKIP (exists): content/voca/pt/b1/003/audio/voca_b1_003.cues.json
SKIP (exists): content/voca/pt/b1/003/audio/audio.wav
SKIP (exists): content/voca/pt/b1/003/data/data.json
SKIP (exists): content/voca/pt/b1/004/.DS_Store
SKIP (exists): content/voca/pt/b1/004/audio/voca_b1_004.cues.json
SKIP (exists): content/voca/pt/b1/004/audio/audio.wav
SKIP (exists): content/voca/pt/b1/004/data/data.json
SKIP (exists): content/voca/pt/b1/032/.DS_Store
SKIP (exists): content/voca/pt/b1/032/audio/voca_b1_032.cues.json
SKIP (exists): content/voca/pt/b1/032/audio/audio.wav
SKIP (exists): content/voca/pt/b1/032/data/data.json
SKIP (exists): content/voca/pt/b1/035/.DS_Store
SKIP (exists): content/voca/pt/b1/035/audio/voca_b1_035.cues.json
SKIP (exists): content/voca/pt/b1/035/audio/audio.wav
SKIP (exists): content/voca/pt/b1/035/data/data.json
SKIP (exists): content/voca/pt/b1/050/.DS_Store
SKIP (exists): content/voca/pt/b1/050/audio/voca_b1_050.cues.json
SKIP (exists): content/voca/pt/b1/050/audio/audio.wav
SKIP (exists): content/voca/pt/b1/050/data/data.json
SKIP (exists): content/voca/pt/b1/034/.DS_Store
SKIP (exists): content/voca/pt/b1/034/audio/voca_b1_034.cues.json
SKIP (exists): content/voca/pt/b1/034/audio/audio.wav
SKIP (exists): content/voca/pt/b1/034/data/data.json
SKIP (exists): content/voca/pt/b1/033/.DS_Store
SKIP (exists): content/voca/pt/b1/033/audio/voca_b1_033.cues.json
SKIP (exists): content/voca/pt/b1/033/audio/audio.wav
SKIP (exists): content/voca/pt/b1/033/data/data.json
SKIP (exists): content/voca/pt/b1/005/.DS_Store
SKIP (exists): content/voca/pt/b1/005/audio/voca_b1_005.cues.json
SKIP (exists): content/voca/pt/b1/005/audio/audio.wav
SKIP (exists): content/voca/pt/b1/005/data/data.json
SKIP (exists): content/voca/pt/b1/002/.DS_Store
SKIP (exists): content/voca/pt/b1/002/audio/voca_b1_002.cues.json
SKIP (exists): content/voca/pt/b1/002/audio/audio.wav
SKIP (exists): content/voca/pt/b1/002/data/data.json
SKIP (exists): content/voca/pt/a1/024/.DS_Store
SKIP (exists): content/voca/pt/a1/024/audio/voca_a1_024.cues.json
SKIP (exists): content/voca/pt/a1/024/audio/audio.wav
SKIP (exists): content/voca/pt/a1/024/data/data.json
SKIP (exists): content/voca/pt/a1/023/.DS_Store
SKIP (exists): content/voca/pt/a1/023/audio/voca_a1_023.cues.json
SKIP (exists): content/voca/pt/a1/023/audio/audio.wav
SKIP (exists): content/voca/pt/a1/023/data/data.json
SKIP (exists): content/voca/pt/a1/015/.DS_Store
SKIP (exists): content/voca/pt/a1/015/audio/voca_a1_015.cues.json
SKIP (exists): content/voca/pt/a1/015/audio/audio.wav
SKIP (exists): content/voca/pt/a1/015/data/data.json
SKIP (exists): content/voca/pt/a1/.DS_Store
SKIP (exists): content/voca/pt/a1/012/.DS_Store
SKIP (exists): content/voca/pt/a1/012/audio/voca_a1_012.cues.json
SKIP (exists): content/voca/pt/a1/012/audio/audio.wav
SKIP (exists): content/voca/pt/a1/012/data/data.json
SKIP (exists): content/voca/pt/a1/013/.DS_Store
SKIP (exists): content/voca/pt/a1/013/audio/voca_a1_013.cues.json
SKIP (exists): content/voca/pt/a1/013/audio/audio.wav
SKIP (exists): content/voca/pt/a1/013/data/data.json
SKIP (exists): content/voca/pt/a1/014/.DS_Store
SKIP (exists): content/voca/pt/a1/014/audio/voca_a1_014.cues.json
SKIP (exists): content/voca/pt/a1/014/audio/audio.wav
SKIP (exists): content/voca/pt/a1/014/data/data.json
SKIP (exists): content/voca/pt/a1/022/.DS_Store
SKIP (exists): content/voca/pt/a1/022/audio/voca_a1_022.cues.json
SKIP (exists): content/voca/pt/a1/022/audio/audio.wav
SKIP (exists): content/voca/pt/a1/022/data/data.json
SKIP (exists): content/voca/pt/a1/025/.DS_Store
SKIP (exists): content/voca/pt/a1/025/audio/voca_a1_025.cues.json
SKIP (exists): content/voca/pt/a1/025/audio/audio.wav
SKIP (exists): content/voca/pt/a1/025/data/data.json
SKIP (exists): content/voca/pt/a1/040/.DS_Store
SKIP (exists): content/voca/pt/a1/040/audio/voca_a1_040.cues.json
SKIP (exists): content/voca/pt/a1/040/audio/audio.wav
SKIP (exists): content/voca/pt/a1/040/data/data.json
SKIP (exists): content/voca/pt/a1/038/.DS_Store
SKIP (exists): content/voca/pt/a1/038/audio/voca_a1_038.cues.json
SKIP (exists): content/voca/pt/a1/038/audio/audio.wav
SKIP (exists): content/voca/pt/a1/038/data/data.json
SKIP (exists): content/voca/pt/a1/007/.DS_Store
SKIP (exists): content/voca/pt/a1/007/audio/voca_a1_007.cues.json
SKIP (exists): content/voca/pt/a1/007/audio/audio.wav
SKIP (exists): content/voca/pt/a1/007/data/data.json
SKIP (exists): content/voca/pt/a1/009/.DS_Store
SKIP (exists): content/voca/pt/a1/009/audio/voca_a1_009.cues.json
SKIP (exists): content/voca/pt/a1/009/audio/audio.wav
SKIP (exists): content/voca/pt/a1/009/data/data.json
SKIP (exists): content/voca/pt/a1/036/.DS_Store
SKIP (exists): content/voca/pt/a1/036/audio/voca_a1_036.cues.json
SKIP (exists): content/voca/pt/a1/036/audio/audio.wav
SKIP (exists): content/voca/pt/a1/036/data/data.json
SKIP (exists): content/voca/pt/a1/031/.DS_Store
SKIP (exists): content/voca/pt/a1/031/audio/voca_a1_031.cues.json
SKIP (exists): content/voca/pt/a1/031/audio/audio.wav
SKIP (exists): content/voca/pt/a1/031/data/data.json
SKIP (exists): content/voca/pt/a1/030/.DS_Store
SKIP (exists): content/voca/pt/a1/030/audio/voca_a1_030.cues.json
SKIP (exists): content/voca/pt/a1/030/audio/audio.wav
SKIP (exists): content/voca/pt/a1/030/data/data.json
SKIP (exists): content/voca/pt/a1/008/.DS_Store
SKIP (exists): content/voca/pt/a1/008/audio/voca_a1_008.cues.json
SKIP (exists): content/voca/pt/a1/008/audio/audio.wav
SKIP (exists): content/voca/pt/a1/008/data/data.json
SKIP (exists): content/voca/pt/a1/037/.DS_Store
SKIP (exists): content/voca/pt/a1/037/audio/voca_a1_037.cues.json
SKIP (exists): content/voca/pt/a1/037/audio/audio.wav
SKIP (exists): content/voca/pt/a1/037/data/data.json
SKIP (exists): content/voca/pt/a1/001/.DS_Store
SKIP (exists): content/voca/pt/a1/001/audio/voca_a1_001.cues.json
SKIP (exists): content/voca/pt/a1/001/audio/audio.wav
SKIP (exists): content/voca/pt/a1/001/data/data.json
SKIP (exists): content/voca/pt/a1/039/.DS_Store
SKIP (exists): content/voca/pt/a1/039/audio/voca_a1_039.cues.json
SKIP (exists): content/voca/pt/a1/039/audio/audio.wav
SKIP (exists): content/voca/pt/a1/039/data/data.json
SKIP (exists): content/voca/pt/a1/006/.DS_Store
SKIP (exists): content/voca/pt/a1/006/audio/voca_a1_006.cues.json
SKIP (exists): content/voca/pt/a1/006/audio/audio.wav
SKIP (exists): content/voca/pt/a1/006/data/data.json
SKIP (exists): content/voca/pt/a1/020/.DS_Store
SKIP (exists): content/voca/pt/a1/020/audio/voca_a1_020.cues.json
SKIP (exists): content/voca/pt/a1/020/audio/audio.wav
SKIP (exists): content/voca/pt/a1/020/data/data.json
SKIP (exists): content/voca/pt/a1/027/.DS_Store
SKIP (exists): content/voca/pt/a1/027/audio/audio.wav
SKIP (exists): content/voca/pt/a1/027/audio/voca_a1_027.cues.json
SKIP (exists): content/voca/pt/a1/027/data/data.json
SKIP (exists): content/voca/pt/a1/018/.DS_Store
SKIP (exists): content/voca/pt/a1/018/audio/voca_a1_018.cues.json
SKIP (exists): content/voca/pt/a1/018/audio/audio.wav
SKIP (exists): content/voca/pt/a1/018/data/data.json
SKIP (exists): content/voca/pt/a1/011/.DS_Store
SKIP (exists): content/voca/pt/a1/011/audio/voca_a1_011.cues.json
SKIP (exists): content/voca/pt/a1/011/audio/audio.wav
SKIP (exists): content/voca/pt/a1/011/data/data.json
SKIP (exists): content/voca/pt/a1/016/.DS_Store
SKIP (exists): content/voca/pt/a1/016/audio/voca_a1_016.cues.json
SKIP (exists): content/voca/pt/a1/016/audio/audio.wav
SKIP (exists): content/voca/pt/a1/016/data/data.json
SKIP (exists): content/voca/pt/a1/029/.DS_Store
SKIP (exists): content/voca/pt/a1/029/audio/voca_a1_029.cues.json
SKIP (exists): content/voca/pt/a1/029/audio/audio.wav
SKIP (exists): content/voca/pt/a1/029/data/data.json
SKIP (exists): content/voca/pt/a1/017/.DS_Store
SKIP (exists): content/voca/pt/a1/017/audio/voca_a1_017.cues.json
SKIP (exists): content/voca/pt/a1/017/audio/audio.wav
SKIP (exists): content/voca/pt/a1/017/data/data.json
SKIP (exists): content/voca/pt/a1/028/.DS_Store
SKIP (exists): content/voca/pt/a1/028/audio/voca_a1_028.cues.json
SKIP (exists): content/voca/pt/a1/028/audio/audio.wav
SKIP (exists): content/voca/pt/a1/028/data/data.json
SKIP (exists): content/voca/pt/a1/010/.DS_Store
SKIP (exists): content/voca/pt/a1/010/audio/voca_a1_010.cues.json
SKIP (exists): content/voca/pt/a1/010/audio/audio.wav
SKIP (exists): content/voca/pt/a1/010/data/data.json
SKIP (exists): content/voca/pt/a1/026/.DS_Store
SKIP (exists): content/voca/pt/a1/026/audio/voca_a1_026.cues.json
SKIP (exists): content/voca/pt/a1/026/audio/audio.wav
SKIP (exists): content/voca/pt/a1/026/data/data.json
SKIP (exists): content/voca/pt/a1/019/.DS_Store
SKIP (exists): content/voca/pt/a1/019/audio/voca_a1_019.cues.json
SKIP (exists): content/voca/pt/a1/019/audio/audio.wav
SKIP (exists): content/voca/pt/a1/019/data/data.json
SKIP (exists): content/voca/pt/a1/021/.DS_Store
SKIP (exists): content/voca/pt/a1/021/audio/voca_a1_021.cues.json
SKIP (exists): content/voca/pt/a1/021/audio/audio.wav
SKIP (exists): content/voca/pt/a1/021/data/data.json
SKIP (exists): content/voca/pt/a1/003/.DS_Store
SKIP (exists): content/voca/pt/a1/003/audio/voca_a1_003.cues.json
SKIP (exists): content/voca/pt/a1/003/audio/audio.wav
SKIP (exists): content/voca/pt/a1/003/data/data.json
SKIP (exists): content/voca/pt/a1/004/.DS_Store
SKIP (exists): content/voca/pt/a1/004/audio/voca_a1_004.cues.json
SKIP (exists): content/voca/pt/a1/004/audio/audio.wav
SKIP (exists): content/voca/pt/a1/004/data/data.json
SKIP (exists): content/voca/pt/a1/032/.DS_Store
SKIP (exists): content/voca/pt/a1/032/audio/voca_a1_032.cues.json
SKIP (exists): content/voca/pt/a1/032/audio/audio.wav
SKIP (exists): content/voca/pt/a1/032/data/data.json
SKIP (exists): content/voca/pt/a1/035/.DS_Store
SKIP (exists): content/voca/pt/a1/035/audio/voca_a1_035.cues.json
SKIP (exists): content/voca/pt/a1/035/audio/audio.wav
SKIP (exists): content/voca/pt/a1/035/data/data.json
SKIP (exists): content/voca/pt/a1/034/.DS_Store
SKIP (exists): content/voca/pt/a1/034/audio/voca_a1_034.cues.json
SKIP (exists): content/voca/pt/a1/034/audio/audio.wav
SKIP (exists): content/voca/pt/a1/034/data/data.json
SKIP (exists): content/voca/pt/a1/033/.DS_Store
SKIP (exists): content/voca/pt/a1/033/audio/audio.wav
SKIP (exists): content/voca/pt/a1/033/audio/voca_a1_033.cues.json
SKIP (exists): content/voca/pt/a1/033/data/data.json
SKIP (exists): content/voca/pt/a1/005/.DS_Store
SKIP (exists): content/voca/pt/a1/005/audio/voca_a1_005.cues.json
SKIP (exists): content/voca/pt/a1/005/audio/audio.wav
SKIP (exists): content/voca/pt/a1/005/data/data.json
SKIP (exists): content/voca/pt/a1/002/.DS_Store
SKIP (exists): content/voca/pt/a1/002/audio/voca_a1_002.cues.json
SKIP (exists): content/voca/pt/a1/002/audio/audio.wav
SKIP (exists): content/voca/pt/a1/002/data/data.json
SKIP (exists): content/voca/pt/c2/.DS_Store
SKIP (exists): content/voca/pt/c2/007/audio/audio.wav
SKIP (exists): content/voca/pt/c2/007/cues.json
SKIP (exists): content/voca/pt/c2/007/data/data.json
SKIP (exists): content/voca/pt/c2/009/audio/audio.wav
SKIP (exists): content/voca/pt/c2/009/cues.json
SKIP (exists): content/voca/pt/c2/009/data/data.json
SKIP (exists): content/voca/pt/c2/008/.DS_Store
SKIP (exists): content/voca/pt/c2/008/audio/audio.wav
SKIP (exists): content/voca/pt/c2/008/cues.json
SKIP (exists): content/voca/pt/c2/008/data/data.json
SKIP (exists): content/voca/pt/c2/001/audio/audio.wav
SKIP (exists): content/voca/pt/c2/001/cues.json
SKIP (exists): content/voca/pt/c2/001/data/data.json
SKIP (exists): content/voca/pt/c2/006/audio/audio.wav
SKIP (exists): content/voca/pt/c2/006/cues.json
SKIP (exists): content/voca/pt/c2/006/data/data.json
SKIP (exists): content/voca/pt/c2/010/audio/audio.wav
SKIP (exists): content/voca/pt/c2/010/cues.json
SKIP (exists): content/voca/pt/c2/010/data/data.json
SKIP (exists): content/voca/pt/c2/003/audio/audio.wav
SKIP (exists): content/voca/pt/c2/003/cues.json
SKIP (exists): content/voca/pt/c2/003/data/data.json
SKIP (exists): content/voca/pt/c2/004/audio/audio.wav
SKIP (exists): content/voca/pt/c2/004/cues.json
SKIP (exists): content/voca/pt/c2/004/data/data.json
SKIP (exists): content/voca/pt/c2/005/audio/audio.wav
SKIP (exists): content/voca/pt/c2/005/cues.json
SKIP (exists): content/voca/pt/c2/005/data/data.json
SKIP (exists): content/voca/pt/c2/002/audio/audio.wav
SKIP (exists): content/voca/pt/c2/002/cues.json
SKIP (exists): content/voca/pt/c2/002/data/data.json
SKIP (exists): content/voca/kr/.DS_Store
SKIP (exists): content/voca/kr/b2/024/.DS_Store
SKIP (exists): content/voca/kr/b2/024/audio/voca_b2_024.cues.json
SKIP (exists): content/voca/kr/b2/024/audio/audio.wav
SKIP (exists): content/voca/kr/b2/024/data/data.json
SKIP (exists): content/voca/kr/b2/023/.DS_Store
SKIP (exists): content/voca/kr/b2/023/audio/voca_b2_023.cues.json
SKIP (exists): content/voca/kr/b2/023/audio/audio.wav
SKIP (exists): content/voca/kr/b2/023/data/data.json
SKIP (exists): content/voca/kr/b2/015/.DS_Store
SKIP (exists): content/voca/kr/b2/015/audio/audio.wav
SKIP (exists): content/voca/kr/b2/015/audio/voca_b2_015.cues.json
SKIP (exists): content/voca/kr/b2/015/data/data.json
SKIP (exists): content/voca/kr/b2/.DS_Store
SKIP (exists): content/voca/kr/b2/012/.DS_Store
SKIP (exists): content/voca/kr/b2/012/audio/voca_b2_012.cues.json
SKIP (exists): content/voca/kr/b2/012/audio/audio.wav
SKIP (exists): content/voca/kr/b2/012/data/data.json
SKIP (exists): content/voca/kr/b2/013/.DS_Store
SKIP (exists): content/voca/kr/b2/013/audio/voca_b2_013.cues.json
SKIP (exists): content/voca/kr/b2/013/audio/audio.wav
SKIP (exists): content/voca/kr/b2/013/data/data.json
SKIP (exists): content/voca/kr/b2/014/.DS_Store
SKIP (exists): content/voca/kr/b2/014/audio/voca_b2_014.cues.json
SKIP (exists): content/voca/kr/b2/014/audio/audio.wav
SKIP (exists): content/voca/kr/b2/014/data/data.json
SKIP (exists): content/voca/kr/b2/022/.DS_Store
SKIP (exists): content/voca/kr/b2/022/audio/voca_b2_022.cues.json
SKIP (exists): content/voca/kr/b2/022/audio/audio.wav
SKIP (exists): content/voca/kr/b2/022/data/data.json
SKIP (exists): content/voca/kr/b2/025/.DS_Store
SKIP (exists): content/voca/kr/b2/025/audio/voca_b2_025.cues.json
SKIP (exists): content/voca/kr/b2/025/audio/audio.wav
SKIP (exists): content/voca/kr/b2/025/data/data.json
SKIP (exists): content/voca/kr/b2/040/.DS_Store
SKIP (exists): content/voca/kr/b2/040/audio/voca_b2_040.cues.json
SKIP (exists): content/voca/kr/b2/040/audio/audio.wav
SKIP (exists): content/voca/kr/b2/040/data/data.json
SKIP (exists): content/voca/kr/b2/038/.DS_Store
SKIP (exists): content/voca/kr/b2/038/audio/voca_b2_038.cues.json
SKIP (exists): content/voca/kr/b2/038/audio/audio.wav
SKIP (exists): content/voca/kr/b2/038/data/data.json
SKIP (exists): content/voca/kr/b2/007/.DS_Store
SKIP (exists): content/voca/kr/b2/007/audio/voca_b2_007.cues.json
SKIP (exists): content/voca/kr/b2/007/audio/audio.wav
SKIP (exists): content/voca/kr/b2/007/data/data.json
SKIP (exists): content/voca/kr/b2/009/.DS_Store
SKIP (exists): content/voca/kr/b2/009/audio/voca_b2_009.cues.json
SKIP (exists): content/voca/kr/b2/009/audio/audio.wav
SKIP (exists): content/voca/kr/b2/009/data/data.json
SKIP (exists): content/voca/kr/b2/036/.DS_Store
SKIP (exists): content/voca/kr/b2/036/audio/voca_b2_036.cues.json
SKIP (exists): content/voca/kr/b2/036/audio/audio.wav
SKIP (exists): content/voca/kr/b2/036/data/data.json
SKIP (exists): content/voca/kr/b2/031/.DS_Store
SKIP (exists): content/voca/kr/b2/031/audio/voca_b2_031.cues.json
SKIP (exists): content/voca/kr/b2/031/audio/audio.wav
SKIP (exists): content/voca/kr/b2/031/data/data.json
SKIP (exists): content/voca/kr/b2/030/.DS_Store
SKIP (exists): content/voca/kr/b2/030/audio/voca_b2_030.cues.json
SKIP (exists): content/voca/kr/b2/030/audio/audio.wav
SKIP (exists): content/voca/kr/b2/030/data/data.json
SKIP (exists): content/voca/kr/b2/008/.DS_Store
SKIP (exists): content/voca/kr/b2/008/audio/voca_b2_008.cues.json
SKIP (exists): content/voca/kr/b2/008/audio/audio.wav
SKIP (exists): content/voca/kr/b2/008/data/data.json
SKIP (exists): content/voca/kr/b2/037/.DS_Store
SKIP (exists): content/voca/kr/b2/037/audio/voca_b2_037.cues.json
SKIP (exists): content/voca/kr/b2/037/audio/audio.wav
SKIP (exists): content/voca/kr/b2/037/data/data.json
SKIP (exists): content/voca/kr/b2/001/.DS_Store
SKIP (exists): content/voca/kr/b2/001/audio/audio.wav
SKIP (exists): content/voca/kr/b2/001/audio/voca_b2_001.cues.json
SKIP (exists): content/voca/kr/b2/001/data/data.json
SKIP (exists): content/voca/kr/b2/039/.DS_Store
SKIP (exists): content/voca/kr/b2/039/audio/audio.wav
SKIP (exists): content/voca/kr/b2/039/audio/voca_b2_039.cues.json
SKIP (exists): content/voca/kr/b2/039/data/data.json
SKIP (exists): content/voca/kr/b2/006/.DS_Store
SKIP (exists): content/voca/kr/b2/006/audio/voca_b2_006.cues.json
SKIP (exists): content/voca/kr/b2/006/audio/audio.wav
SKIP (exists): content/voca/kr/b2/006/data/data.json
SKIP (exists): content/voca/kr/b2/020/.DS_Store
SKIP (exists): content/voca/kr/b2/020/audio/audio.wav
SKIP (exists): content/voca/kr/b2/020/audio/voca_b2_020.cues.json
SKIP (exists): content/voca/kr/b2/020/data/data.json
SKIP (exists): content/voca/kr/b2/027/.DS_Store
SKIP (exists): content/voca/kr/b2/027/audio/voca_b2_027.cues.json
SKIP (exists): content/voca/kr/b2/027/audio/audio.wav
SKIP (exists): content/voca/kr/b2/027/data/data.json
SKIP (exists): content/voca/kr/b2/018/.DS_Store
SKIP (exists): content/voca/kr/b2/018/audio/voca_b2_018.cues.json
SKIP (exists): content/voca/kr/b2/018/audio/audio.wav
SKIP (exists): content/voca/kr/b2/018/data/data.json
SKIP (exists): content/voca/kr/b2/011/.DS_Store
SKIP (exists): content/voca/kr/b2/011/audio/voca_b2_011.cues.json
SKIP (exists): content/voca/kr/b2/011/audio/audio.wav
SKIP (exists): content/voca/kr/b2/011/data/data.json
SKIP (exists): content/voca/kr/b2/016/.DS_Store
SKIP (exists): content/voca/kr/b2/016/audio/voca_b2_016.cues.json
SKIP (exists): content/voca/kr/b2/016/audio/audio.wav
SKIP (exists): content/voca/kr/b2/016/data/data.json
SKIP (exists): content/voca/kr/b2/029/.DS_Store
SKIP (exists): content/voca/kr/b2/029/audio/voca_b2_029.cues.json
SKIP (exists): content/voca/kr/b2/029/audio/audio.wav
SKIP (exists): content/voca/kr/b2/029/data/data.json
SKIP (exists): content/voca/kr/b2/017/.DS_Store
SKIP (exists): content/voca/kr/b2/017/audio/voca_b2_017.cues.json
SKIP (exists): content/voca/kr/b2/017/audio/audio.wav
SKIP (exists): content/voca/kr/b2/017/data/data.json
SKIP (exists): content/voca/kr/b2/028/.DS_Store
SKIP (exists): content/voca/kr/b2/028/audio/voca_b2_028.cues.json
SKIP (exists): content/voca/kr/b2/028/audio/audio.wav
SKIP (exists): content/voca/kr/b2/028/data/data.json
SKIP (exists): content/voca/kr/b2/010/.DS_Store
SKIP (exists): content/voca/kr/b2/010/audio/voca_b2_010.cues.json
SKIP (exists): content/voca/kr/b2/010/audio/audio.wav
SKIP (exists): content/voca/kr/b2/010/data/data.json
SKIP (exists): content/voca/kr/b2/026/.DS_Store
SKIP (exists): content/voca/kr/b2/026/audio/voca_b2_026.cues.json
SKIP (exists): content/voca/kr/b2/026/audio/audio.wav
SKIP (exists): content/voca/kr/b2/026/data/data.json
SKIP (exists): content/voca/kr/b2/019/.DS_Store
SKIP (exists): content/voca/kr/b2/019/audio/voca_b2_019.cues.json
SKIP (exists): content/voca/kr/b2/019/audio/audio.wav
SKIP (exists): content/voca/kr/b2/019/data/data.json
SKIP (exists): content/voca/kr/b2/021/.DS_Store
SKIP (exists): content/voca/kr/b2/021/audio/voca_b2_021.cues.json
SKIP (exists): content/voca/kr/b2/021/audio/audio.wav
SKIP (exists): content/voca/kr/b2/021/data/data.json
SKIP (exists): content/voca/kr/b2/003/.DS_Store
SKIP (exists): content/voca/kr/b2/003/audio/voca_b2_003.cues.json
SKIP (exists): content/voca/kr/b2/003/audio/audio.wav
SKIP (exists): content/voca/kr/b2/003/data/data.json
SKIP (exists): content/voca/kr/b2/004/.DS_Store
SKIP (exists): content/voca/kr/b2/004/audio/voca_b2_004.cues.json
SKIP (exists): content/voca/kr/b2/004/audio/audio.wav
SKIP (exists): content/voca/kr/b2/004/data/data.json
SKIP (exists): content/voca/kr/b2/032/.DS_Store
SKIP (exists): content/voca/kr/b2/032/audio/voca_b2_032.cues.json
SKIP (exists): content/voca/kr/b2/032/audio/audio.wav
SKIP (exists): content/voca/kr/b2/032/data/data.json
SKIP (exists): content/voca/kr/b2/035/.DS_Store
SKIP (exists): content/voca/kr/b2/035/audio/voca_b2_035.cues.json
SKIP (exists): content/voca/kr/b2/035/audio/audio.wav
SKIP (exists): content/voca/kr/b2/035/data/data.json
SKIP (exists): content/voca/kr/b2/034/.DS_Store
SKIP (exists): content/voca/kr/b2/034/audio/audio.wav
SKIP (exists): content/voca/kr/b2/034/audio/voca_b2_034.cues.json
SKIP (exists): content/voca/kr/b2/034/data/data.json
SKIP (exists): content/voca/kr/b2/033/.DS_Store
SKIP (exists): content/voca/kr/b2/033/audio/voca_b2_033.cues.json
SKIP (exists): content/voca/kr/b2/033/audio/audio.wav
SKIP (exists): content/voca/kr/b2/033/data/data.json
SKIP (exists): content/voca/kr/b2/005/.DS_Store
SKIP (exists): content/voca/kr/b2/005/audio/voca_b2_005.cues.json
SKIP (exists): content/voca/kr/b2/005/audio/audio.wav
SKIP (exists): content/voca/kr/b2/005/data/data.json
SKIP (exists): content/voca/kr/b2/002/.DS_Store
SKIP (exists): content/voca/kr/b2/002/audio/voca_b2_002.cues.json
SKIP (exists): content/voca/kr/b2/002/audio/audio.wav
SKIP (exists): content/voca/kr/b2/002/data/data.json
SKIP (exists): content/voca/kr/a2/024/.DS_Store
SKIP (exists): content/voca/kr/a2/024/audio/voca_a2_024.cues.json
SKIP (exists): content/voca/kr/a2/024/audio/audio.wav
SKIP (exists): content/voca/kr/a2/024/data/data.json
SKIP (exists): content/voca/kr/a2/023/.DS_Store
SKIP (exists): content/voca/kr/a2/023/audio/voca_a2_023.cues.json
SKIP (exists): content/voca/kr/a2/023/audio/audio.wav
SKIP (exists): content/voca/kr/a2/023/data/data.json
SKIP (exists): content/voca/kr/a2/015/.DS_Store
SKIP (exists): content/voca/kr/a2/015/audio/voca_a2_015.cues.json
SKIP (exists): content/voca/kr/a2/015/audio/audio.wav
SKIP (exists): content/voca/kr/a2/015/data/data.json
SKIP (exists): content/voca/kr/a2/.DS_Store
SKIP (exists): content/voca/kr/a2/012/.DS_Store
SKIP (exists): content/voca/kr/a2/012/audio/voca_a2_012.cues.json
SKIP (exists): content/voca/kr/a2/012/audio/audio.wav
SKIP (exists): content/voca/kr/a2/012/data/data.json
SKIP (exists): content/voca/kr/a2/013/.DS_Store
SKIP (exists): content/voca/kr/a2/013/audio/voca_a2_013.cues.json
SKIP (exists): content/voca/kr/a2/013/audio/audio.wav
SKIP (exists): content/voca/kr/a2/013/data/data.json
SKIP (exists): content/voca/kr/a2/014/.DS_Store
SKIP (exists): content/voca/kr/a2/014/audio/audio.wav
SKIP (exists): content/voca/kr/a2/014/audio/voca_a2_014.cues.json
SKIP (exists): content/voca/kr/a2/014/data/data.json
SKIP (exists): content/voca/kr/a2/022/.DS_Store
SKIP (exists): content/voca/kr/a2/022/audio/voca_a2_022.cues.json
SKIP (exists): content/voca/kr/a2/022/audio/audio.wav
SKIP (exists): content/voca/kr/a2/022/data/data.json
SKIP (exists): content/voca/kr/a2/025/.DS_Store
SKIP (exists): content/voca/kr/a2/025/audio/voca_a2_025.cues.json
SKIP (exists): content/voca/kr/a2/025/audio/audio.wav
SKIP (exists): content/voca/kr/a2/025/data/data.json
SKIP (exists): content/voca/kr/a2/040/.DS_Store
SKIP (exists): content/voca/kr/a2/040/audio/voca_a2_040.cues.json
SKIP (exists): content/voca/kr/a2/040/audio/audio.wav
SKIP (exists): content/voca/kr/a2/040/data/data.json
SKIP (exists): content/voca/kr/a2/038/.DS_Store
SKIP (exists): content/voca/kr/a2/038/audio/voca_a2_038.cues.json
SKIP (exists): content/voca/kr/a2/038/audio/audio.wav
SKIP (exists): content/voca/kr/a2/038/data/data.json
SKIP (exists): content/voca/kr/a2/007/.DS_Store
SKIP (exists): content/voca/kr/a2/007/audio/voca_a2_007.cues.json
SKIP (exists): content/voca/kr/a2/007/audio/audio.wav
SKIP (exists): content/voca/kr/a2/007/data/data.json
SKIP (exists): content/voca/kr/a2/009/.DS_Store
SKIP (exists): content/voca/kr/a2/009/audio/voca_a2_009.cues.json
SKIP (exists): content/voca/kr/a2/009/audio/audio.wav
SKIP (exists): content/voca/kr/a2/009/data/data.json
SKIP (exists): content/voca/kr/a2/036/.DS_Store
SKIP (exists): content/voca/kr/a2/036/audio/voca_a2_036.cues.json
SKIP (exists): content/voca/kr/a2/036/audio/audio.wav
SKIP (exists): content/voca/kr/a2/036/data/data.json
SKIP (exists): content/voca/kr/a2/031/.DS_Store
SKIP (exists): content/voca/kr/a2/031/audio/voca_a2_031.cues.json
SKIP (exists): content/voca/kr/a2/031/audio/audio.wav
SKIP (exists): content/voca/kr/a2/031/data/data.json
SKIP (exists): content/voca/kr/a2/030/.DS_Store
SKIP (exists): content/voca/kr/a2/030/audio/voca_a2_030.cues.json
SKIP (exists): content/voca/kr/a2/030/audio/audio.wav
SKIP (exists): content/voca/kr/a2/030/data/data.json
SKIP (exists): content/voca/kr/a2/008/.DS_Store
SKIP (exists): content/voca/kr/a2/008/audio/voca_a2_008.cues.json
SKIP (exists): content/voca/kr/a2/008/audio/audio.wav
SKIP (exists): content/voca/kr/a2/008/data/data.json
SKIP (exists): content/voca/kr/a2/037/.DS_Store
SKIP (exists): content/voca/kr/a2/037/audio/voca_a2_037.cues.json
SKIP (exists): content/voca/kr/a2/037/audio/audio.wav
SKIP (exists): content/voca/kr/a2/037/data/data.json
SKIP (exists): content/voca/kr/a2/001/.DS_Store
SKIP (exists): content/voca/kr/a2/001/audio/voca_a2_001.cues.json
SKIP (exists): content/voca/kr/a2/001/audio/audio.wav
SKIP (exists): content/voca/kr/a2/001/data/data.json
SKIP (exists): content/voca/kr/a2/039/.DS_Store
SKIP (exists): content/voca/kr/a2/039/audio/voca_a2_039.cues.json
SKIP (exists): content/voca/kr/a2/039/audio/audio.wav
SKIP (exists): content/voca/kr/a2/039/data/data.json
SKIP (exists): content/voca/kr/a2/006/.DS_Store
SKIP (exists): content/voca/kr/a2/006/audio/voca_a2_006.cues.json
SKIP (exists): content/voca/kr/a2/006/audio/audio.wav
SKIP (exists): content/voca/kr/a2/006/data/data.json
SKIP (exists): content/voca/kr/a2/020/.DS_Store
SKIP (exists): content/voca/kr/a2/020/audio/voca_a2_020.cues.json
SKIP (exists): content/voca/kr/a2/020/audio/audio.wav
SKIP (exists): content/voca/kr/a2/020/data/data.json
SKIP (exists): content/voca/kr/a2/027/.DS_Store
SKIP (exists): content/voca/kr/a2/027/audio/voca_a2_027.cues.json
SKIP (exists): content/voca/kr/a2/027/audio/audio.wav
SKIP (exists): content/voca/kr/a2/027/data/data.json
SKIP (exists): content/voca/kr/a2/018/.DS_Store
SKIP (exists): content/voca/kr/a2/018/audio/voca_a2_018.cues.json
SKIP (exists): content/voca/kr/a2/018/audio/audio.wav
SKIP (exists): content/voca/kr/a2/018/data/data.json
SKIP (exists): content/voca/kr/a2/011/.DS_Store
SKIP (exists): content/voca/kr/a2/011/audio/voca_a2_011.cues.json
SKIP (exists): content/voca/kr/a2/011/audio/audio.wav
SKIP (exists): content/voca/kr/a2/011/data/data.json
SKIP (exists): content/voca/kr/a2/016/.DS_Store
SKIP (exists): content/voca/kr/a2/016/audio/voca_a2_016.cues.json
SKIP (exists): content/voca/kr/a2/016/audio/audio.wav
SKIP (exists): content/voca/kr/a2/016/data/data.json
SKIP (exists): content/voca/kr/a2/029/.DS_Store
SKIP (exists): content/voca/kr/a2/029/audio/voca_a2_029.cues.json
SKIP (exists): content/voca/kr/a2/029/audio/audio.wav
SKIP (exists): content/voca/kr/a2/029/data/data.json
SKIP (exists): content/voca/kr/a2/017/.DS_Store
SKIP (exists): content/voca/kr/a2/017/audio/voca_a2_017.cues.json
SKIP (exists): content/voca/kr/a2/017/audio/audio.wav
SKIP (exists): content/voca/kr/a2/017/data/data.json
SKIP (exists): content/voca/kr/a2/028/.DS_Store
SKIP (exists): content/voca/kr/a2/028/audio/voca_a2_028.cues.json
SKIP (exists): content/voca/kr/a2/028/audio/audio.wav
SKIP (exists): content/voca/kr/a2/028/data/data.json
SKIP (exists): content/voca/kr/a2/010/.DS_Store
SKIP (exists): content/voca/kr/a2/010/audio/voca_a2_010.cues.json
SKIP (exists): content/voca/kr/a2/010/audio/audio.wav
SKIP (exists): content/voca/kr/a2/010/data/data.json
SKIP (exists): content/voca/kr/a2/026/.DS_Store
SKIP (exists): content/voca/kr/a2/026/audio/voca_a2_026.cues.json
SKIP (exists): content/voca/kr/a2/026/audio/audio.wav
SKIP (exists): content/voca/kr/a2/026/data/data.json
SKIP (exists): content/voca/kr/a2/019/.DS_Store
SKIP (exists): content/voca/kr/a2/019/audio/audio.wav
SKIP (exists): content/voca/kr/a2/019/audio/voca_a2_019.cues.json
SKIP (exists): content/voca/kr/a2/019/data/data.json
SKIP (exists): content/voca/kr/a2/021/.DS_Store
SKIP (exists): content/voca/kr/a2/021/audio/audio.wav
SKIP (exists): content/voca/kr/a2/021/audio/voca_a2_021.cues.json
SKIP (exists): content/voca/kr/a2/021/data/data.json
SKIP (exists): content/voca/kr/a2/003/.DS_Store
SKIP (exists): content/voca/kr/a2/003/audio/voca_a2_003.cues.json
SKIP (exists): content/voca/kr/a2/003/audio/audio.wav
SKIP (exists): content/voca/kr/a2/003/data/data.json
SKIP (exists): content/voca/kr/a2/004/.DS_Store
SKIP (exists): content/voca/kr/a2/004/audio/voca_a2_004.cues.json
SKIP (exists): content/voca/kr/a2/004/audio/audio.wav
SKIP (exists): content/voca/kr/a2/004/data/data.json
SKIP (exists): content/voca/kr/a2/032/.DS_Store
SKIP (exists): content/voca/kr/a2/032/audio/voca_a2_032.cues.json
SKIP (exists): content/voca/kr/a2/032/audio/audio.wav
SKIP (exists): content/voca/kr/a2/032/data/data.json
SKIP (exists): content/voca/kr/a2/035/.DS_Store
SKIP (exists): content/voca/kr/a2/035/audio/audio.wav
SKIP (exists): content/voca/kr/a2/035/audio/voca_a2_035.cues.json
SKIP (exists): content/voca/kr/a2/035/data/data.json
SKIP (exists): content/voca/kr/a2/034/.DS_Store
SKIP (exists): content/voca/kr/a2/034/audio/voca_a2_034.cues.json
SKIP (exists): content/voca/kr/a2/034/audio/audio.wav
SKIP (exists): content/voca/kr/a2/034/data/data.json
SKIP (exists): content/voca/kr/a2/033/.DS_Store
SKIP (exists): content/voca/kr/a2/033/audio/voca_a2_033.cues.json
SKIP (exists): content/voca/kr/a2/033/audio/audio.wav
SKIP (exists): content/voca/kr/a2/033/data/data.json
SKIP (exists): content/voca/kr/a2/005/.DS_Store
SKIP (exists): content/voca/kr/a2/005/audio/voca_a2_005.cues.json
SKIP (exists): content/voca/kr/a2/005/audio/audio.wav
SKIP (exists): content/voca/kr/a2/005/data/data.json
SKIP (exists): content/voca/kr/a2/002/.DS_Store
SKIP (exists): content/voca/kr/a2/002/audio/voca_a2_002.cues.json
SKIP (exists): content/voca/kr/a2/002/audio/audio.wav
SKIP (exists): content/voca/kr/a2/002/data/data.json
SKIP (exists): content/voca/kr/c1/015/.DS_Store
SKIP (exists): content/voca/kr/c1/015/audio/audio.wav
SKIP (exists): content/voca/kr/c1/015/audio/voca_c1_015.cues.json
SKIP (exists): content/voca/kr/c1/015/data/data.json
SKIP (exists): content/voca/kr/c1/.DS_Store
SKIP (exists): content/voca/kr/c1/012/.DS_Store
SKIP (exists): content/voca/kr/c1/012/audio/voca_c1_012.cues.json
SKIP (exists): content/voca/kr/c1/012/audio/audio.wav
SKIP (exists): content/voca/kr/c1/012/data/data.json
SKIP (exists): content/voca/kr/c1/013/.DS_Store
SKIP (exists): content/voca/kr/c1/013/audio/voca_c1_013.cues.json
SKIP (exists): content/voca/kr/c1/013/audio/audio.wav
SKIP (exists): content/voca/kr/c1/013/data/data.json
SKIP (exists): content/voca/kr/c1/014/.DS_Store
SKIP (exists): content/voca/kr/c1/014/audio/voca_c1_014.cues.json
SKIP (exists): content/voca/kr/c1/014/audio/audio.wav
SKIP (exists): content/voca/kr/c1/014/data/data.json
SKIP (exists): content/voca/kr/c1/007/.DS_Store
SKIP (exists): content/voca/kr/c1/007/audio/voca_c1_007.cues.json
SKIP (exists): content/voca/kr/c1/007/audio/audio.wav
SKIP (exists): content/voca/kr/c1/007/data/data.json
SKIP (exists): content/voca/kr/c1/009/.DS_Store
SKIP (exists): content/voca/kr/c1/009/audio/voca_c1_009.cues.json
SKIP (exists): content/voca/kr/c1/009/audio/audio.wav
SKIP (exists): content/voca/kr/c1/009/data/data.json
SKIP (exists): content/voca/kr/c1/008/.DS_Store
SKIP (exists): content/voca/kr/c1/008/audio/voca_c1_008.cues.json
SKIP (exists): content/voca/kr/c1/008/audio/audio.wav
SKIP (exists): content/voca/kr/c1/008/data/data.json
SKIP (exists): content/voca/kr/c1/001/.DS_Store
SKIP (exists): content/voca/kr/c1/001/audio/audio.wav
SKIP (exists): content/voca/kr/c1/001/audio/voca_c1_001.cues.json
SKIP (exists): content/voca/kr/c1/001/data/data.json
SKIP (exists): content/voca/kr/c1/006/.DS_Store
SKIP (exists): content/voca/kr/c1/006/audio/voca_c1_006.cues.json
SKIP (exists): content/voca/kr/c1/006/audio/audio.wav
SKIP (exists): content/voca/kr/c1/006/data/data.json
SKIP (exists): content/voca/kr/c1/020/.DS_Store
SKIP (exists): content/voca/kr/c1/020/audio/audio.wav
SKIP (exists): content/voca/kr/c1/020/audio/voca_c1_020.cues.json
SKIP (exists): content/voca/kr/c1/020/data/data.json
SKIP (exists): content/voca/kr/c1/018/.DS_Store
SKIP (exists): content/voca/kr/c1/018/audio/audio.wav
SKIP (exists): content/voca/kr/c1/018/audio/voca_c1_018.cues.json
SKIP (exists): content/voca/kr/c1/018/data/data.json
SKIP (exists): content/voca/kr/c1/011/.DS_Store
SKIP (exists): content/voca/kr/c1/011/audio/voca_c1_011.cues.json
SKIP (exists): content/voca/kr/c1/011/audio/audio.wav
SKIP (exists): content/voca/kr/c1/011/data/data.json
SKIP (exists): content/voca/kr/c1/016/.DS_Store
SKIP (exists): content/voca/kr/c1/016/audio/voca_c1_016.cues.json
SKIP (exists): content/voca/kr/c1/016/audio/audio.wav
SKIP (exists): content/voca/kr/c1/016/data/data.json
SKIP (exists): content/voca/kr/c1/017/.DS_Store
SKIP (exists): content/voca/kr/c1/017/audio/voca_c1_017.cues.json
SKIP (exists): content/voca/kr/c1/017/audio/audio.wav
SKIP (exists): content/voca/kr/c1/017/data/data.json
SKIP (exists): content/voca/kr/c1/010/.DS_Store
SKIP (exists): content/voca/kr/c1/010/audio/voca_c1_010.cues.json
SKIP (exists): content/voca/kr/c1/010/audio/audio.wav
SKIP (exists): content/voca/kr/c1/010/data/data.json
SKIP (exists): content/voca/kr/c1/019/.DS_Store
SKIP (exists): content/voca/kr/c1/019/audio/voca_c1_019.cues.json
SKIP (exists): content/voca/kr/c1/019/audio/audio.wav
SKIP (exists): content/voca/kr/c1/019/data/data.json
SKIP (exists): content/voca/kr/c1/003/.DS_Store
SKIP (exists): content/voca/kr/c1/003/audio/voca_c1_003.cues.json
SKIP (exists): content/voca/kr/c1/003/audio/audio.wav
SKIP (exists): content/voca/kr/c1/003/data/data.json
SKIP (exists): content/voca/kr/c1/004/.DS_Store
SKIP (exists): content/voca/kr/c1/004/audio/voca_c1_004.cues.json
SKIP (exists): content/voca/kr/c1/004/audio/audio.wav
SKIP (exists): content/voca/kr/c1/004/data/data.json
SKIP (exists): content/voca/kr/c1/005/.DS_Store
SKIP (exists): content/voca/kr/c1/005/audio/voca_c1_005.cues.json
SKIP (exists): content/voca/kr/c1/005/audio/audio.wav
SKIP (exists): content/voca/kr/c1/005/data/data.json
SKIP (exists): content/voca/kr/c1/002/.DS_Store
SKIP (exists): content/voca/kr/c1/002/audio/voca_c1_002.cues.json
SKIP (exists): content/voca/kr/c1/002/audio/audio.wav
SKIP (exists): content/voca/kr/c1/002/data/data.json
SKIP (exists): content/voca/kr/b1/024/.DS_Store
SKIP (exists): content/voca/kr/b1/024/audio/voca_b1_024.cues.json
SKIP (exists): content/voca/kr/b1/024/audio/audio.wav
SKIP (exists): content/voca/kr/b1/024/data/data.json
SKIP (exists): content/voca/kr/b1/023/.DS_Store
SKIP (exists): content/voca/kr/b1/023/audio/voca_b1_023.cues.json
SKIP (exists): content/voca/kr/b1/023/audio/audio.wav
SKIP (exists): content/voca/kr/b1/023/data/data.json
SKIP (exists): content/voca/kr/b1/015/.DS_Store
SKIP (exists): content/voca/kr/b1/015/audio/voca_b1_015.cues.json
SKIP (exists): content/voca/kr/b1/015/audio/audio.wav
SKIP (exists): content/voca/kr/b1/015/data/data.json
SKIP (exists): content/voca/kr/b1/.DS_Store
SKIP (exists): content/voca/kr/b1/012/.DS_Store
SKIP (exists): content/voca/kr/b1/012/audio/voca_b1_012.cues.json
SKIP (exists): content/voca/kr/b1/012/audio/audio.wav
SKIP (exists): content/voca/kr/b1/012/data/data.json
SKIP (exists): content/voca/kr/b1/046/.DS_Store
SKIP (exists): content/voca/kr/b1/046/audio/voca_b1_046.cues.json
SKIP (exists): content/voca/kr/b1/046/audio/audio.wav
SKIP (exists): content/voca/kr/b1/046/data/data.json
SKIP (exists): content/voca/kr/b1/041/.DS_Store
SKIP (exists): content/voca/kr/b1/041/audio/voca_b1_041.cues.json
SKIP (exists): content/voca/kr/b1/041/audio/audio.wav
SKIP (exists): content/voca/kr/b1/041/data/data.json
SKIP (exists): content/voca/kr/b1/048/.DS_Store
SKIP (exists): content/voca/kr/b1/048/audio/voca_b1_048.cues.json
SKIP (exists): content/voca/kr/b1/048/audio/audio.wav
SKIP (exists): content/voca/kr/b1/048/data/data.json
SKIP (exists): content/voca/kr/b1/013/.DS_Store
SKIP (exists): content/voca/kr/b1/013/audio/audio.wav
SKIP (exists): content/voca/kr/b1/013/audio/voca_b1_013.cues.json
SKIP (exists): content/voca/kr/b1/013/data/data.json
SKIP (exists): content/voca/kr/b1/014/.DS_Store
SKIP (exists): content/voca/kr/b1/014/audio/voca_b1_014.cues.json
SKIP (exists): content/voca/kr/b1/014/audio/audio.wav
SKIP (exists): content/voca/kr/b1/014/data/data.json
SKIP (exists): content/voca/kr/b1/022/.DS_Store
SKIP (exists): content/voca/kr/b1/022/audio/voca_b1_022.cues.json
SKIP (exists): content/voca/kr/b1/022/audio/audio.wav
SKIP (exists): content/voca/kr/b1/022/data/data.json
SKIP (exists): content/voca/kr/b1/025/.DS_Store
SKIP (exists): content/voca/kr/b1/025/audio/voca_b1_025.cues.json
SKIP (exists): content/voca/kr/b1/025/audio/audio.wav
SKIP (exists): content/voca/kr/b1/025/data/data.json
SKIP (exists): content/voca/kr/b1/049/.DS_Store
SKIP (exists): content/voca/kr/b1/049/audio/voca_b1_049.cues.json
SKIP (exists): content/voca/kr/b1/049/audio/audio.wav
SKIP (exists): content/voca/kr/b1/049/data/data.json
SKIP (exists): content/voca/kr/b1/040/.DS_Store
SKIP (exists): content/voca/kr/b1/040/audio/voca_b1_040.cues.json
SKIP (exists): content/voca/kr/b1/040/audio/audio.wav
SKIP (exists): content/voca/kr/b1/040/data/data.json
SKIP (exists): content/voca/kr/b1/047/.DS_Store
SKIP (exists): content/voca/kr/b1/047/audio/voca_b1_047.cues.json
SKIP (exists): content/voca/kr/b1/047/audio/audio.wav
SKIP (exists): content/voca/kr/b1/047/data/data.json
SKIP (exists): content/voca/kr/b1/038/.DS_Store
SKIP (exists): content/voca/kr/b1/038/audio/voca_b1_038.cues.json
SKIP (exists): content/voca/kr/b1/038/audio/audio.wav
SKIP (exists): content/voca/kr/b1/038/data/data.json
SKIP (exists): content/voca/kr/b1/007/.DS_Store
SKIP (exists): content/voca/kr/b1/007/audio/audio.wav
SKIP (exists): content/voca/kr/b1/007/audio/voca_b1_007.cues.json
SKIP (exists): content/voca/kr/b1/007/data/data.json
SKIP (exists): content/voca/kr/b1/009/.DS_Store
SKIP (exists): content/voca/kr/b1/009/audio/voca_b1_009.cues.json
SKIP (exists): content/voca/kr/b1/009/audio/audio.wav
SKIP (exists): content/voca/kr/b1/009/data/data.json
SKIP (exists): content/voca/kr/b1/036/.DS_Store
SKIP (exists): content/voca/kr/b1/036/audio/voca_b1_036.cues.json
SKIP (exists): content/voca/kr/b1/036/audio/audio.wav
SKIP (exists): content/voca/kr/b1/036/data/data.json
SKIP (exists): content/voca/kr/b1/031/.DS_Store
SKIP (exists): content/voca/kr/b1/031/audio/voca_b1_031.cues.json
SKIP (exists): content/voca/kr/b1/031/audio/audio.wav
SKIP (exists): content/voca/kr/b1/031/data/data.json
SKIP (exists): content/voca/kr/b1/030/.DS_Store
SKIP (exists): content/voca/kr/b1/030/audio/voca_b1_030.cues.json
SKIP (exists): content/voca/kr/b1/030/audio/audio.wav
SKIP (exists): content/voca/kr/b1/030/data/data.json
SKIP (exists): content/voca/kr/b1/008/.DS_Store
SKIP (exists): content/voca/kr/b1/008/audio/voca_b1_008.cues.json
SKIP (exists): content/voca/kr/b1/008/audio/audio.wav
SKIP (exists): content/voca/kr/b1/008/data/data.json
SKIP (exists): content/voca/kr/b1/037/.DS_Store
SKIP (exists): content/voca/kr/b1/037/audio/voca_b1_037.cues.json
SKIP (exists): content/voca/kr/b1/037/audio/audio.wav
SKIP (exists): content/voca/kr/b1/037/data/data.json
SKIP (exists): content/voca/kr/b1/001/.DS_Store
SKIP (exists): content/voca/kr/b1/001/audio/voca_b1_001.cues.json
SKIP (exists): content/voca/kr/b1/001/audio/audio.wav
SKIP (exists): content/voca/kr/b1/001/data/data.json
SKIP (exists): content/voca/kr/b1/039/.DS_Store
SKIP (exists): content/voca/kr/b1/039/audio/voca_b1_039.cues.json
SKIP (exists): content/voca/kr/b1/039/audio/audio.wav
SKIP (exists): content/voca/kr/b1/039/data/data.json
SKIP (exists): content/voca/kr/b1/006/.DS_Store
SKIP (exists): content/voca/kr/b1/006/audio/voca_b1_006.cues.json
SKIP (exists): content/voca/kr/b1/006/audio/audio.wav
SKIP (exists): content/voca/kr/b1/006/data/data.json
SKIP (exists): content/voca/kr/b1/042/.DS_Store
SKIP (exists): content/voca/kr/b1/042/audio/voca_b1_042.cues.json
SKIP (exists): content/voca/kr/b1/042/audio/audio.wav
SKIP (exists): content/voca/kr/b1/042/data/data.json
SKIP (exists): content/voca/kr/b1/045/.DS_Store
SKIP (exists): content/voca/kr/b1/045/audio/audio.wav
SKIP (exists): content/voca/kr/b1/045/audio/voca_b1_045.cues.json
SKIP (exists): content/voca/kr/b1/045/data/data.json
SKIP (exists): content/voca/kr/b1/020/.DS_Store
SKIP (exists): content/voca/kr/b1/020/audio/voca_b1_020.cues.json
SKIP (exists): content/voca/kr/b1/020/audio/audio.wav
SKIP (exists): content/voca/kr/b1/020/data/data.json
SKIP (exists): content/voca/kr/b1/027/.DS_Store
SKIP (exists): content/voca/kr/b1/027/audio/voca_b1_027.cues.json
SKIP (exists): content/voca/kr/b1/027/audio/audio.wav
SKIP (exists): content/voca/kr/b1/027/data/data.json
SKIP (exists): content/voca/kr/b1/018/.DS_Store
SKIP (exists): content/voca/kr/b1/018/audio/voca_b1_018.cues.json
SKIP (exists): content/voca/kr/b1/018/audio/audio.wav
SKIP (exists): content/voca/kr/b1/018/data/data.json
SKIP (exists): content/voca/kr/b1/011/.DS_Store
SKIP (exists): content/voca/kr/b1/011/audio/voca_b1_011.cues.json
SKIP (exists): content/voca/kr/b1/011/audio/audio.wav
SKIP (exists): content/voca/kr/b1/011/data/data.json
SKIP (exists): content/voca/kr/b1/016/.DS_Store
SKIP (exists): content/voca/kr/b1/016/audio/voca_b1_016.cues.json
SKIP (exists): content/voca/kr/b1/016/audio/audio.wav
SKIP (exists): content/voca/kr/b1/016/data/data.json
SKIP (exists): content/voca/kr/b1/029/.DS_Store
SKIP (exists): content/voca/kr/b1/029/audio/voca_b1_029.cues.json
SKIP (exists): content/voca/kr/b1/029/audio/audio.wav
SKIP (exists): content/voca/kr/b1/029/data/data.json
SKIP (exists): content/voca/kr/b1/044/.DS_Store
SKIP (exists): content/voca/kr/b1/044/audio/voca_b1_044.cues.json
SKIP (exists): content/voca/kr/b1/044/audio/audio.wav
SKIP (exists): content/voca/kr/b1/044/data/data.json
SKIP (exists): content/voca/kr/b1/043/.DS_Store
SKIP (exists): content/voca/kr/b1/043/audio/voca_b1_043.cues.json
SKIP (exists): content/voca/kr/b1/043/audio/audio.wav
SKIP (exists): content/voca/kr/b1/043/data/data.json
SKIP (exists): content/voca/kr/b1/017/.DS_Store
SKIP (exists): content/voca/kr/b1/017/audio/voca_b1_017.cues.json
SKIP (exists): content/voca/kr/b1/017/audio/audio.wav
SKIP (exists): content/voca/kr/b1/017/data/data.json
SKIP (exists): content/voca/kr/b1/028/.DS_Store
SKIP (exists): content/voca/kr/b1/028/audio/voca_b1_028.cues.json
SKIP (exists): content/voca/kr/b1/028/audio/audio.wav
SKIP (exists): content/voca/kr/b1/028/data/data.json
SKIP (exists): content/voca/kr/b1/010/.DS_Store
SKIP (exists): content/voca/kr/b1/010/audio/voca_b1_010.cues.json
SKIP (exists): content/voca/kr/b1/010/audio/audio.wav
SKIP (exists): content/voca/kr/b1/010/data/data.json
SKIP (exists): content/voca/kr/b1/026/.DS_Store
SKIP (exists): content/voca/kr/b1/026/audio/voca_b1_026.cues.json
SKIP (exists): content/voca/kr/b1/026/audio/audio.wav
SKIP (exists): content/voca/kr/b1/026/data/data.json
SKIP (exists): content/voca/kr/b1/019/.DS_Store
SKIP (exists): content/voca/kr/b1/019/audio/voca_b1_019.cues.json
SKIP (exists): content/voca/kr/b1/019/audio/audio.wav
SKIP (exists): content/voca/kr/b1/019/data/data.json
SKIP (exists): content/voca/kr/b1/021/.DS_Store
SKIP (exists): content/voca/kr/b1/021/audio/voca_b1_021.cues.json
SKIP (exists): content/voca/kr/b1/021/audio/audio.wav
SKIP (exists): content/voca/kr/b1/021/data/data.json
SKIP (exists): content/voca/kr/b1/003/.DS_Store
SKIP (exists): content/voca/kr/b1/003/audio/voca_b1_003.cues.json
SKIP (exists): content/voca/kr/b1/003/audio/audio.wav
SKIP (exists): content/voca/kr/b1/003/data/data.json
SKIP (exists): content/voca/kr/b1/004/.DS_Store
SKIP (exists): content/voca/kr/b1/004/audio/voca_b1_004.cues.json
SKIP (exists): content/voca/kr/b1/004/audio/audio.wav
SKIP (exists): content/voca/kr/b1/004/data/data.json
SKIP (exists): content/voca/kr/b1/032/.DS_Store
SKIP (exists): content/voca/kr/b1/032/audio/voca_b1_032.cues.json
SKIP (exists): content/voca/kr/b1/032/audio/audio.wav
SKIP (exists): content/voca/kr/b1/032/data/data.json
SKIP (exists): content/voca/kr/b1/035/.DS_Store
SKIP (exists): content/voca/kr/b1/035/audio/voca_b1_035.cues.json
SKIP (exists): content/voca/kr/b1/035/audio/audio.wav
SKIP (exists): content/voca/kr/b1/035/data/data.json
SKIP (exists): content/voca/kr/b1/050/.DS_Store
SKIP (exists): content/voca/kr/b1/050/audio/voca_b1_050.cues.json
SKIP (exists): content/voca/kr/b1/050/audio/audio.wav
SKIP (exists): content/voca/kr/b1/050/data/data.json
SKIP (exists): content/voca/kr/b1/034/.DS_Store
SKIP (exists): content/voca/kr/b1/034/audio/voca_b1_034.cues.json
SKIP (exists): content/voca/kr/b1/034/audio/audio.wav
SKIP (exists): content/voca/kr/b1/034/data/data.json
SKIP (exists): content/voca/kr/b1/033/.DS_Store
SKIP (exists): content/voca/kr/b1/033/audio/voca_b1_033.cues.json
SKIP (exists): content/voca/kr/b1/033/audio/audio.wav
SKIP (exists): content/voca/kr/b1/033/data/data.json
SKIP (exists): content/voca/kr/b1/005/.DS_Store
SKIP (exists): content/voca/kr/b1/005/audio/voca_b1_005.cues.json
SKIP (exists): content/voca/kr/b1/005/audio/audio.wav
SKIP (exists): content/voca/kr/b1/005/data/data.json
SKIP (exists): content/voca/kr/b1/002/.DS_Store
SKIP (exists): content/voca/kr/b1/002/audio/voca_b1_002.cues.json
SKIP (exists): content/voca/kr/b1/002/audio/audio.wav
SKIP (exists): content/voca/kr/b1/002/data/data.json
SKIP (exists): content/voca/kr/a1/024/.DS_Store
SKIP (exists): content/voca/kr/a1/024/audio/voca_a1_024.cues.json
SKIP (exists): content/voca/kr/a1/024/audio/audio.wav
SKIP (exists): content/voca/kr/a1/024/data/data.json
SKIP (exists): content/voca/kr/a1/023/.DS_Store
SKIP (exists): content/voca/kr/a1/023/audio/voca_a1_023.cues.json
SKIP (exists): content/voca/kr/a1/023/audio/audio.wav
SKIP (exists): content/voca/kr/a1/023/data/data.json
SKIP (exists): content/voca/kr/a1/015/.DS_Store
SKIP (exists): content/voca/kr/a1/015/audio/voca_a1_015.cues.json
SKIP (exists): content/voca/kr/a1/015/audio/audio.wav
SKIP (exists): content/voca/kr/a1/015/data/data.json
SKIP (exists): content/voca/kr/a1/.DS_Store
SKIP (exists): content/voca/kr/a1/012/.DS_Store
SKIP (exists): content/voca/kr/a1/012/audio/voca_a1_012.cues.json
SKIP (exists): content/voca/kr/a1/012/audio/audio.wav
SKIP (exists): content/voca/kr/a1/012/data/data.json
SKIP (exists): content/voca/kr/a1/013/.DS_Store
SKIP (exists): content/voca/kr/a1/013/audio/voca_a1_013.cues.json
SKIP (exists): content/voca/kr/a1/013/audio/audio.wav
SKIP (exists): content/voca/kr/a1/013/data/data.json
SKIP (exists): content/voca/kr/a1/014/.DS_Store
SKIP (exists): content/voca/kr/a1/014/audio/voca_a1_014.cues.json
SKIP (exists): content/voca/kr/a1/014/audio/audio.wav
SKIP (exists): content/voca/kr/a1/014/data/data.json
SKIP (exists): content/voca/kr/a1/022/.DS_Store
SKIP (exists): content/voca/kr/a1/022/audio/voca_a1_022.cues.json
SKIP (exists): content/voca/kr/a1/022/audio/audio.wav
SKIP (exists): content/voca/kr/a1/022/data/data.json
SKIP (exists): content/voca/kr/a1/025/.DS_Store
SKIP (exists): content/voca/kr/a1/025/audio/voca_a1_025.cues.json
SKIP (exists): content/voca/kr/a1/025/audio/audio.wav
SKIP (exists): content/voca/kr/a1/025/data/data.json
SKIP (exists): content/voca/kr/a1/040/.DS_Store
SKIP (exists): content/voca/kr/a1/040/audio/voca_a1_040.cues.json
SKIP (exists): content/voca/kr/a1/040/audio/audio.wav
SKIP (exists): content/voca/kr/a1/040/data/data.json
SKIP (exists): content/voca/kr/a1/038/.DS_Store
SKIP (exists): content/voca/kr/a1/038/audio/voca_a1_038.cues.json
SKIP (exists): content/voca/kr/a1/038/audio/audio.wav
SKIP (exists): content/voca/kr/a1/038/data/data.json
SKIP (exists): content/voca/kr/a1/007/.DS_Store
SKIP (exists): content/voca/kr/a1/007/audio/voca_a1_007.cues.json
SKIP (exists): content/voca/kr/a1/007/audio/audio.wav
SKIP (exists): content/voca/kr/a1/007/data/data.json
SKIP (exists): content/voca/kr/a1/009/.DS_Store
SKIP (exists): content/voca/kr/a1/009/audio/voca_a1_009.cues.json
SKIP (exists): content/voca/kr/a1/009/audio/audio.wav
SKIP (exists): content/voca/kr/a1/009/data/data.json
SKIP (exists): content/voca/kr/a1/036/.DS_Store
SKIP (exists): content/voca/kr/a1/036/audio/voca_a1_036.cues.json
SKIP (exists): content/voca/kr/a1/036/audio/audio.wav
SKIP (exists): content/voca/kr/a1/036/data/data.json
SKIP (exists): content/voca/kr/a1/031/.DS_Store
SKIP (exists): content/voca/kr/a1/031/audio/voca_a1_031.cues.json
SKIP (exists): content/voca/kr/a1/031/audio/audio.wav
SKIP (exists): content/voca/kr/a1/031/data/data.json
SKIP (exists): content/voca/kr/a1/030/.DS_Store
SKIP (exists): content/voca/kr/a1/030/audio/voca_a1_030.cues.json
SKIP (exists): content/voca/kr/a1/030/audio/audio.wav
SKIP (exists): content/voca/kr/a1/030/data/data.json
SKIP (exists): content/voca/kr/a1/008/.DS_Store
SKIP (exists): content/voca/kr/a1/008/audio/voca_a1_008.cues.json
SKIP (exists): content/voca/kr/a1/008/audio/audio.wav
SKIP (exists): content/voca/kr/a1/008/data/data.json
SKIP (exists): content/voca/kr/a1/037/.DS_Store
SKIP (exists): content/voca/kr/a1/037/audio/voca_a1_037.cues.json
SKIP (exists): content/voca/kr/a1/037/audio/audio.wav
SKIP (exists): content/voca/kr/a1/037/data/data.json
SKIP (exists): content/voca/kr/a1/001/.DS_Store
SKIP (exists): content/voca/kr/a1/001/audio/voca_a1_001.cues.json
SKIP (exists): content/voca/kr/a1/001/audio/audio.wav
SKIP (exists): content/voca/kr/a1/001/data/data.json
SKIP (exists): content/voca/kr/a1/039/.DS_Store
SKIP (exists): content/voca/kr/a1/039/audio/voca_a1_039.cues.json
SKIP (exists): content/voca/kr/a1/039/audio/audio.wav
SKIP (exists): content/voca/kr/a1/039/data/data.json
SKIP (exists): content/voca/kr/a1/006/.DS_Store
SKIP (exists): content/voca/kr/a1/006/audio/voca_a1_006.cues.json
SKIP (exists): content/voca/kr/a1/006/audio/audio.wav
SKIP (exists): content/voca/kr/a1/006/data/data.json
SKIP (exists): content/voca/kr/a1/020/.DS_Store
SKIP (exists): content/voca/kr/a1/020/audio/voca_a1_020.cues.json
SKIP (exists): content/voca/kr/a1/020/audio/audio.wav
SKIP (exists): content/voca/kr/a1/020/data/data.json
SKIP (exists): content/voca/kr/a1/027/.DS_Store
SKIP (exists): content/voca/kr/a1/027/audio/audio.wav
SKIP (exists): content/voca/kr/a1/027/audio/voca_a1_027.cues.json
SKIP (exists): content/voca/kr/a1/027/data/data.json
SKIP (exists): content/voca/kr/a1/018/.DS_Store
SKIP (exists): content/voca/kr/a1/018/audio/voca_a1_018.cues.json
SKIP (exists): content/voca/kr/a1/018/audio/audio.wav
SKIP (exists): content/voca/kr/a1/018/data/data.json
SKIP (exists): content/voca/kr/a1/011/.DS_Store
SKIP (exists): content/voca/kr/a1/011/audio/voca_a1_011.cues.json
SKIP (exists): content/voca/kr/a1/011/audio/audio.wav
SKIP (exists): content/voca/kr/a1/011/data/data.json
SKIP (exists): content/voca/kr/a1/016/.DS_Store
SKIP (exists): content/voca/kr/a1/016/audio/voca_a1_016.cues.json
SKIP (exists): content/voca/kr/a1/016/audio/audio.wav
SKIP (exists): content/voca/kr/a1/016/data/data.json
SKIP (exists): content/voca/kr/a1/029/.DS_Store
SKIP (exists): content/voca/kr/a1/029/audio/voca_a1_029.cues.json
SKIP (exists): content/voca/kr/a1/029/audio/audio.wav
SKIP (exists): content/voca/kr/a1/029/data/data.json
SKIP (exists): content/voca/kr/a1/017/.DS_Store
SKIP (exists): content/voca/kr/a1/017/audio/voca_a1_017.cues.json
SKIP (exists): content/voca/kr/a1/017/audio/audio.wav
SKIP (exists): content/voca/kr/a1/017/data/data.json
SKIP (exists): content/voca/kr/a1/028/.DS_Store
SKIP (exists): content/voca/kr/a1/028/audio/voca_a1_028.cues.json
SKIP (exists): content/voca/kr/a1/028/audio/audio.wav
SKIP (exists): content/voca/kr/a1/028/data/data.json
SKIP (exists): content/voca/kr/a1/010/.DS_Store
SKIP (exists): content/voca/kr/a1/010/audio/voca_a1_010.cues.json
SKIP (exists): content/voca/kr/a1/010/audio/audio.wav
SKIP (exists): content/voca/kr/a1/010/data/data.json
SKIP (exists): content/voca/kr/a1/026/.DS_Store
SKIP (exists): content/voca/kr/a1/026/audio/voca_a1_026.cues.json
SKIP (exists): content/voca/kr/a1/026/audio/audio.wav
SKIP (exists): content/voca/kr/a1/026/data/data.json
SKIP (exists): content/voca/kr/a1/019/.DS_Store
SKIP (exists): content/voca/kr/a1/019/audio/voca_a1_019.cues.json
SKIP (exists): content/voca/kr/a1/019/audio/audio.wav
SKIP (exists): content/voca/kr/a1/019/data/data.json
SKIP (exists): content/voca/kr/a1/021/.DS_Store
SKIP (exists): content/voca/kr/a1/021/audio/voca_a1_021.cues.json
SKIP (exists): content/voca/kr/a1/021/audio/audio.wav
SKIP (exists): content/voca/kr/a1/021/data/data.json
SKIP (exists): content/voca/kr/a1/003/.DS_Store
SKIP (exists): content/voca/kr/a1/003/audio/voca_a1_003.cues.json
SKIP (exists): content/voca/kr/a1/003/audio/audio.wav
SKIP (exists): content/voca/kr/a1/003/data/data.json
SKIP (exists): content/voca/kr/a1/004/.DS_Store
SKIP (exists): content/voca/kr/a1/004/audio/voca_a1_004.cues.json
SKIP (exists): content/voca/kr/a1/004/audio/audio.wav
SKIP (exists): content/voca/kr/a1/004/data/data.json
SKIP (exists): content/voca/kr/a1/032/.DS_Store
SKIP (exists): content/voca/kr/a1/032/audio/voca_a1_032.cues.json
SKIP (exists): content/voca/kr/a1/032/audio/audio.wav
SKIP (exists): content/voca/kr/a1/032/data/data.json
SKIP (exists): content/voca/kr/a1/035/.DS_Store
SKIP (exists): content/voca/kr/a1/035/audio/voca_a1_035.cues.json
SKIP (exists): content/voca/kr/a1/035/audio/audio.wav
SKIP (exists): content/voca/kr/a1/035/data/data.json
SKIP (exists): content/voca/kr/a1/034/.DS_Store
SKIP (exists): content/voca/kr/a1/034/audio/voca_a1_034.cues.json
SKIP (exists): content/voca/kr/a1/034/audio/audio.wav
SKIP (exists): content/voca/kr/a1/034/data/data.json
SKIP (exists): content/voca/kr/a1/033/.DS_Store
SKIP (exists): content/voca/kr/a1/033/audio/audio.wav
SKIP (exists): content/voca/kr/a1/033/audio/voca_a1_033.cues.json
SKIP (exists): content/voca/kr/a1/033/data/data.json
SKIP (exists): content/voca/kr/a1/005/.DS_Store
SKIP (exists): content/voca/kr/a1/005/audio/voca_a1_005.cues.json
SKIP (exists): content/voca/kr/a1/005/audio/audio.wav
SKIP (exists): content/voca/kr/a1/005/data/data.json
SKIP (exists): content/voca/kr/a1/002/.DS_Store
SKIP (exists): content/voca/kr/a1/002/audio/voca_a1_002.cues.json
SKIP (exists): content/voca/kr/a1/002/audio/audio.wav
SKIP (exists): content/voca/kr/a1/002/data/data.json
SKIP (exists): content/voca/kr/c2/.DS_Store
SKIP (exists): content/voca/kr/c2/007/.DS_Store
SKIP (exists): content/voca/kr/c2/007/audio/voca_c2_007.cues.json
SKIP (exists): content/voca/kr/c2/007/audio/audio.wav
SKIP (exists): content/voca/kr/c2/007/data/data.json
SKIP (exists): content/voca/kr/c2/009/.DS_Store
SKIP (exists): content/voca/kr/c2/009/audio/voca_c2_009.cues.json
SKIP (exists): content/voca/kr/c2/009/audio/audio.wav
SKIP (exists): content/voca/kr/c2/009/data/data.json
SKIP (exists): content/voca/kr/c2/008/.DS_Store
SKIP (exists): content/voca/kr/c2/008/audio/voca_c2_008.cues.json
SKIP (exists): content/voca/kr/c2/008/audio/audio.wav
SKIP (exists): content/voca/kr/c2/008/data/data.json
SKIP (exists): content/voca/kr/c2/001/.DS_Store
SKIP (exists): content/voca/kr/c2/001/audio/voca_c2_001.cues.json
SKIP (exists): content/voca/kr/c2/001/audio/audio.wav
SKIP (exists): content/voca/kr/c2/001/data/data.json
SKIP (exists): content/voca/kr/c2/006/.DS_Store
SKIP (exists): content/voca/kr/c2/006/audio/voca_c2_006.cues.json
SKIP (exists): content/voca/kr/c2/006/audio/audio.wav
SKIP (exists): content/voca/kr/c2/006/data/data.json
SKIP (exists): content/voca/kr/c2/010/.DS_Store
SKIP (exists): content/voca/kr/c2/010/audio/voca_c2_010.cues.json
SKIP (exists): content/voca/kr/c2/010/audio/audio.wav
SKIP (exists): content/voca/kr/c2/010/data/data.json
SKIP (exists): content/voca/kr/c2/003/.DS_Store
SKIP (exists): content/voca/kr/c2/003/audio/voca_c2_003.cues.json
SKIP (exists): content/voca/kr/c2/003/audio/audio.wav
SKIP (exists): content/voca/kr/c2/003/data/data.json
SKIP (exists): content/voca/kr/c2/004/.DS_Store
SKIP (exists): content/voca/kr/c2/004/audio/voca_c2_004.cues.json
SKIP (exists): content/voca/kr/c2/004/audio/audio.wav
SKIP (exists): content/voca/kr/c2/004/data/data.json
SKIP (exists): content/voca/kr/c2/005/.DS_Store
SKIP (exists): content/voca/kr/c2/005/audio/voca_c2_005.cues.json
SKIP (exists): content/voca/kr/c2/005/audio/audio.wav
SKIP (exists): content/voca/kr/c2/005/data/data.json
SKIP (exists): content/voca/kr/c2/002/.DS_Store
SKIP (exists): content/voca/kr/c2/002/audio/voca_c2_002.cues.json
SKIP (exists): content/voca/kr/c2/002/audio/audio.wav
SKIP (exists): content/voca/kr/c2/002/data/data.json
SKIP (exists): content/voca/fr/.DS_Store
SKIP (exists): content/voca/fr/b2/024/.DS_Store
SKIP (exists): content/voca/fr/b2/024/audio/voca_b2_024.cues.json
SKIP (exists): content/voca/fr/b2/024/audio/audio.wav
SKIP (exists): content/voca/fr/b2/024/data/data.json
SKIP (exists): content/voca/fr/b2/023/.DS_Store
SKIP (exists): content/voca/fr/b2/023/audio/voca_b2_023.cues.json
SKIP (exists): content/voca/fr/b2/023/audio/audio.wav
SKIP (exists): content/voca/fr/b2/023/data/data.json
SKIP (exists): content/voca/fr/b2/015/.DS_Store
SKIP (exists): content/voca/fr/b2/015/audio/audio.wav
SKIP (exists): content/voca/fr/b2/015/audio/voca_b2_015.cues.json
SKIP (exists): content/voca/fr/b2/015/data/data.json
SKIP (exists): content/voca/fr/b2/.DS_Store
SKIP (exists): content/voca/fr/b2/012/.DS_Store
SKIP (exists): content/voca/fr/b2/012/audio/voca_b2_012.cues.json
SKIP (exists): content/voca/fr/b2/012/audio/audio.wav
SKIP (exists): content/voca/fr/b2/012/data/data.json
SKIP (exists): content/voca/fr/b2/013/.DS_Store
SKIP (exists): content/voca/fr/b2/013/audio/voca_b2_013.cues.json
SKIP (exists): content/voca/fr/b2/013/audio/audio.wav
SKIP (exists): content/voca/fr/b2/013/data/data.json
SKIP (exists): content/voca/fr/b2/014/.DS_Store
SKIP (exists): content/voca/fr/b2/014/audio/voca_b2_014.cues.json
SKIP (exists): content/voca/fr/b2/014/audio/audio.wav
SKIP (exists): content/voca/fr/b2/014/data/data.json
SKIP (exists): content/voca/fr/b2/022/.DS_Store
SKIP (exists): content/voca/fr/b2/022/audio/voca_b2_022.cues.json
SKIP (exists): content/voca/fr/b2/022/audio/audio.wav
SKIP (exists): content/voca/fr/b2/022/data/data.json
SKIP (exists): content/voca/fr/b2/025/.DS_Store
SKIP (exists): content/voca/fr/b2/025/audio/voca_b2_025.cues.json
SKIP (exists): content/voca/fr/b2/025/audio/audio.wav
SKIP (exists): content/voca/fr/b2/025/data/data.json
SKIP (exists): content/voca/fr/b2/040/.DS_Store
SKIP (exists): content/voca/fr/b2/040/audio/voca_b2_040.cues.json
SKIP (exists): content/voca/fr/b2/040/audio/audio.wav
SKIP (exists): content/voca/fr/b2/040/data/data.json
SKIP (exists): content/voca/fr/b2/038/.DS_Store
SKIP (exists): content/voca/fr/b2/038/audio/voca_b2_038.cues.json
SKIP (exists): content/voca/fr/b2/038/audio/audio.wav
SKIP (exists): content/voca/fr/b2/038/data/data.json
SKIP (exists): content/voca/fr/b2/007/.DS_Store
SKIP (exists): content/voca/fr/b2/007/audio/voca_b2_007.cues.json
SKIP (exists): content/voca/fr/b2/007/audio/audio.wav
SKIP (exists): content/voca/fr/b2/007/data/data.json
SKIP (exists): content/voca/fr/b2/009/.DS_Store
SKIP (exists): content/voca/fr/b2/009/audio/voca_b2_009.cues.json
SKIP (exists): content/voca/fr/b2/009/audio/audio.wav
SKIP (exists): content/voca/fr/b2/009/data/data.json
SKIP (exists): content/voca/fr/b2/036/.DS_Store
SKIP (exists): content/voca/fr/b2/036/audio/voca_b2_036.cues.json
SKIP (exists): content/voca/fr/b2/036/audio/audio.wav
SKIP (exists): content/voca/fr/b2/036/data/data.json
SKIP (exists): content/voca/fr/b2/031/.DS_Store
SKIP (exists): content/voca/fr/b2/031/audio/voca_b2_031.cues.json
SKIP (exists): content/voca/fr/b2/031/audio/audio.wav
SKIP (exists): content/voca/fr/b2/031/data/data.json
SKIP (exists): content/voca/fr/b2/030/.DS_Store
SKIP (exists): content/voca/fr/b2/030/audio/voca_b2_030.cues.json
SKIP (exists): content/voca/fr/b2/030/audio/audio.wav
SKIP (exists): content/voca/fr/b2/030/data/data.json
SKIP (exists): content/voca/fr/b2/008/.DS_Store
SKIP (exists): content/voca/fr/b2/008/audio/voca_b2_008.cues.json
SKIP (exists): content/voca/fr/b2/008/audio/audio.wav
SKIP (exists): content/voca/fr/b2/008/data/data.json
SKIP (exists): content/voca/fr/b2/037/.DS_Store
SKIP (exists): content/voca/fr/b2/037/audio/voca_b2_037.cues.json
SKIP (exists): content/voca/fr/b2/037/audio/audio.wav
SKIP (exists): content/voca/fr/b2/037/data/data.json
SKIP (exists): content/voca/fr/b2/001/.DS_Store
SKIP (exists): content/voca/fr/b2/001/audio/audio.wav
SKIP (exists): content/voca/fr/b2/001/audio/voca_b2_001.cues.json
SKIP (exists): content/voca/fr/b2/001/data/data.json
SKIP (exists): content/voca/fr/b2/039/.DS_Store
SKIP (exists): content/voca/fr/b2/039/audio/audio.wav
SKIP (exists): content/voca/fr/b2/039/audio/voca_b2_039.cues.json
SKIP (exists): content/voca/fr/b2/039/data/data.json
SKIP (exists): content/voca/fr/b2/006/.DS_Store
SKIP (exists): content/voca/fr/b2/006/audio/voca_b2_006.cues.json
SKIP (exists): content/voca/fr/b2/006/audio/audio.wav
SKIP (exists): content/voca/fr/b2/006/data/data.json
SKIP (exists): content/voca/fr/b2/020/.DS_Store
SKIP (exists): content/voca/fr/b2/020/audio/audio.wav
SKIP (exists): content/voca/fr/b2/020/audio/voca_b2_020.cues.json
SKIP (exists): content/voca/fr/b2/020/data/data.json
SKIP (exists): content/voca/fr/b2/027/.DS_Store
SKIP (exists): content/voca/fr/b2/027/audio/voca_b2_027.cues.json
SKIP (exists): content/voca/fr/b2/027/audio/audio.wav
SKIP (exists): content/voca/fr/b2/027/data/data.json
SKIP (exists): content/voca/fr/b2/018/.DS_Store
SKIP (exists): content/voca/fr/b2/018/audio/voca_b2_018.cues.json
SKIP (exists): content/voca/fr/b2/018/audio/audio.wav
SKIP (exists): content/voca/fr/b2/018/data/data.json
SKIP (exists): content/voca/fr/b2/011/.DS_Store
SKIP (exists): content/voca/fr/b2/011/audio/voca_b2_011.cues.json
SKIP (exists): content/voca/fr/b2/011/audio/audio.wav
SKIP (exists): content/voca/fr/b2/011/data/data.json
SKIP (exists): content/voca/fr/b2/016/.DS_Store
SKIP (exists): content/voca/fr/b2/016/audio/voca_b2_016.cues.json
SKIP (exists): content/voca/fr/b2/016/audio/audio.wav
SKIP (exists): content/voca/fr/b2/016/data/data.json
SKIP (exists): content/voca/fr/b2/029/.DS_Store
SKIP (exists): content/voca/fr/b2/029/audio/voca_b2_029.cues.json
SKIP (exists): content/voca/fr/b2/029/audio/audio.wav
SKIP (exists): content/voca/fr/b2/029/data/data.json
SKIP (exists): content/voca/fr/b2/017/.DS_Store
SKIP (exists): content/voca/fr/b2/017/audio/voca_b2_017.cues.json
SKIP (exists): content/voca/fr/b2/017/audio/audio.wav
SKIP (exists): content/voca/fr/b2/017/data/data.json
SKIP (exists): content/voca/fr/b2/028/.DS_Store
SKIP (exists): content/voca/fr/b2/028/audio/voca_b2_028.cues.json
SKIP (exists): content/voca/fr/b2/028/audio/audio.wav
SKIP (exists): content/voca/fr/b2/028/data/data.json
SKIP (exists): content/voca/fr/b2/010/.DS_Store
SKIP (exists): content/voca/fr/b2/010/audio/voca_b2_010.cues.json
SKIP (exists): content/voca/fr/b2/010/audio/audio.wav
SKIP (exists): content/voca/fr/b2/010/data/data.json
SKIP (exists): content/voca/fr/b2/026/.DS_Store
SKIP (exists): content/voca/fr/b2/026/audio/voca_b2_026.cues.json
SKIP (exists): content/voca/fr/b2/026/audio/audio.wav
SKIP (exists): content/voca/fr/b2/026/data/data.json
SKIP (exists): content/voca/fr/b2/019/.DS_Store
SKIP (exists): content/voca/fr/b2/019/audio/voca_b2_019.cues.json
SKIP (exists): content/voca/fr/b2/019/audio/audio.wav
SKIP (exists): content/voca/fr/b2/019/data/data.json
SKIP (exists): content/voca/fr/b2/021/.DS_Store
SKIP (exists): content/voca/fr/b2/021/audio/voca_b2_021.cues.json
SKIP (exists): content/voca/fr/b2/021/audio/audio.wav
SKIP (exists): content/voca/fr/b2/021/data/data.json
SKIP (exists): content/voca/fr/b2/003/.DS_Store
SKIP (exists): content/voca/fr/b2/003/audio/voca_b2_003.cues.json
SKIP (exists): content/voca/fr/b2/003/audio/audio.wav
SKIP (exists): content/voca/fr/b2/003/data/data.json
SKIP (exists): content/voca/fr/b2/004/.DS_Store
SKIP (exists): content/voca/fr/b2/004/audio/voca_b2_004.cues.json
SKIP (exists): content/voca/fr/b2/004/audio/audio.wav
SKIP (exists): content/voca/fr/b2/004/data/data.json
SKIP (exists): content/voca/fr/b2/032/.DS_Store
SKIP (exists): content/voca/fr/b2/032/audio/voca_b2_032.cues.json
SKIP (exists): content/voca/fr/b2/032/audio/audio.wav
SKIP (exists): content/voca/fr/b2/032/data/data.json
SKIP (exists): content/voca/fr/b2/035/.DS_Store
SKIP (exists): content/voca/fr/b2/035/audio/voca_b2_035.cues.json
SKIP (exists): content/voca/fr/b2/035/audio/audio.wav
SKIP (exists): content/voca/fr/b2/035/data/data.json
SKIP (exists): content/voca/fr/b2/034/.DS_Store
SKIP (exists): content/voca/fr/b2/034/audio/audio.wav
SKIP (exists): content/voca/fr/b2/034/audio/voca_b2_034.cues.json
SKIP (exists): content/voca/fr/b2/034/data/data.json
SKIP (exists): content/voca/fr/b2/033/.DS_Store
SKIP (exists): content/voca/fr/b2/033/audio/voca_b2_033.cues.json
SKIP (exists): content/voca/fr/b2/033/audio/audio.wav
SKIP (exists): content/voca/fr/b2/033/data/data.json
SKIP (exists): content/voca/fr/b2/005/.DS_Store
SKIP (exists): content/voca/fr/b2/005/audio/voca_b2_005.cues.json
SKIP (exists): content/voca/fr/b2/005/audio/audio.wav
SKIP (exists): content/voca/fr/b2/005/data/data.json
SKIP (exists): content/voca/fr/b2/002/.DS_Store
SKIP (exists): content/voca/fr/b2/002/audio/voca_b2_002.cues.json
SKIP (exists): content/voca/fr/b2/002/audio/audio.wav
SKIP (exists): content/voca/fr/b2/002/data/data.json
SKIP (exists): content/voca/fr/a2/024/.DS_Store
SKIP (exists): content/voca/fr/a2/024/audio/voca_a2_024.cues.json
SKIP (exists): content/voca/fr/a2/024/audio/audio.wav
SKIP (exists): content/voca/fr/a2/024/data/data.json
SKIP (exists): content/voca/fr/a2/023/.DS_Store
SKIP (exists): content/voca/fr/a2/023/audio/voca_a2_023.cues.json
SKIP (exists): content/voca/fr/a2/023/audio/audio.wav
SKIP (exists): content/voca/fr/a2/023/data/data.json
SKIP (exists): content/voca/fr/a2/015/.DS_Store
SKIP (exists): content/voca/fr/a2/015/audio/voca_a2_015.cues.json
SKIP (exists): content/voca/fr/a2/015/audio/audio.wav
SKIP (exists): content/voca/fr/a2/015/data/data.json
SKIP (exists): content/voca/fr/a2/.DS_Store
SKIP (exists): content/voca/fr/a2/012/.DS_Store
SKIP (exists): content/voca/fr/a2/012/audio/voca_a2_012.cues.json
SKIP (exists): content/voca/fr/a2/012/audio/audio.wav
SKIP (exists): content/voca/fr/a2/012/data/data.json
SKIP (exists): content/voca/fr/a2/013/.DS_Store
SKIP (exists): content/voca/fr/a2/013/audio/voca_a2_013.cues.json
SKIP (exists): content/voca/fr/a2/013/audio/audio.wav
SKIP (exists): content/voca/fr/a2/013/data/data.json
SKIP (exists): content/voca/fr/a2/014/.DS_Store
SKIP (exists): content/voca/fr/a2/014/audio/audio.wav
SKIP (exists): content/voca/fr/a2/014/audio/voca_a2_014.cues.json
SKIP (exists): content/voca/fr/a2/014/data/data.json
SKIP (exists): content/voca/fr/a2/022/.DS_Store
SKIP (exists): content/voca/fr/a2/022/audio/voca_a2_022.cues.json
SKIP (exists): content/voca/fr/a2/022/audio/audio.wav
SKIP (exists): content/voca/fr/a2/022/data/data.json
SKIP (exists): content/voca/fr/a2/025/.DS_Store
SKIP (exists): content/voca/fr/a2/025/audio/voca_a2_025.cues.json
SKIP (exists): content/voca/fr/a2/025/audio/audio.wav
SKIP (exists): content/voca/fr/a2/025/data/data.json
SKIP (exists): content/voca/fr/a2/040/.DS_Store
SKIP (exists): content/voca/fr/a2/040/audio/voca_a2_040.cues.json
SKIP (exists): content/voca/fr/a2/040/audio/audio.wav
SKIP (exists): content/voca/fr/a2/040/data/data.json
SKIP (exists): content/voca/fr/a2/038/.DS_Store
SKIP (exists): content/voca/fr/a2/038/audio/voca_a2_038.cues.json
SKIP (exists): content/voca/fr/a2/038/audio/audio.wav
SKIP (exists): content/voca/fr/a2/038/data/data.json
SKIP (exists): content/voca/fr/a2/007/.DS_Store
SKIP (exists): content/voca/fr/a2/007/audio/voca_a2_007.cues.json
SKIP (exists): content/voca/fr/a2/007/audio/audio.wav
SKIP (exists): content/voca/fr/a2/007/data/data.json
SKIP (exists): content/voca/fr/a2/009/.DS_Store
SKIP (exists): content/voca/fr/a2/009/audio/voca_a2_009.cues.json
SKIP (exists): content/voca/fr/a2/009/audio/audio.wav
SKIP (exists): content/voca/fr/a2/009/data/data.json
SKIP (exists): content/voca/fr/a2/036/.DS_Store
SKIP (exists): content/voca/fr/a2/036/audio/voca_a2_036.cues.json
SKIP (exists): content/voca/fr/a2/036/audio/audio.wav
SKIP (exists): content/voca/fr/a2/036/data/data.json
SKIP (exists): content/voca/fr/a2/031/.DS_Store
SKIP (exists): content/voca/fr/a2/031/audio/voca_a2_031.cues.json
SKIP (exists): content/voca/fr/a2/031/audio/audio.wav
SKIP (exists): content/voca/fr/a2/031/data/data.json
SKIP (exists): content/voca/fr/a2/030/.DS_Store
SKIP (exists): content/voca/fr/a2/030/audio/voca_a2_030.cues.json
SKIP (exists): content/voca/fr/a2/030/audio/audio.wav
SKIP (exists): content/voca/fr/a2/030/data/data.json
SKIP (exists): content/voca/fr/a2/008/.DS_Store
SKIP (exists): content/voca/fr/a2/008/audio/voca_a2_008.cues.json
SKIP (exists): content/voca/fr/a2/008/audio/audio.wav
SKIP (exists): content/voca/fr/a2/008/data/data.json
SKIP (exists): content/voca/fr/a2/037/.DS_Store
SKIP (exists): content/voca/fr/a2/037/audio/voca_a2_037.cues.json
SKIP (exists): content/voca/fr/a2/037/audio/audio.wav
SKIP (exists): content/voca/fr/a2/037/data/data.json
SKIP (exists): content/voca/fr/a2/001/.DS_Store
SKIP (exists): content/voca/fr/a2/001/audio/voca_a2_001.cues.json
SKIP (exists): content/voca/fr/a2/001/audio/audio.wav
SKIP (exists): content/voca/fr/a2/001/data/data.json
SKIP (exists): content/voca/fr/a2/039/.DS_Store
SKIP (exists): content/voca/fr/a2/039/audio/voca_a2_039.cues.json
SKIP (exists): content/voca/fr/a2/039/audio/audio.wav
SKIP (exists): content/voca/fr/a2/039/data/data.json
SKIP (exists): content/voca/fr/a2/006/.DS_Store
SKIP (exists): content/voca/fr/a2/006/audio/voca_a2_006.cues.json
SKIP (exists): content/voca/fr/a2/006/audio/audio.wav
SKIP (exists): content/voca/fr/a2/006/data/data.json
SKIP (exists): content/voca/fr/a2/020/.DS_Store
SKIP (exists): content/voca/fr/a2/020/audio/voca_a2_020.cues.json
SKIP (exists): content/voca/fr/a2/020/audio/audio.wav
SKIP (exists): content/voca/fr/a2/020/data/data.json
SKIP (exists): content/voca/fr/a2/027/.DS_Store
SKIP (exists): content/voca/fr/a2/027/audio/voca_a2_027.cues.json
SKIP (exists): content/voca/fr/a2/027/audio/audio.wav
SKIP (exists): content/voca/fr/a2/027/data/data.json
SKIP (exists): content/voca/fr/a2/018/.DS_Store
SKIP (exists): content/voca/fr/a2/018/audio/voca_a2_018.cues.json
SKIP (exists): content/voca/fr/a2/018/audio/audio.wav
SKIP (exists): content/voca/fr/a2/018/data/data.json
SKIP (exists): content/voca/fr/a2/011/.DS_Store
SKIP (exists): content/voca/fr/a2/011/audio/voca_a2_011.cues.json
SKIP (exists): content/voca/fr/a2/011/audio/audio.wav
SKIP (exists): content/voca/fr/a2/011/data/data.json
SKIP (exists): content/voca/fr/a2/016/.DS_Store
SKIP (exists): content/voca/fr/a2/016/audio/voca_a2_016.cues.json
SKIP (exists): content/voca/fr/a2/016/audio/audio.wav
SKIP (exists): content/voca/fr/a2/016/data/data.json
SKIP (exists): content/voca/fr/a2/029/.DS_Store
SKIP (exists): content/voca/fr/a2/029/audio/voca_a2_029.cues.json
SKIP (exists): content/voca/fr/a2/029/audio/audio.wav
SKIP (exists): content/voca/fr/a2/029/data/data.json
SKIP (exists): content/voca/fr/a2/017/.DS_Store
SKIP (exists): content/voca/fr/a2/017/audio/voca_a2_017.cues.json
SKIP (exists): content/voca/fr/a2/017/audio/audio.wav
SKIP (exists): content/voca/fr/a2/017/data/data.json
SKIP (exists): content/voca/fr/a2/028/.DS_Store
SKIP (exists): content/voca/fr/a2/028/audio/voca_a2_028.cues.json
SKIP (exists): content/voca/fr/a2/028/audio/audio.wav
SKIP (exists): content/voca/fr/a2/028/data/data.json
SKIP (exists): content/voca/fr/a2/010/.DS_Store
SKIP (exists): content/voca/fr/a2/010/audio/voca_a2_010.cues.json
SKIP (exists): content/voca/fr/a2/010/audio/audio.wav
SKIP (exists): content/voca/fr/a2/010/data/data.json
SKIP (exists): content/voca/fr/a2/026/.DS_Store
SKIP (exists): content/voca/fr/a2/026/audio/voca_a2_026.cues.json
SKIP (exists): content/voca/fr/a2/026/audio/audio.wav
SKIP (exists): content/voca/fr/a2/026/data/data.json
SKIP (exists): content/voca/fr/a2/019/.DS_Store
SKIP (exists): content/voca/fr/a2/019/audio/audio.wav
SKIP (exists): content/voca/fr/a2/019/audio/voca_a2_019.cues.json
SKIP (exists): content/voca/fr/a2/019/data/data.json
SKIP (exists): content/voca/fr/a2/021/.DS_Store
SKIP (exists): content/voca/fr/a2/021/audio/audio.wav
SKIP (exists): content/voca/fr/a2/021/audio/voca_a2_021.cues.json
SKIP (exists): content/voca/fr/a2/021/data/data.json
SKIP (exists): content/voca/fr/a2/003/.DS_Store
SKIP (exists): content/voca/fr/a2/003/audio/voca_a2_003.cues.json
SKIP (exists): content/voca/fr/a2/003/audio/audio.wav
SKIP (exists): content/voca/fr/a2/003/data/data.json
SKIP (exists): content/voca/fr/a2/004/.DS_Store
SKIP (exists): content/voca/fr/a2/004/audio/voca_a2_004.cues.json
SKIP (exists): content/voca/fr/a2/004/audio/audio.wav
SKIP (exists): content/voca/fr/a2/004/data/data.json
SKIP (exists): content/voca/fr/a2/032/.DS_Store
SKIP (exists): content/voca/fr/a2/032/audio/voca_a2_032.cues.json
SKIP (exists): content/voca/fr/a2/032/audio/audio.wav
SKIP (exists): content/voca/fr/a2/032/data/data.json
SKIP (exists): content/voca/fr/a2/035/.DS_Store
SKIP (exists): content/voca/fr/a2/035/audio/audio.wav
SKIP (exists): content/voca/fr/a2/035/audio/voca_a2_035.cues.json
SKIP (exists): content/voca/fr/a2/035/data/data.json
SKIP (exists): content/voca/fr/a2/034/.DS_Store
SKIP (exists): content/voca/fr/a2/034/audio/voca_a2_034.cues.json
SKIP (exists): content/voca/fr/a2/034/audio/audio.wav
SKIP (exists): content/voca/fr/a2/034/data/data.json
SKIP (exists): content/voca/fr/a2/033/.DS_Store
SKIP (exists): content/voca/fr/a2/033/audio/voca_a2_033.cues.json
SKIP (exists): content/voca/fr/a2/033/audio/audio.wav
SKIP (exists): content/voca/fr/a2/033/data/data.json
SKIP (exists): content/voca/fr/a2/005/.DS_Store
SKIP (exists): content/voca/fr/a2/005/audio/voca_a2_005.cues.json
SKIP (exists): content/voca/fr/a2/005/audio/audio.wav
SKIP (exists): content/voca/fr/a2/005/data/data.json
SKIP (exists): content/voca/fr/a2/002/.DS_Store
SKIP (exists): content/voca/fr/a2/002/audio/voca_a2_002.cues.json
SKIP (exists): content/voca/fr/a2/002/audio/audio.wav
SKIP (exists): content/voca/fr/a2/002/data/data.json
SKIP (exists): content/voca/fr/c1/015/.DS_Store
SKIP (exists): content/voca/fr/c1/015/audio/audio.wav
SKIP (exists): content/voca/fr/c1/015/audio/voca_c1_015.cues.json
SKIP (exists): content/voca/fr/c1/015/data/data.json
SKIP (exists): content/voca/fr/c1/.DS_Store
SKIP (exists): content/voca/fr/c1/012/.DS_Store
SKIP (exists): content/voca/fr/c1/012/audio/voca_c1_012.cues.json
SKIP (exists): content/voca/fr/c1/012/audio/audio.wav
SKIP (exists): content/voca/fr/c1/012/data/data.json
SKIP (exists): content/voca/fr/c1/013/.DS_Store
SKIP (exists): content/voca/fr/c1/013/audio/voca_c1_013.cues.json
SKIP (exists): content/voca/fr/c1/013/audio/audio.wav
SKIP (exists): content/voca/fr/c1/013/data/data.json
SKIP (exists): content/voca/fr/c1/014/.DS_Store
SKIP (exists): content/voca/fr/c1/014/audio/voca_c1_014.cues.json
SKIP (exists): content/voca/fr/c1/014/audio/audio.wav
SKIP (exists): content/voca/fr/c1/014/data/data.json
SKIP (exists): content/voca/fr/c1/007/.DS_Store
SKIP (exists): content/voca/fr/c1/007/audio/voca_c1_007.cues.json
SKIP (exists): content/voca/fr/c1/007/audio/audio.wav
SKIP (exists): content/voca/fr/c1/007/data/data.json
SKIP (exists): content/voca/fr/c1/009/.DS_Store
SKIP (exists): content/voca/fr/c1/009/audio/voca_c1_009.cues.json
SKIP (exists): content/voca/fr/c1/009/audio/audio.wav
SKIP (exists): content/voca/fr/c1/009/data/data.json
SKIP (exists): content/voca/fr/c1/008/.DS_Store
SKIP (exists): content/voca/fr/c1/008/audio/voca_c1_008.cues.json
SKIP (exists): content/voca/fr/c1/008/audio/audio.wav
SKIP (exists): content/voca/fr/c1/008/data/data.json
SKIP (exists): content/voca/fr/c1/001/.DS_Store
SKIP (exists): content/voca/fr/c1/001/audio/audio.wav
SKIP (exists): content/voca/fr/c1/001/audio/voca_c1_001.cues.json
SKIP (exists): content/voca/fr/c1/001/data/data.json
SKIP (exists): content/voca/fr/c1/006/.DS_Store
SKIP (exists): content/voca/fr/c1/006/audio/voca_c1_006.cues.json
SKIP (exists): content/voca/fr/c1/006/audio/audio.wav
SKIP (exists): content/voca/fr/c1/006/data/data.json
SKIP (exists): content/voca/fr/c1/020/.DS_Store
SKIP (exists): content/voca/fr/c1/020/audio/audio.wav
SKIP (exists): content/voca/fr/c1/020/audio/voca_c1_020.cues.json
SKIP (exists): content/voca/fr/c1/020/data/data.json
SKIP (exists): content/voca/fr/c1/018/.DS_Store
SKIP (exists): content/voca/fr/c1/018/audio/audio.wav
SKIP (exists): content/voca/fr/c1/018/audio/voca_c1_018.cues.json
SKIP (exists): content/voca/fr/c1/018/data/data.json
SKIP (exists): content/voca/fr/c1/011/.DS_Store
SKIP (exists): content/voca/fr/c1/011/audio/voca_c1_011.cues.json
SKIP (exists): content/voca/fr/c1/011/audio/audio.wav
SKIP (exists): content/voca/fr/c1/011/data/data.json
SKIP (exists): content/voca/fr/c1/016/.DS_Store
SKIP (exists): content/voca/fr/c1/016/audio/voca_c1_016.cues.json
SKIP (exists): content/voca/fr/c1/016/audio/audio.wav
SKIP (exists): content/voca/fr/c1/016/data/data.json
SKIP (exists): content/voca/fr/c1/017/.DS_Store
SKIP (exists): content/voca/fr/c1/017/audio/voca_c1_017.cues.json
SKIP (exists): content/voca/fr/c1/017/audio/audio.wav
SKIP (exists): content/voca/fr/c1/017/data/data.json
SKIP (exists): content/voca/fr/c1/010/.DS_Store
SKIP (exists): content/voca/fr/c1/010/audio/voca_c1_010.cues.json
SKIP (exists): content/voca/fr/c1/010/audio/audio.wav
SKIP (exists): content/voca/fr/c1/010/data/data.json
SKIP (exists): content/voca/fr/c1/019/.DS_Store
SKIP (exists): content/voca/fr/c1/019/audio/voca_c1_019.cues.json
SKIP (exists): content/voca/fr/c1/019/audio/audio.wav
SKIP (exists): content/voca/fr/c1/019/data/data.json
SKIP (exists): content/voca/fr/c1/003/.DS_Store
SKIP (exists): content/voca/fr/c1/003/audio/voca_c1_003.cues.json
SKIP (exists): content/voca/fr/c1/003/audio/audio.wav
SKIP (exists): content/voca/fr/c1/003/data/data.json
SKIP (exists): content/voca/fr/c1/004/.DS_Store
SKIP (exists): content/voca/fr/c1/004/audio/voca_c1_004.cues.json
SKIP (exists): content/voca/fr/c1/004/audio/audio.wav
SKIP (exists): content/voca/fr/c1/004/data/data.json
SKIP (exists): content/voca/fr/c1/005/.DS_Store
SKIP (exists): content/voca/fr/c1/005/audio/voca_c1_005.cues.json
SKIP (exists): content/voca/fr/c1/005/audio/audio.wav
SKIP (exists): content/voca/fr/c1/005/data/data.json
SKIP (exists): content/voca/fr/c1/002/.DS_Store
SKIP (exists): content/voca/fr/c1/002/audio/voca_c1_002.cues.json
SKIP (exists): content/voca/fr/c1/002/audio/audio.wav
SKIP (exists): content/voca/fr/c1/002/data/data.json
SKIP (exists): content/voca/fr/b1/024/.DS_Store
SKIP (exists): content/voca/fr/b1/024/audio/voca_b1_024.cues.json
SKIP (exists): content/voca/fr/b1/024/audio/audio.wav
SKIP (exists): content/voca/fr/b1/024/data/data.json
SKIP (exists): content/voca/fr/b1/023/.DS_Store
SKIP (exists): content/voca/fr/b1/023/audio/voca_b1_023.cues.json
SKIP (exists): content/voca/fr/b1/023/audio/audio.wav
SKIP (exists): content/voca/fr/b1/023/data/data.json
SKIP (exists): content/voca/fr/b1/015/.DS_Store
SKIP (exists): content/voca/fr/b1/015/audio/voca_b1_015.cues.json
SKIP (exists): content/voca/fr/b1/015/audio/audio.wav
SKIP (exists): content/voca/fr/b1/015/data/data.json
SKIP (exists): content/voca/fr/b1/.DS_Store
SKIP (exists): content/voca/fr/b1/012/.DS_Store
SKIP (exists): content/voca/fr/b1/012/audio/voca_b1_012.cues.json
SKIP (exists): content/voca/fr/b1/012/audio/audio.wav
SKIP (exists): content/voca/fr/b1/012/data/data.json
SKIP (exists): content/voca/fr/b1/046/.DS_Store
SKIP (exists): content/voca/fr/b1/046/audio/voca_b1_046.cues.json
SKIP (exists): content/voca/fr/b1/046/audio/audio.wav
SKIP (exists): content/voca/fr/b1/046/data/data.json
SKIP (exists): content/voca/fr/b1/041/.DS_Store
SKIP (exists): content/voca/fr/b1/041/audio/voca_b1_041.cues.json
SKIP (exists): content/voca/fr/b1/041/audio/audio.wav
SKIP (exists): content/voca/fr/b1/041/data/data.json
SKIP (exists): content/voca/fr/b1/048/.DS_Store
SKIP (exists): content/voca/fr/b1/048/audio/voca_b1_048.cues.json
SKIP (exists): content/voca/fr/b1/048/audio/audio.wav
SKIP (exists): content/voca/fr/b1/048/data/data.json
SKIP (exists): content/voca/fr/b1/013/.DS_Store
SKIP (exists): content/voca/fr/b1/013/audio/audio.wav
SKIP (exists): content/voca/fr/b1/013/audio/voca_b1_013.cues.json
SKIP (exists): content/voca/fr/b1/013/data/data.json
SKIP (exists): content/voca/fr/b1/014/.DS_Store
SKIP (exists): content/voca/fr/b1/014/audio/voca_b1_014.cues.json
SKIP (exists): content/voca/fr/b1/014/audio/audio.wav
SKIP (exists): content/voca/fr/b1/014/data/data.json
SKIP (exists): content/voca/fr/b1/022/.DS_Store
SKIP (exists): content/voca/fr/b1/022/audio/voca_b1_022.cues.json
SKIP (exists): content/voca/fr/b1/022/audio/audio.wav
SKIP (exists): content/voca/fr/b1/022/data/data.json
SKIP (exists): content/voca/fr/b1/025/.DS_Store
SKIP (exists): content/voca/fr/b1/025/audio/voca_b1_025.cues.json
SKIP (exists): content/voca/fr/b1/025/audio/audio.wav
SKIP (exists): content/voca/fr/b1/025/data/data.json
SKIP (exists): content/voca/fr/b1/049/.DS_Store
SKIP (exists): content/voca/fr/b1/049/audio/voca_b1_049.cues.json
SKIP (exists): content/voca/fr/b1/049/audio/audio.wav
SKIP (exists): content/voca/fr/b1/049/data/data.json
SKIP (exists): content/voca/fr/b1/040/.DS_Store
SKIP (exists): content/voca/fr/b1/040/audio/voca_b1_040.cues.json
SKIP (exists): content/voca/fr/b1/040/audio/audio.wav
SKIP (exists): content/voca/fr/b1/040/data/data.json
SKIP (exists): content/voca/fr/b1/047/.DS_Store
SKIP (exists): content/voca/fr/b1/047/audio/voca_b1_047.cues.json
SKIP (exists): content/voca/fr/b1/047/audio/audio.wav
SKIP (exists): content/voca/fr/b1/047/data/data.json
SKIP (exists): content/voca/fr/b1/038/.DS_Store
SKIP (exists): content/voca/fr/b1/038/audio/voca_b1_038.cues.json
SKIP (exists): content/voca/fr/b1/038/audio/audio.wav
SKIP (exists): content/voca/fr/b1/038/data/data.json
SKIP (exists): content/voca/fr/b1/007/.DS_Store
SKIP (exists): content/voca/fr/b1/007/audio/audio.wav
SKIP (exists): content/voca/fr/b1/007/audio/voca_b1_007.cues.json
SKIP (exists): content/voca/fr/b1/007/data/data.json
SKIP (exists): content/voca/fr/b1/009/.DS_Store
SKIP (exists): content/voca/fr/b1/009/audio/voca_b1_009.cues.json
SKIP (exists): content/voca/fr/b1/009/audio/audio.wav
SKIP (exists): content/voca/fr/b1/009/data/data.json
SKIP (exists): content/voca/fr/b1/036/.DS_Store
SKIP (exists): content/voca/fr/b1/036/audio/voca_b1_036.cues.json
SKIP (exists): content/voca/fr/b1/036/audio/audio.wav
SKIP (exists): content/voca/fr/b1/036/data/data.json
SKIP (exists): content/voca/fr/b1/031/.DS_Store
SKIP (exists): content/voca/fr/b1/031/audio/voca_b1_031.cues.json
SKIP (exists): content/voca/fr/b1/031/audio/audio.wav
SKIP (exists): content/voca/fr/b1/031/data/data.json
SKIP (exists): content/voca/fr/b1/030/.DS_Store
SKIP (exists): content/voca/fr/b1/030/audio/voca_b1_030.cues.json
SKIP (exists): content/voca/fr/b1/030/audio/audio.wav
SKIP (exists): content/voca/fr/b1/030/data/data.json
SKIP (exists): content/voca/fr/b1/008/.DS_Store
SKIP (exists): content/voca/fr/b1/008/audio/voca_b1_008.cues.json
SKIP (exists): content/voca/fr/b1/008/audio/audio.wav
SKIP (exists): content/voca/fr/b1/008/data/data.json
SKIP (exists): content/voca/fr/b1/037/.DS_Store
SKIP (exists): content/voca/fr/b1/037/audio/voca_b1_037.cues.json
SKIP (exists): content/voca/fr/b1/037/audio/audio.wav
SKIP (exists): content/voca/fr/b1/037/data/data.json
SKIP (exists): content/voca/fr/b1/001/.DS_Store
SKIP (exists): content/voca/fr/b1/001/audio/voca_b1_001.cues.json
SKIP (exists): content/voca/fr/b1/001/audio/audio.wav
SKIP (exists): content/voca/fr/b1/001/data/data.json
SKIP (exists): content/voca/fr/b1/039/.DS_Store
SKIP (exists): content/voca/fr/b1/039/audio/voca_b1_039.cues.json
SKIP (exists): content/voca/fr/b1/039/audio/audio.wav
SKIP (exists): content/voca/fr/b1/039/data/data.json
SKIP (exists): content/voca/fr/b1/006/.DS_Store
SKIP (exists): content/voca/fr/b1/006/audio/voca_b1_006.cues.json
SKIP (exists): content/voca/fr/b1/006/audio/audio.wav
SKIP (exists): content/voca/fr/b1/006/data/data.json
SKIP (exists): content/voca/fr/b1/042/.DS_Store
SKIP (exists): content/voca/fr/b1/042/audio/voca_b1_042.cues.json
SKIP (exists): content/voca/fr/b1/042/audio/audio.wav
SKIP (exists): content/voca/fr/b1/042/data/data.json
SKIP (exists): content/voca/fr/b1/045/.DS_Store
SKIP (exists): content/voca/fr/b1/045/audio/audio.wav
SKIP (exists): content/voca/fr/b1/045/audio/voca_b1_045.cues.json
SKIP (exists): content/voca/fr/b1/045/data/data.json
SKIP (exists): content/voca/fr/b1/020/.DS_Store
SKIP (exists): content/voca/fr/b1/020/audio/voca_b1_020.cues.json
SKIP (exists): content/voca/fr/b1/020/audio/audio.wav
SKIP (exists): content/voca/fr/b1/020/data/data.json
SKIP (exists): content/voca/fr/b1/027/.DS_Store
SKIP (exists): content/voca/fr/b1/027/audio/voca_b1_027.cues.json
SKIP (exists): content/voca/fr/b1/027/audio/audio.wav
SKIP (exists): content/voca/fr/b1/027/data/data.json
SKIP (exists): content/voca/fr/b1/018/.DS_Store
SKIP (exists): content/voca/fr/b1/018/audio/voca_b1_018.cues.json
SKIP (exists): content/voca/fr/b1/018/audio/audio.wav
SKIP (exists): content/voca/fr/b1/018/data/data.json
SKIP (exists): content/voca/fr/b1/011/.DS_Store
SKIP (exists): content/voca/fr/b1/011/audio/voca_b1_011.cues.json
SKIP (exists): content/voca/fr/b1/011/audio/audio.wav
SKIP (exists): content/voca/fr/b1/011/data/data.json
SKIP (exists): content/voca/fr/b1/016/.DS_Store
SKIP (exists): content/voca/fr/b1/016/audio/voca_b1_016.cues.json
SKIP (exists): content/voca/fr/b1/016/audio/audio.wav
SKIP (exists): content/voca/fr/b1/016/data/data.json
SKIP (exists): content/voca/fr/b1/029/.DS_Store
SKIP (exists): content/voca/fr/b1/029/audio/voca_b1_029.cues.json
SKIP (exists): content/voca/fr/b1/029/audio/audio.wav
SKIP (exists): content/voca/fr/b1/029/data/data.json
SKIP (exists): content/voca/fr/b1/044/.DS_Store
SKIP (exists): content/voca/fr/b1/044/audio/voca_b1_044.cues.json
SKIP (exists): content/voca/fr/b1/044/audio/audio.wav
SKIP (exists): content/voca/fr/b1/044/data/data.json
UPLOAD: content/voca/fr/b1/043/.DS_Store
Copying file://content/voca/fr/b1/043/.DS_Store [Content-Type=application/octet-stream]...
/ [0 files][    0.0 B/  6.0 KiB]                                                / [1 files][  6.0 KiB/  6.0 KiB]                                                
Operation completed over 1 objects/6.0 KiB.                                      
SKIP (exists): content/voca/fr/b1/043/audio/voca_b1_043.cues.json
SKIP (exists): content/voca/fr/b1/043/audio/audio.wav
SKIP (exists): content/voca/fr/b1/043/data/data.json
UPLOAD: content/voca/fr/b1/017/.DS_Store
Copying file://content/voca/fr/b1/017/.DS_Store [Content-Type=application/octet-stream]...
/ [0 files][    0.0 B/  6.0 KiB]                                                / [1 files][  6.0 KiB/  6.0 KiB]                                                
Operation completed over 1 objects/6.0 KiB.                                      
UPLOAD: content/voca/fr/b1/017/audio/voca_b1_017.cues.json
Copying file://content/voca/fr/b1/017/audio/voca_b1_017.cues.json [Content-Type=application/json]...
/ [0 files][    0.0 B/  338.0 B]                                                / [1 files][  338.0 B/  338.0 B]                                                
Operation completed over 1 objects/338.0 B.                                      
SKIP (exists): content/voca/fr/b1/017/audio/audio.wav
SKIP (exists): content/voca/fr/b1/017/data/data.json
UPLOAD: content/voca/fr/b1/028/.DS_Store
Copying file://content/voca/fr/b1/028/.DS_Store [Content-Type=application/octet-stream]...
/ [0 files][    0.0 B/  6.0 KiB]                                                / [1 files][  6.0 KiB/  6.0 KiB]                                                
Operation completed over 1 objects/6.0 KiB.                                      
UPLOAD: content/voca/fr/b1/028/audio/voca_b1_028.cues.json
Copying file://content/voca/fr/b1/028/audio/voca_b1_028.cues.json [Content-Type=application/json]...
/ [0 files][    0.0 B/  338.0 B]                                                / [1 files][  338.0 B/  338.0 B]                                                
Operation completed over 1 objects/338.0 B.                                      
SKIP (exists): content/voca/fr/b1/028/audio/audio.wav
SKIP (exists): content/voca/fr/b1/028/data/data.json
UPLOAD: content/voca/fr/b1/010/.DS_Store
Copying file://content/voca/fr/b1/010/.DS_Store [Content-Type=application/octet-stream]...
/ [0 files][    0.0 B/  6.0 KiB]                                                / [1 files][  6.0 KiB/  6.0 KiB]                                                
Operation completed over 1 objects/6.0 KiB.                                      
SKIP (exists): content/voca/fr/b1/010/audio/voca_b1_010.cues.json
SKIP (exists): content/voca/fr/b1/010/audio/audio.wav
SKIP (exists): content/voca/fr/b1/010/data/data.json
UPLOAD: content/voca/fr/b1/026/.DS_Store
Copying file://content/voca/fr/b1/026/.DS_Store [Content-Type=application/octet-stream]...
/ [0 files][    0.0 B/  6.0 KiB]                                                / [1 files][  6.0 KiB/  6.0 KiB]                                                
Operation completed over 1 objects/6.0 KiB.                                      
UPLOAD: content/voca/fr/b1/026/audio/voca_b1_026.cues.json
Copying file://content/voca/fr/b1/026/audio/voca_b1_026.cues.json [Content-Type=application/json]...
/ [0 files][    0.0 B/  338.0 B]                                                / [1 files][  338.0 B/  338.0 B]                                                
Operation completed over 1 objects/338.0 B.                                      
SKIP (exists): content/voca/fr/b1/026/audio/audio.wav
SKIP (exists): content/voca/fr/b1/026/data/data.json
UPLOAD: content/voca/fr/b1/019/.DS_Store
Copying file://content/voca/fr/b1/019/.DS_Store [Content-Type=application/octet-stream]...
/ [0 files][    0.0 B/  6.0 KiB]                                                / [1 files][  6.0 KiB/  6.0 KiB]                                                
Operation completed over 1 objects/6.0 KiB.                                      
UPLOAD: content/voca/fr/b1/019/audio/voca_b1_019.cues.json
Copying file://content/voca/fr/b1/019/audio/voca_b1_019.cues.json [Content-Type=application/json]...
/ [0 files][    0.0 B/  338.0 B]                                                / [1 files][  338.0 B/  338.0 B]                                                
Operation completed over 1 objects/338.0 B.                                      
SKIP (exists): content/voca/fr/b1/019/audio/audio.wav
SKIP (exists): content/voca/fr/b1/019/data/data.json
UPLOAD: content/voca/fr/b1/021/.DS_Store
Copying file://content/voca/fr/b1/021/.DS_Store [Content-Type=application/octet-stream]...
/ [0 files][    0.0 B/  6.0 KiB]                                                / [1 files][  6.0 KiB/  6.0 KiB]                                                
Operation completed over 1 objects/6.0 KiB.                                      
UPLOAD: content/voca/fr/b1/021/audio/voca_b1_021.cues.json
Copying file://content/voca/fr/b1/021/audio/voca_b1_021.cues.json [Content-Type=application/json]...
/ [0 files][    0.0 B/  338.0 B]                                                / [1 files][  338.0 B/  338.0 B]                                                
Operation completed over 1 objects/338.0 B.                                      
SKIP (exists): content/voca/fr/b1/021/audio/audio.wav
SKIP (exists): content/voca/fr/b1/021/data/data.json
SKIP (exists): content/voca/fr/b1/003/.DS_Store
UPLOAD: content/voca/fr/b1/003/audio/voca_b1_003.cues.json
Copying file://content/voca/fr/b1/003/audio/voca_b1_003.cues.json [Content-Type=application/json]...
/ [0 files][    0.0 B/  338.0 B]                                                / [1 files][  338.0 B/  338.0 B]                                                
Operation completed over 1 objects/338.0 B.                                      
SKIP (exists): content/voca/fr/b1/003/audio/audio.wav
SKIP (exists): content/voca/fr/b1/003/data/data.json
SKIP (exists): content/voca/fr/b1/004/.DS_Store
UPLOAD: content/voca/fr/b1/004/audio/voca_b1_004.cues.json
Copying file://content/voca/fr/b1/004/audio/voca_b1_004.cues.json [Content-Type=application/json]...
/ [0 files][    0.0 B/  338.0 B]                                                / [1 files][  338.0 B/  338.0 B]                                                
Operation completed over 1 objects/338.0 B.                                      
SKIP (exists): content/voca/fr/b1/004/audio/audio.wav
SKIP (exists): content/voca/fr/b1/004/data/data.json
UPLOAD: content/voca/fr/b1/032/.DS_Store
Copying file://content/voca/fr/b1/032/.DS_Store [Content-Type=application/octet-stream]...
/ [0 files][    0.0 B/  6.0 KiB]                                                / [1 files][  6.0 KiB/  6.0 KiB]                                                
Operation completed over 1 objects/6.0 KiB.                                      
UPLOAD: content/voca/fr/b1/032/audio/voca_b1_032.cues.json
Copying file://content/voca/fr/b1/032/audio/voca_b1_032.cues.json [Content-Type=application/json]...
/ [0 files][    0.0 B/  338.0 B]                                                / [1 files][  338.0 B/  338.0 B]                                                
Operation completed over 1 objects/338.0 B.                                      
SKIP (exists): content/voca/fr/b1/032/audio/audio.wav
SKIP (exists): content/voca/fr/b1/032/data/data.json
UPLOAD: content/voca/fr/b1/035/.DS_Store
Copying file://content/voca/fr/b1/035/.DS_Store [Content-Type=application/octet-stream]...
/ [0 files][    0.0 B/  6.0 KiB]                                                / [1 files][  6.0 KiB/  6.0 KiB]                                                
Operation completed over 1 objects/6.0 KiB.                                      
SKIP (exists): content/voca/fr/b1/035/audio/voca_b1_035.cues.json
SKIP (exists): content/voca/fr/b1/035/audio/audio.wav
SKIP (exists): content/voca/fr/b1/035/data/data.json
UPLOAD: content/voca/fr/b1/050/.DS_Store
Copying file://content/voca/fr/b1/050/.DS_Store [Content-Type=application/octet-stream]...
/ [0 files][    0.0 B/  6.0 KiB]                                                / [1 files][  6.0 KiB/  6.0 KiB]                                                
Operation completed over 1 objects/6.0 KiB.                                      
UPLOAD: content/voca/fr/b1/050/audio/voca_b1_050.cues.json
Copying file://content/voca/fr/b1/050/audio/voca_b1_050.cues.json [Content-Type=application/json]...
/ [0 files][    0.0 B/  338.0 B]                                                / [1 files][  338.0 B/  338.0 B]                                                
Operation completed over 1 objects/338.0 B.                                      
SKIP (exists): content/voca/fr/b1/050/audio/audio.wav
SKIP (exists): content/voca/fr/b1/050/data/data.json
UPLOAD: content/voca/fr/b1/034/.DS_Store
Copying file://content/voca/fr/b1/034/.DS_Store [Content-Type=application/octet-stream]...
/ [0 files][    0.0 B/  6.0 KiB]                                                / [1 files][  6.0 KiB/  6.0 KiB]                                                
Operation completed over 1 objects/6.0 KiB.                                      
UPLOAD: content/voca/fr/b1/034/audio/voca_b1_034.cues.json
Copying file://content/voca/fr/b1/034/audio/voca_b1_034.cues.json [Content-Type=application/json]...
/ [0 files][    0.0 B/  338.0 B]                                                / [1 files][  338.0 B/  338.0 B]                                                
Operation completed over 1 objects/338.0 B.                                      
SKIP (exists): content/voca/fr/b1/034/audio/audio.wav
SKIP (exists): content/voca/fr/b1/034/data/data.json
UPLOAD: content/voca/fr/b1/033/.DS_Store
Copying file://content/voca/fr/b1/033/.DS_Store [Content-Type=application/octet-stream]...
/ [0 files][    0.0 B/  6.0 KiB]                                                / [1 files][  6.0 KiB/  6.0 KiB]                                                
Operation completed over 1 objects/6.0 KiB.                                      
UPLOAD: content/voca/fr/b1/033/audio/voca_b1_033.cues.json
Copying file://content/voca/fr/b1/033/audio/voca_b1_033.cues.json [Content-Type=application/json]...
/ [0 files][    0.0 B/  338.0 B]                                                / [1 files][  338.0 B/  338.0 B]                                                
Operation completed over 1 objects/338.0 B.                                      
SKIP (exists): content/voca/fr/b1/033/audio/audio.wav
SKIP (exists): content/voca/fr/b1/033/data/data.json
UPLOAD: content/voca/fr/b1/005/.DS_Store
Copying file://content/voca/fr/b1/005/.DS_Store [Content-Type=application/octet-stream]...
/ [0 files][    0.0 B/  6.0 KiB]                                                / [1 files][  6.0 KiB/  6.0 KiB]                                                
Operation completed over 1 objects/6.0 KiB.                                      
SKIP (exists): content/voca/fr/b1/005/audio/voca_b1_005.cues.json
SKIP (exists): content/voca/fr/b1/005/audio/audio.wav
SKIP (exists): content/voca/fr/b1/005/data/data.json
UPLOAD: content/voca/fr/b1/002/.DS_Store
Copying file://content/voca/fr/b1/002/.DS_Store [Content-Type=application/octet-stream]...
/ [0 files][    0.0 B/  6.0 KiB]                                                / [1 files][  6.0 KiB/  6.0 KiB]                                                
Operation completed over 1 objects/6.0 KiB.                                      
UPLOAD: content/voca/fr/b1/002/audio/voca_b1_002.cues.json
Copying file://content/voca/fr/b1/002/audio/voca_b1_002.cues.json [Content-Type=application/json]...
/ [0 files][    0.0 B/  338.0 B]                                                / [1 files][  338.0 B/  338.0 B]                                                
Operation completed over 1 objects/338.0 B.                                      
SKIP (exists): content/voca/fr/b1/002/audio/audio.wav
SKIP (exists): content/voca/fr/b1/002/data/data.json
UPLOAD: content/voca/fr/a1/024/.DS_Store
Copying file://content/voca/fr/a1/024/.DS_Store [Content-Type=application/octet-stream]...
/ [0 files][    0.0 B/  6.0 KiB]                                                / [1 files][  6.0 KiB/  6.0 KiB]                                                
Operation completed over 1 objects/6.0 KiB.                                      
UPLOAD: content/voca/fr/a1/024/audio/voca_a1_024.cues.json
Copying file://content/voca/fr/a1/024/audio/voca_a1_024.cues.json [Content-Type=application/json]...
/ [0 files][    0.0 B/  338.0 B]                                                / [1 files][  338.0 B/  338.0 B]                                                
Operation completed over 1 objects/338.0 B.                                      
SKIP (exists): content/voca/fr/a1/024/audio/audio.wav
SKIP (exists): content/voca/fr/a1/024/data/data.json
UPLOAD: content/voca/fr/a1/023/.DS_Store
Copying file://content/voca/fr/a1/023/.DS_Store [Content-Type=application/octet-stream]...
/ [0 files][    0.0 B/  6.0 KiB]                                                / [1 files][  6.0 KiB/  6.0 KiB]                                                
Operation completed over 1 objects/6.0 KiB.                                      
UPLOAD: content/voca/fr/a1/023/audio/voca_a1_023.cues.json
Copying file://content/voca/fr/a1/023/audio/voca_a1_023.cues.json [Content-Type=application/json]...
/ [0 files][    0.0 B/  338.0 B]                                                / [1 files][  338.0 B/  338.0 B]                                                
Operation completed over 1 objects/338.0 B.                                      
SKIP (exists): content/voca/fr/a1/023/audio/audio.wav
SKIP (exists): content/voca/fr/a1/023/data/data.json
UPLOAD: content/voca/fr/a1/015/.DS_Store
Copying file://content/voca/fr/a1/015/.DS_Store [Content-Type=application/octet-stream]...
/ [0 files][    0.0 B/  6.0 KiB]                                                / [1 files][  6.0 KiB/  6.0 KiB]                                                
Operation completed over 1 objects/6.0 KiB.                                      
UPLOAD: content/voca/fr/a1/015/audio/voca_a1_015.cues.json
Copying file://content/voca/fr/a1/015/audio/voca_a1_015.cues.json [Content-Type=application/json]...
/ [0 files][    0.0 B/  338.0 B]                                                / [1 files][  338.0 B/  338.0 B]                                                
Operation completed over 1 objects/338.0 B.                                      
SKIP (exists): content/voca/fr/a1/015/audio/audio.wav
SKIP (exists): content/voca/fr/a1/015/data/data.json
SKIP (exists): content/voca/fr/a1/.DS_Store
UPLOAD: content/voca/fr/a1/012/.DS_Store
Copying file://content/voca/fr/a1/012/.DS_Store [Content-Type=application/octet-stream]...
/ [0 files][    0.0 B/  6.0 KiB]                                                / [1 files][  6.0 KiB/  6.0 KiB]                                                
Operation completed over 1 objects/6.0 KiB.                                      
SKIP (exists): content/voca/fr/a1/012/audio/voca_a1_012.cues.json
SKIP (exists): content/voca/fr/a1/012/audio/audio.wav
SKIP (exists): content/voca/fr/a1/012/data/data.json
UPLOAD: content/voca/fr/a1/013/.DS_Store
Copying file://content/voca/fr/a1/013/.DS_Store [Content-Type=application/octet-stream]...
/ [0 files][    0.0 B/  6.0 KiB]                                                / [1 files][  6.0 KiB/  6.0 KiB]                                                
Operation completed over 1 objects/6.0 KiB.                                      
UPLOAD: content/voca/fr/a1/013/audio/voca_a1_013.cues.json
Copying file://content/voca/fr/a1/013/audio/voca_a1_013.cues.json [Content-Type=application/json]...
/ [0 files][    0.0 B/  338.0 B]                                                / [1 files][  338.0 B/  338.0 B]                                                
Operation completed over 1 objects/338.0 B.                                      
SKIP (exists): content/voca/fr/a1/013/audio/audio.wav
SKIP (exists): content/voca/fr/a1/013/data/data.json
UPLOAD: content/voca/fr/a1/014/.DS_Store
Copying file://content/voca/fr/a1/014/.DS_Store [Content-Type=application/octet-stream]...
/ [0 files][    0.0 B/  6.0 KiB]                                                / [1 files][  6.0 KiB/  6.0 KiB]                                                
Operation completed over 1 objects/6.0 KiB.                                      
UPLOAD: content/voca/fr/a1/014/audio/voca_a1_014.cues.json
Copying file://content/voca/fr/a1/014/audio/voca_a1_014.cues.json [Content-Type=application/json]...
/ [0 files][    0.0 B/  338.0 B]                                                / [1 files][  338.0 B/  338.0 B]                                                
Operation completed over 1 objects/338.0 B.                                      
SKIP (exists): content/voca/fr/a1/014/audio/audio.wav
SKIP (exists): content/voca/fr/a1/014/data/data.json
UPLOAD: content/voca/fr/a1/022/.DS_Store
Copying file://content/voca/fr/a1/022/.DS_Store [Content-Type=application/octet-stream]...
/ [0 files][    0.0 B/  6.0 KiB]                                                / [1 files][  6.0 KiB/  6.0 KiB]                                                
Operation completed over 1 objects/6.0 KiB.                                      
SKIP (exists): content/voca/fr/a1/022/audio/voca_a1_022.cues.json
SKIP (exists): content/voca/fr/a1/022/audio/audio.wav
SKIP (exists): content/voca/fr/a1/022/data/data.json
UPLOAD: content/voca/fr/a1/025/.DS_Store
Copying file://content/voca/fr/a1/025/.DS_Store [Content-Type=application/octet-stream]...
/ [0 files][    0.0 B/  6.0 KiB]                                                / [1 files][  6.0 KiB/  6.0 KiB]                                                
Operation completed over 1 objects/6.0 KiB.                                      
UPLOAD: content/voca/fr/a1/025/audio/voca_a1_025.cues.json
Copying file://content/voca/fr/a1/025/audio/voca_a1_025.cues.json [Content-Type=application/json]...
/ [0 files][    0.0 B/  338.0 B]                                                / [1 files][  338.0 B/  338.0 B]                                                
Operation completed over 1 objects/338.0 B.                                      
SKIP (exists): content/voca/fr/a1/025/audio/audio.wav
SKIP (exists): content/voca/fr/a1/025/data/data.json
UPLOAD: content/voca/fr/a1/040/.DS_Store
Copying file://content/voca/fr/a1/040/.DS_Store [Content-Type=application/octet-stream]...
/ [0 files][    0.0 B/  6.0 KiB]                                                / [1 files][  6.0 KiB/  6.0 KiB]                                                
Operation completed over 1 objects/6.0 KiB.                                      
UPLOAD: content/voca/fr/a1/040/audio/voca_a1_040.cues.json
Copying file://content/voca/fr/a1/040/audio/voca_a1_040.cues.json [Content-Type=application/json]...
/ [0 files][    0.0 B/  338.0 B]                                                / [1 files][  338.0 B/  338.0 B]                                                
Operation completed over 1 objects/338.0 B.                                      
SKIP (exists): content/voca/fr/a1/040/audio/audio.wav
SKIP (exists): content/voca/fr/a1/040/data/data.json
UPLOAD: content/voca/fr/a1/038/.DS_Store
Copying file://content/voca/fr/a1/038/.DS_Store [Content-Type=application/octet-stream]...
/ [0 files][    0.0 B/  6.0 KiB]                                                / [1 files][  6.0 KiB/  6.0 KiB]                                                
Operation completed over 1 objects/6.0 KiB.                                      
UPLOAD: content/voca/fr/a1/038/audio/voca_a1_038.cues.json
Copying file://content/voca/fr/a1/038/audio/voca_a1_038.cues.json [Content-Type=application/json]...
/ [0 files][    0.0 B/  338.0 B]                                                / [1 files][  338.0 B/  338.0 B]                                                
Operation completed over 1 objects/338.0 B.                                      
SKIP (exists): content/voca/fr/a1/038/audio/audio.wav
SKIP (exists): content/voca/fr/a1/038/data/data.json
SKIP (exists): content/voca/fr/a1/007/.DS_Store
UPLOAD: content/voca/fr/a1/007/audio/voca_a1_007.cues.json
Copying file://content/voca/fr/a1/007/audio/voca_a1_007.cues.json [Content-Type=application/json]...
/ [0 files][    0.0 B/  338.0 B]                                                / [1 files][  338.0 B/  338.0 B]                                                
Operation completed over 1 objects/338.0 B.                                      
SKIP (exists): content/voca/fr/a1/007/audio/audio.wav
SKIP (exists): content/voca/fr/a1/007/data/data.json
UPLOAD: content/voca/fr/a1/009/.DS_Store
Copying file://content/voca/fr/a1/009/.DS_Store [Content-Type=application/octet-stream]...
/ [0 files][    0.0 B/  6.0 KiB]                                                / [1 files][  6.0 KiB/  6.0 KiB]                                                
Operation completed over 1 objects/6.0 KiB.                                      
UPLOAD: content/voca/fr/a1/009/audio/voca_a1_009.cues.json
Copying file://content/voca/fr/a1/009/audio/voca_a1_009.cues.json [Content-Type=application/json]...
/ [0 files][    0.0 B/  338.0 B]                                                / [1 files][  338.0 B/  338.0 B]                                                
Operation completed over 1 objects/338.0 B.                                      
SKIP (exists): content/voca/fr/a1/009/audio/audio.wav
SKIP (exists): content/voca/fr/a1/009/data/data.json
UPLOAD: content/voca/fr/a1/036/.DS_Store
Copying file://content/voca/fr/a1/036/.DS_Store [Content-Type=application/octet-stream]...
/ [0 files][    0.0 B/  6.0 KiB]                                                / [1 files][  6.0 KiB/  6.0 KiB]                                                
Operation completed over 1 objects/6.0 KiB.                                      
SKIP (exists): content/voca/fr/a1/036/audio/voca_a1_036.cues.json
SKIP (exists): content/voca/fr/a1/036/audio/audio.wav
SKIP (exists): content/voca/fr/a1/036/data/data.json
UPLOAD: content/voca/fr/a1/031/.DS_Store
Copying file://content/voca/fr/a1/031/.DS_Store [Content-Type=application/octet-stream]...
/ [0 files][    0.0 B/  6.0 KiB]                                                / [1 files][  6.0 KiB/  6.0 KiB]                                                
Operation completed over 1 objects/6.0 KiB.                                      
UPLOAD: content/voca/fr/a1/031/audio/voca_a1_031.cues.json
Copying file://content/voca/fr/a1/031/audio/voca_a1_031.cues.json [Content-Type=application/json]...
/ [0 files][    0.0 B/  338.0 B]                                                / [1 files][  338.0 B/  338.0 B]                                                
Operation completed over 1 objects/338.0 B.                                      
SKIP (exists): content/voca/fr/a1/031/audio/audio.wav
SKIP (exists): content/voca/fr/a1/031/data/data.json
UPLOAD: content/voca/fr/a1/030/.DS_Store
Copying file://content/voca/fr/a1/030/.DS_Store [Content-Type=application/octet-stream]...
/ [0 files][    0.0 B/  6.0 KiB]                                                / [1 files][  6.0 KiB/  6.0 KiB]                                                
Operation completed over 1 objects/6.0 KiB.                                      
UPLOAD: content/voca/fr/a1/030/audio/voca_a1_030.cues.json
Copying file://content/voca/fr/a1/030/audio/voca_a1_030.cues.json [Content-Type=application/json]...
/ [0 files][    0.0 B/  338.0 B]                                                / [1 files][  338.0 B/  338.0 B]                                                
Operation completed over 1 objects/338.0 B.                                      
SKIP (exists): content/voca/fr/a1/030/audio/audio.wav
SKIP (exists): content/voca/fr/a1/030/data/data.json
UPLOAD: content/voca/fr/a1/008/.DS_Store
Copying file://content/voca/fr/a1/008/.DS_Store [Content-Type=application/octet-stream]...
/ [0 files][    0.0 B/  6.0 KiB]                                                / [1 files][  6.0 KiB/  6.0 KiB]                                                
Operation completed over 1 objects/6.0 KiB.                                      
SKIP (exists): content/voca/fr/a1/008/audio/voca_a1_008.cues.json
SKIP (exists): content/voca/fr/a1/008/audio/audio.wav
SKIP (exists): content/voca/fr/a1/008/data/data.json
UPLOAD: content/voca/fr/a1/037/.DS_Store
Copying file://content/voca/fr/a1/037/.DS_Store [Content-Type=application/octet-stream]...
/ [0 files][    0.0 B/  6.0 KiB]                                                / [1 files][  6.0 KiB/  6.0 KiB]                                                
Operation completed over 1 objects/6.0 KiB.                                      
UPLOAD: content/voca/fr/a1/037/audio/voca_a1_037.cues.json
Copying file://content/voca/fr/a1/037/audio/voca_a1_037.cues.json [Content-Type=application/json]...
/ [0 files][    0.0 B/  338.0 B]                                                / [1 files][  338.0 B/  338.0 B]                                                
Operation completed over 1 objects/338.0 B.                                      
SKIP (exists): content/voca/fr/a1/037/audio/audio.wav
SKIP (exists): content/voca/fr/a1/037/data/data.json
SKIP (exists): content/voca/fr/a1/001/.DS_Store
UPLOAD: content/voca/fr/a1/001/audio/voca_a1_001.cues.json
Copying file://content/voca/fr/a1/001/audio/voca_a1_001.cues.json [Content-Type=application/json]...
/ [0 files][    0.0 B/  338.0 B]                                                / [1 files][  338.0 B/  338.0 B]                                                
Operation completed over 1 objects/338.0 B.                                      
SKIP (exists): content/voca/fr/a1/001/audio/audio.wav
SKIP (exists): content/voca/fr/a1/001/data/data.json
UPLOAD: content/voca/fr/a1/039/.DS_Store
Copying file://content/voca/fr/a1/039/.DS_Store [Content-Type=application/octet-stream]...
/ [0 files][    0.0 B/  6.0 KiB]                                                / [1 files][  6.0 KiB/  6.0 KiB]                                                
Operation completed over 1 objects/6.0 KiB.                                      
UPLOAD: content/voca/fr/a1/039/audio/voca_a1_039.cues.json
Copying file://content/voca/fr/a1/039/audio/voca_a1_039.cues.json [Content-Type=application/json]...
/ [0 files][    0.0 B/  338.0 B]                                                / [1 files][  338.0 B/  338.0 B]                                                
Operation completed over 1 objects/338.0 B.                                      
SKIP (exists): content/voca/fr/a1/039/audio/audio.wav
SKIP (exists): content/voca/fr/a1/039/data/data.json
UPLOAD: content/voca/fr/a1/006/.DS_Store
Copying file://content/voca/fr/a1/006/.DS_Store [Content-Type=application/octet-stream]...
/ [0 files][    0.0 B/  6.0 KiB]                                                / [1 files][  6.0 KiB/  6.0 KiB]                                                
Operation completed over 1 objects/6.0 KiB.                                      
SKIP (exists): content/voca/fr/a1/006/audio/voca_a1_006.cues.json
SKIP (exists): content/voca/fr/a1/006/audio/audio.wav
SKIP (exists): content/voca/fr/a1/006/data/data.json
UPLOAD: content/voca/fr/a1/020/.DS_Store
Copying file://content/voca/fr/a1/020/.DS_Store [Content-Type=application/octet-stream]...
/ [0 files][    0.0 B/  6.0 KiB]                                                / [1 files][  6.0 KiB/  6.0 KiB]                                                
Operation completed over 1 objects/6.0 KiB.                                      
UPLOAD: content/voca/fr/a1/020/audio/voca_a1_020.cues.json
Copying file://content/voca/fr/a1/020/audio/voca_a1_020.cues.json [Content-Type=application/json]...
/ [0 files][    0.0 B/  338.0 B]                                                / [1 files][  338.0 B/  338.0 B]                                                
Operation completed over 1 objects/338.0 B.                                      
SKIP (exists): content/voca/fr/a1/020/audio/audio.wav
SKIP (exists): content/voca/fr/a1/020/data/data.json
UPLOAD: content/voca/fr/a1/027/.DS_Store
Copying file://content/voca/fr/a1/027/.DS_Store [Content-Type=application/octet-stream]...
/ [0 files][    0.0 B/  6.0 KiB]                                                / [1 files][  6.0 KiB/  6.0 KiB]                                                
Operation completed over 1 objects/6.0 KiB.                                      
SKIP (exists): content/voca/fr/a1/027/audio/audio.wav
UPLOAD: content/voca/fr/a1/027/audio/voca_a1_027.cues.json
Copying file://content/voca/fr/a1/027/audio/voca_a1_027.cues.json [Content-Type=application/json]...
/ [0 files][    0.0 B/  338.0 B]                                                / [1 files][  338.0 B/  338.0 B]                                                
Operation completed over 1 objects/338.0 B.                                      
SKIP (exists): content/voca/fr/a1/027/data/data.json
UPLOAD: content/voca/fr/a1/018/.DS_Store
Copying file://content/voca/fr/a1/018/.DS_Store [Content-Type=application/octet-stream]...
/ [0 files][    0.0 B/  6.0 KiB]                                                / [1 files][  6.0 KiB/  6.0 KiB]                                                
Operation completed over 1 objects/6.0 KiB.                                      
UPLOAD: content/voca/fr/a1/018/audio/voca_a1_018.cues.json
Copying file://content/voca/fr/a1/018/audio/voca_a1_018.cues.json [Content-Type=application/json]...
/ [0 files][    0.0 B/  338.0 B]                                                / [1 files][  338.0 B/  338.0 B]                                                
Operation completed over 1 objects/338.0 B.                                      
SKIP (exists): content/voca/fr/a1/018/audio/audio.wav
SKIP (exists): content/voca/fr/a1/018/data/data.json
UPLOAD: content/voca/fr/a1/011/.DS_Store
Copying file://content/voca/fr/a1/011/.DS_Store [Content-Type=application/octet-stream]...
/ [0 files][    0.0 B/  6.0 KiB]                                                / [1 files][  6.0 KiB/  6.0 KiB]                                                
Operation completed over 1 objects/6.0 KiB.                                      
UPLOAD: content/voca/fr/a1/011/audio/voca_a1_011.cues.json
Copying file://content/voca/fr/a1/011/audio/voca_a1_011.cues.json [Content-Type=application/json]...
/ [0 files][    0.0 B/  338.0 B]                                                / [1 files][  338.0 B/  338.0 B]                                                
Operation completed over 1 objects/338.0 B.                                      
SKIP (exists): content/voca/fr/a1/011/audio/audio.wav
SKIP (exists): content/voca/fr/a1/011/data/data.json
SKIP (exists): content/voca/fr/a1/016/.DS_Store
UPLOAD: content/voca/fr/a1/016/audio/voca_a1_016.cues.json
Copying file://content/voca/fr/a1/016/audio/voca_a1_016.cues.json [Content-Type=application/json]...
/ [0 files][    0.0 B/  338.0 B]                                                / [1 files][  338.0 B/  338.0 B]                                                
Operation completed over 1 objects/338.0 B.                                      
SKIP (exists): content/voca/fr/a1/016/audio/audio.wav
SKIP (exists): content/voca/fr/a1/016/data/data.json
UPLOAD: content/voca/fr/a1/029/.DS_Store
Copying file://content/voca/fr/a1/029/.DS_Store [Content-Type=application/octet-stream]...
/ [0 files][    0.0 B/  6.0 KiB]                                                / [1 files][  6.0 KiB/  6.0 KiB]                                                
Operation completed over 1 objects/6.0 KiB.                                      
UPLOAD: content/voca/fr/a1/029/audio/voca_a1_029.cues.json
Copying file://content/voca/fr/a1/029/audio/voca_a1_029.cues.json [Content-Type=application/json]...
/ [0 files][    0.0 B/  338.0 B]                                                / [1 files][  338.0 B/  338.0 B]                                                
Operation completed over 1 objects/338.0 B.                                      
SKIP (exists): content/voca/fr/a1/029/audio/audio.wav
SKIP (exists): content/voca/fr/a1/029/data/data.json
UPLOAD: content/voca/fr/a1/017/.DS_Store
Copying file://content/voca/fr/a1/017/.DS_Store [Content-Type=application/octet-stream]...
/ [0 files][    0.0 B/  6.0 KiB]                                                / [1 files][  6.0 KiB/  6.0 KiB]                                                
Operation completed over 1 objects/6.0 KiB.                                      
UPLOAD: content/voca/fr/a1/017/audio/voca_a1_017.cues.json
Copying file://content/voca/fr/a1/017/audio/voca_a1_017.cues.json [Content-Type=application/json]...
/ [0 files][    0.0 B/  338.0 B]                                                / [1 files][  338.0 B/  338.0 B]                                                
Operation completed over 1 objects/338.0 B.                                      
SKIP (exists): content/voca/fr/a1/017/audio/audio.wav
SKIP (exists): content/voca/fr/a1/017/data/data.json
UPLOAD: content/voca/fr/a1/028/.DS_Store
Copying file://content/voca/fr/a1/028/.DS_Store [Content-Type=application/octet-stream]...
/ [0 files][    0.0 B/  6.0 KiB]                                                / [1 files][  6.0 KiB/  6.0 KiB]                                                
Operation completed over 1 objects/6.0 KiB.                                      
UPLOAD: content/voca/fr/a1/028/audio/voca_a1_028.cues.json
Copying file://content/voca/fr/a1/028/audio/voca_a1_028.cues.json [Content-Type=application/json]...
/ [0 files][    0.0 B/  338.0 B]                                                / [1 files][  338.0 B/  338.0 B]                                                -
Operation completed over 1 objects/338.0 B.                                      
SKIP (exists): content/voca/fr/a1/028/audio/audio.wav
SKIP (exists): content/voca/fr/a1/028/data/data.json
SKIP (exists): content/voca/fr/a1/010/.DS_Store
UPLOAD: content/voca/fr/a1/010/audio/voca_a1_010.cues.json
Copying file://content/voca/fr/a1/010/audio/voca_a1_010.cues.json [Content-Type=application/json]...
/ [0 files][    0.0 B/  338.0 B]                                                / [1 files][  338.0 B/  338.0 B]                                                
Operation completed over 1 objects/338.0 B.                                      
SKIP (exists): content/voca/fr/a1/010/audio/audio.wav
SKIP (exists): content/voca/fr/a1/010/data/data.json
UPLOAD: content/voca/fr/a1/026/.DS_Store
Copying file://content/voca/fr/a1/026/.DS_Store [Content-Type=application/octet-stream]...
/ [0 files][    0.0 B/  6.0 KiB]                                                / [1 files][  6.0 KiB/  6.0 KiB]                                                
Operation completed over 1 objects/6.0 KiB.                                      
UPLOAD: content/voca/fr/a1/026/audio/voca_a1_026.cues.json
Copying file://content/voca/fr/a1/026/audio/voca_a1_026.cues.json [Content-Type=application/json]...
/ [0 files][    0.0 B/  338.0 B]                                                / [1 files][  338.0 B/  338.0 B]                                                
Operation completed over 1 objects/338.0 B.                                      
SKIP (exists): content/voca/fr/a1/026/audio/audio.wav
SKIP (exists): content/voca/fr/a1/026/data/data.json
UPLOAD: content/voca/fr/a1/019/.DS_Store
Copying file://content/voca/fr/a1/019/.DS_Store [Content-Type=application/octet-stream]...
/ [0 files][    0.0 B/  6.0 KiB]                                                / [1 files][  6.0 KiB/  6.0 KiB]                                                
Operation completed over 1 objects/6.0 KiB.                                      
UPLOAD: content/voca/fr/a1/019/audio/voca_a1_019.cues.json
Copying file://content/voca/fr/a1/019/audio/voca_a1_019.cues.json [Content-Type=application/json]...
/ [0 files][    0.0 B/  338.0 B]                                                / [1 files][  338.0 B/  338.0 B]                                                
Operation completed over 1 objects/338.0 B.                                      
SKIP (exists): content/voca/fr/a1/019/audio/audio.wav
SKIP (exists): content/voca/fr/a1/019/data/data.json
UPLOAD: content/voca/fr/a1/021/.DS_Store
Copying file://content/voca/fr/a1/021/.DS_Store [Content-Type=application/octet-stream]...
/ [0 files][    0.0 B/  6.0 KiB]                                                / [1 files][  6.0 KiB/  6.0 KiB]                                                
Operation completed over 1 objects/6.0 KiB.                                      
UPLOAD: content/voca/fr/a1/021/audio/voca_a1_021.cues.json
Copying file://content/voca/fr/a1/021/audio/voca_a1_021.cues.json [Content-Type=application/json]...
/ [0 files][    0.0 B/  338.0 B]                                                / [1 files][  338.0 B/  338.0 B]                                                
Operation completed over 1 objects/338.0 B.                                      
SKIP (exists): content/voca/fr/a1/021/audio/audio.wav
SKIP (exists): content/voca/fr/a1/021/data/data.json
UPLOAD: content/voca/fr/a1/003/.DS_Store
Copying file://content/voca/fr/a1/003/.DS_Store [Content-Type=application/octet-stream]...
/ [0 files][    0.0 B/  6.0 KiB]                                                / [1 files][  6.0 KiB/  6.0 KiB]                                                
Operation completed over 1 objects/6.0 KiB.                                      
UPLOAD: content/voca/fr/a1/003/audio/voca_a1_003.cues.json
Copying file://content/voca/fr/a1/003/audio/voca_a1_003.cues.json [Content-Type=application/json]...
/ [0 files][    0.0 B/  338.0 B]                                                / [1 files][  338.0 B/  338.0 B]                                                
Operation completed over 1 objects/338.0 B.                                      
SKIP (exists): content/voca/fr/a1/003/audio/audio.wav
SKIP (exists): content/voca/fr/a1/003/data/data.json
UPLOAD: content/voca/fr/a1/004/.DS_Store
Copying file://content/voca/fr/a1/004/.DS_Store [Content-Type=application/octet-stream]...
/ [0 files][    0.0 B/  6.0 KiB]                                                / [1 files][  6.0 KiB/  6.0 KiB]                                                
Operation completed over 1 objects/6.0 KiB.                                      
UPLOAD: content/voca/fr/a1/004/audio/voca_a1_004.cues.json
Copying file://content/voca/fr/a1/004/audio/voca_a1_004.cues.json [Content-Type=application/json]...
/ [0 files][    0.0 B/  338.0 B]                                                / [1 files][  338.0 B/  338.0 B]                                                
Operation completed over 1 objects/338.0 B.                                      
SKIP (exists): content/voca/fr/a1/004/audio/audio.wav
SKIP (exists): content/voca/fr/a1/004/data/data.json
UPLOAD: content/voca/fr/a1/032/.DS_Store
Copying file://content/voca/fr/a1/032/.DS_Store [Content-Type=application/octet-stream]...
/ [0 files][    0.0 B/  6.0 KiB]                                                / [1 files][  6.0 KiB/  6.0 KiB]                                                
Operation completed over 1 objects/6.0 KiB.                                      
UPLOAD: content/voca/fr/a1/032/audio/voca_a1_032.cues.json
Copying file://content/voca/fr/a1/032/audio/voca_a1_032.cues.json [Content-Type=application/json]...
/ [0 files][    0.0 B/  338.0 B]                                                / [1 files][  338.0 B/  338.0 B]                                                
Operation completed over 1 objects/338.0 B.                                      
SKIP (exists): content/voca/fr/a1/032/audio/audio.wav
SKIP (exists): content/voca/fr/a1/032/data/data.json
UPLOAD: content/voca/fr/a1/035/.DS_Store
Copying file://content/voca/fr/a1/035/.DS_Store [Content-Type=application/octet-stream]...
/ [0 files][    0.0 B/  6.0 KiB]                                                / [1 files][  6.0 KiB/  6.0 KiB]                                                
Operation completed over 1 objects/6.0 KiB.                                      
UPLOAD: content/voca/fr/a1/035/audio/voca_a1_035.cues.json
Copying file://content/voca/fr/a1/035/audio/voca_a1_035.cues.json [Content-Type=application/json]...
/ [0 files][    0.0 B/  338.0 B]                                                / [1 files][  338.0 B/  338.0 B]                                                
Operation completed over 1 objects/338.0 B.                                      
SKIP (exists): content/voca/fr/a1/035/audio/audio.wav
SKIP (exists): content/voca/fr/a1/035/data/data.json
UPLOAD: content/voca/fr/a1/034/.DS_Store
Copying file://content/voca/fr/a1/034/.DS_Store [Content-Type=application/octet-stream]...
/ [0 files][    0.0 B/  6.0 KiB]                                                / [1 files][  6.0 KiB/  6.0 KiB]                                                
Operation completed over 1 objects/6.0 KiB.                                      
UPLOAD: content/voca/fr/a1/034/audio/voca_a1_034.cues.json
Copying file://content/voca/fr/a1/034/audio/voca_a1_034.cues.json [Content-Type=application/json]...
/ [0 files][    0.0 B/  338.0 B]                                                / [1 files][  338.0 B/  338.0 B]                                                
Operation completed over 1 objects/338.0 B.                                      
SKIP (exists): content/voca/fr/a1/034/audio/audio.wav
SKIP (exists): content/voca/fr/a1/034/data/data.json
SKIP (exists): content/voca/fr/a1/033/.DS_Store
SKIP (exists): content/voca/fr/a1/033/audio/audio.wav
UPLOAD: content/voca/fr/a1/033/audio/voca_a1_033.cues.json
Copying file://content/voca/fr/a1/033/audio/voca_a1_033.cues.json [Content-Type=application/json]...
/ [0 files][    0.0 B/  338.0 B]                                                / [1 files][  338.0 B/  338.0 B]                                                
Operation completed over 1 objects/338.0 B.                                      
SKIP (exists): content/voca/fr/a1/033/data/data.json
UPLOAD: content/voca/fr/a1/005/.DS_Store
Copying file://content/voca/fr/a1/005/.DS_Store [Content-Type=application/octet-stream]...
/ [0 files][    0.0 B/  6.0 KiB]                                                / [1 files][  6.0 KiB/  6.0 KiB]                                                
Operation completed over 1 objects/6.0 KiB.                                      
UPLOAD: content/voca/fr/a1/005/audio/voca_a1_005.cues.json
Copying file://content/voca/fr/a1/005/audio/voca_a1_005.cues.json [Content-Type=application/json]...
/ [0 files][    0.0 B/  338.0 B]                                                / [1 files][  338.0 B/  338.0 B]                                                
Operation completed over 1 objects/338.0 B.                                      
SKIP (exists): content/voca/fr/a1/005/audio/audio.wav
SKIP (exists): content/voca/fr/a1/005/data/data.json
SKIP (exists): content/voca/fr/a1/002/.DS_Store
UPLOAD: content/voca/fr/a1/002/audio/voca_a1_002.cues.json
Copying file://content/voca/fr/a1/002/audio/voca_a1_002.cues.json [Content-Type=application/json]...
/ [0 files][    0.0 B/  338.0 B]                                                / [1 files][  338.0 B/  338.0 B]                                                
Operation completed over 1 objects/338.0 B.                                      
SKIP (exists): content/voca/fr/a1/002/audio/audio.wav
SKIP (exists): content/voca/fr/a1/002/data/data.json
UPLOAD: content/voca/fr/c2/.DS_Store
Copying file://content/voca/fr/c2/.DS_Store [Content-Type=application/octet-stream]...
/ [0 files][    0.0 B/  8.0 KiB]                                                / [1 files][  8.0 KiB/  8.0 KiB]                                                
Operation completed over 1 objects/8.0 KiB.                                      
UPLOAD: content/voca/fr/c2/007/.DS_Store
Copying file://content/voca/fr/c2/007/.DS_Store [Content-Type=application/octet-stream]...
/ [0 files][    0.0 B/  6.0 KiB]                                                / [1 files][  6.0 KiB/  6.0 KiB]                                                
Operation completed over 1 objects/6.0 KiB.                                      
UPLOAD: content/voca/fr/c2/007/audio/voca_c2_007.cues.json
Copying file://content/voca/fr/c2/007/audio/voca_c2_007.cues.json [Content-Type=application/json]...
/ [0 files][    0.0 B/  338.0 B]                                                / [1 files][  338.0 B/  338.0 B]                                                -
Operation completed over 1 objects/338.0 B.                                      
SKIP (exists): content/voca/fr/c2/007/audio/audio.wav
SKIP (exists): content/voca/fr/c2/007/data/data.json
UPLOAD: content/voca/fr/c2/009/.DS_Store
Copying file://content/voca/fr/c2/009/.DS_Store [Content-Type=application/octet-stream]...
/ [0 files][    0.0 B/  6.0 KiB]                                                / [1 files][  6.0 KiB/  6.0 KiB]                                                
Operation completed over 1 objects/6.0 KiB.                                      
UPLOAD: content/voca/fr/c2/009/audio/voca_c2_009.cues.json
Copying file://content/voca/fr/c2/009/audio/voca_c2_009.cues.json [Content-Type=application/json]...
/ [0 files][    0.0 B/  338.0 B]                                                / [1 files][  338.0 B/  338.0 B]                                                
Operation completed over 1 objects/338.0 B.                                      
SKIP (exists): content/voca/fr/c2/009/audio/audio.wav
SKIP (exists): content/voca/fr/c2/009/data/data.json
UPLOAD: content/voca/fr/c2/008/.DS_Store
Copying file://content/voca/fr/c2/008/.DS_Store [Content-Type=application/octet-stream]...
/ [0 files][    0.0 B/  6.0 KiB]                                                / [1 files][  6.0 KiB/  6.0 KiB]                                                
Operation completed over 1 objects/6.0 KiB.                                      
UPLOAD: content/voca/fr/c2/008/audio/voca_c2_008.cues.json
Copying file://content/voca/fr/c2/008/audio/voca_c2_008.cues.json [Content-Type=application/json]...
/ [0 files][    0.0 B/  338.0 B]                                                / [1 files][  338.0 B/  338.0 B]                                                
Operation completed over 1 objects/338.0 B.                                      
SKIP (exists): content/voca/fr/c2/008/audio/audio.wav
SKIP (exists): content/voca/fr/c2/008/data/data.json
UPLOAD: content/voca/fr/c2/001/.DS_Store
Copying file://content/voca/fr/c2/001/.DS_Store [Content-Type=application/octet-stream]...
/ [0 files][    0.0 B/  6.0 KiB]                                                / [1 files][  6.0 KiB/  6.0 KiB]                                                
Operation completed over 1 objects/6.0 KiB.                                      
SKIP (exists): content/voca/fr/c2/001/audio/voca_c2_001.cues.json
SKIP (exists): content/voca/fr/c2/001/audio/audio.wav
SKIP (exists): content/voca/fr/c2/001/data/data.json
UPLOAD: content/voca/fr/c2/006/.DS_Store
Copying file://content/voca/fr/c2/006/.DS_Store [Content-Type=application/octet-stream]...
/ [0 files][    0.0 B/  6.0 KiB]                                                / [1 files][  6.0 KiB/  6.0 KiB]                                                
Operation completed over 1 objects/6.0 KiB.                                      
UPLOAD: content/voca/fr/c2/006/audio/voca_c2_006.cues.json
Copying file://content/voca/fr/c2/006/audio/voca_c2_006.cues.json [Content-Type=application/json]...
/ [0 files][    0.0 B/  338.0 B]                                                / [1 files][  338.0 B/  338.0 B]                                                
Operation completed over 1 objects/338.0 B.                                      
SKIP (exists): content/voca/fr/c2/006/audio/audio.wav
SKIP (exists): content/voca/fr/c2/006/data/data.json
UPLOAD: content/voca/fr/c2/010/.DS_Store
Copying file://content/voca/fr/c2/010/.DS_Store [Content-Type=application/octet-stream]...
/ [0 files][    0.0 B/  6.0 KiB]                                                / [1 files][  6.0 KiB/  6.0 KiB]                                                
Operation completed over 1 objects/6.0 KiB.                                      
UPLOAD: content/voca/fr/c2/010/audio/voca_c2_010.cues.json
Copying file://content/voca/fr/c2/010/audio/voca_c2_010.cues.json [Content-Type=application/json]...
/ [0 files][    0.0 B/  338.0 B]                                                / [1 files][  338.0 B/  338.0 B]                                                
Operation completed over 1 objects/338.0 B.                                      
SKIP (exists): content/voca/fr/c2/010/audio/audio.wav
SKIP (exists): content/voca/fr/c2/010/data/data.json
UPLOAD: content/voca/fr/c2/003/.DS_Store
Copying file://content/voca/fr/c2/003/.DS_Store [Content-Type=application/octet-stream]...
/ [0 files][    0.0 B/  6.0 KiB]                                                / [1 files][  6.0 KiB/  6.0 KiB]                                                
Operation completed over 1 objects/6.0 KiB.                                      
UPLOAD: content/voca/fr/c2/003/audio/voca_c2_003.cues.json
Copying file://content/voca/fr/c2/003/audio/voca_c2_003.cues.json [Content-Type=application/json]...
/ [0 files][    0.0 B/  338.0 B]                                                / [1 files][  338.0 B/  338.0 B]                                                
Operation completed over 1 objects/338.0 B.                                      
SKIP (exists): content/voca/fr/c2/003/audio/audio.wav
SKIP (exists): content/voca/fr/c2/003/data/data.json
UPLOAD: content/voca/fr/c2/004/.DS_Store
Copying file://content/voca/fr/c2/004/.DS_Store [Content-Type=application/octet-stream]...
/ [0 files][    0.0 B/  6.0 KiB]                                                / [1 files][  6.0 KiB/  6.0 KiB]                                                
Operation completed over 1 objects/6.0 KiB.                                      
UPLOAD: content/voca/fr/c2/004/audio/voca_c2_004.cues.json
Copying file://content/voca/fr/c2/004/audio/voca_c2_004.cues.json [Content-Type=application/json]...
/ [0 files][    0.0 B/  338.0 B]                                                / [1 files][  338.0 B/  338.0 B]                                                
Operation completed over 1 objects/338.0 B.                                      
SKIP (exists): content/voca/fr/c2/004/audio/audio.wav
SKIP (exists): content/voca/fr/c2/004/data/data.json
UPLOAD: content/voca/fr/c2/005/.DS_Store
Copying file://content/voca/fr/c2/005/.DS_Store [Content-Type=application/octet-stream]...
/ [0 files][    0.0 B/  6.0 KiB]                                                / [1 files][  6.0 KiB/  6.0 KiB]                                                
Operation completed over 1 objects/6.0 KiB.                                      
UPLOAD: content/voca/fr/c2/005/audio/voca_c2_005.cues.json
Copying file://content/voca/fr/c2/005/audio/voca_c2_005.cues.json [Content-Type=application/json]...
/ [0 files][    0.0 B/  338.0 B]                                                / [1 files][  338.0 B/  338.0 B]                                                
Operation completed over 1 objects/338.0 B.                                      
SKIP (exists): content/voca/fr/c2/005/audio/audio.wav
SKIP (exists): content/voca/fr/c2/005/data/data.json
UPLOAD: content/voca/fr/c2/002/.DS_Store
Copying file://content/voca/fr/c2/002/.DS_Store [Content-Type=application/octet-stream]...
/ [0 files][    0.0 B/  6.0 KiB]                                                / [1 files][  6.0 KiB/  6.0 KiB]                                                
Operation completed over 1 objects/6.0 KiB.                                      
UPLOAD: content/voca/fr/c2/002/audio/voca_c2_002.cues.json
Copying file://content/voca/fr/c2/002/audio/voca_c2_002.cues.json [Content-Type=application/json]...
/ [0 files][    0.0 B/  338.0 B]                                                / [1 files][  338.0 B/  338.0 B]                                                
Operation completed over 1 objects/338.0 B.                                      
SKIP (exists): content/voca/fr/c2/002/audio/audio.wav
SKIP (exists): content/voca/fr/c2/002/data/data.json
SKIP (exists): content/voca/es/.DS_Store
UPLOAD: content/voca/es/b2/024/.DS_Store
Copying file://content/voca/es/b2/024/.DS_Store [Content-Type=application/octet-stream]...
/ [0 files][    0.0 B/  6.0 KiB]                                                / [1 files][  6.0 KiB/  6.0 KiB]                                                
Operation completed over 1 objects/6.0 KiB.                                      
UPLOAD: content/voca/es/b2/024/audio/voca_b2_024.cues.json
Copying file://content/voca/es/b2/024/audio/voca_b2_024.cues.json [Content-Type=application/json]...
/ [0 files][    0.0 B/  338.0 B]                                                / [1 files][  338.0 B/  338.0 B]                                                -
Operation completed over 1 objects/338.0 B.                                      
SKIP (exists): content/voca/es/b2/024/audio/audio.wav
SKIP (exists): content/voca/es/b2/024/data/data.json
SKIP (exists): content/voca/es/b2/023/.DS_Store
UPLOAD: content/voca/es/b2/023/audio/voca_b2_023.cues.json
Copying file://content/voca/es/b2/023/audio/voca_b2_023.cues.json [Content-Type=application/json]...
/ [0 files][    0.0 B/  338.0 B]                                                / [1 files][  338.0 B/  338.0 B]                                                
Operation completed over 1 objects/338.0 B.                                      
SKIP (exists): content/voca/es/b2/023/audio/audio.wav
SKIP (exists): content/voca/es/b2/023/data/data.json
UPLOAD: content/voca/es/b2/015/.DS_Store
Copying file://content/voca/es/b2/015/.DS_Store [Content-Type=application/octet-stream]...
/ [0 files][    0.0 B/  6.0 KiB]                                                / [1 files][  6.0 KiB/  6.0 KiB]                                                
Operation completed over 1 objects/6.0 KiB.                                      
SKIP (exists): content/voca/es/b2/015/audio/audio.wav
UPLOAD: content/voca/es/b2/015/audio/voca_b2_015.cues.json
Copying file://content/voca/es/b2/015/audio/voca_b2_015.cues.json [Content-Type=application/json]...
/ [0 files][    0.0 B/  338.0 B]                                                / [1 files][  338.0 B/  338.0 B]                                                
Operation completed over 1 objects/338.0 B.                                      
SKIP (exists): content/voca/es/b2/015/data/data.json
UPLOAD: content/voca/es/b2/.DS_Store
Copying file://content/voca/es/b2/.DS_Store [Content-Type=application/octet-stream]...
/ [0 files][    0.0 B/ 14.0 KiB]                                                / [1 files][ 14.0 KiB/ 14.0 KiB]                                                -
Operation completed over 1 objects/14.0 KiB.                                     
SKIP (exists): content/voca/es/b2/012/.DS_Store
UPLOAD: content/voca/es/b2/012/audio/voca_b2_012.cues.json
Copying file://content/voca/es/b2/012/audio/voca_b2_012.cues.json [Content-Type=application/json]...
/ [0 files][    0.0 B/  338.0 B]                                                / [1 files][  338.0 B/  338.0 B]                                                
Operation completed over 1 objects/338.0 B.                                      
SKIP (exists): content/voca/es/b2/012/audio/audio.wav
SKIP (exists): content/voca/es/b2/012/data/data.json
UPLOAD: content/voca/es/b2/013/.DS_Store
Copying file://content/voca/es/b2/013/.DS_Store [Content-Type=application/octet-stream]...
/ [0 files][    0.0 B/  6.0 KiB]                                                / [1 files][  6.0 KiB/  6.0 KiB]                                                
Operation completed over 1 objects/6.0 KiB.                                      
UPLOAD: content/voca/es/b2/013/audio/voca_b2_013.cues.json
Copying file://content/voca/es/b2/013/audio/voca_b2_013.cues.json [Content-Type=application/json]...
/ [0 files][    0.0 B/  338.0 B]                                                / [1 files][  338.0 B/  338.0 B]                                                
Operation completed over 1 objects/338.0 B.                                      
SKIP (exists): content/voca/es/b2/013/audio/audio.wav
SKIP (exists): content/voca/es/b2/013/data/data.json
UPLOAD: content/voca/es/b2/014/.DS_Store
Copying file://content/voca/es/b2/014/.DS_Store [Content-Type=application/octet-stream]...
/ [0 files][    0.0 B/  6.0 KiB]                                                / [1 files][  6.0 KiB/  6.0 KiB]                                                
Operation completed over 1 objects/6.0 KiB.                                      
SKIP (exists): content/voca/es/b2/014/audio/voca_b2_014.cues.json
SKIP (exists): content/voca/es/b2/014/audio/audio.wav
SKIP (exists): content/voca/es/b2/014/data/data.json
UPLOAD: content/voca/es/b2/022/.DS_Store
Copying file://content/voca/es/b2/022/.DS_Store [Content-Type=application/octet-stream]...
/ [0 files][    0.0 B/  6.0 KiB]                                                / [1 files][  6.0 KiB/  6.0 KiB]                                                
Operation completed over 1 objects/6.0 KiB.                                      
UPLOAD: content/voca/es/b2/022/audio/voca_b2_022.cues.json
Copying file://content/voca/es/b2/022/audio/voca_b2_022.cues.json [Content-Type=application/json]...
/ [0 files][    0.0 B/  338.0 B]                                                / [1 files][  338.0 B/  338.0 B]                                                
Operation completed over 1 objects/338.0 B.                                      
SKIP (exists): content/voca/es/b2/022/audio/audio.wav
SKIP (exists): content/voca/es/b2/022/data/data.json
UPLOAD: content/voca/es/b2/025/.DS_Store
Copying file://content/voca/es/b2/025/.DS_Store [Content-Type=application/octet-stream]...
/ [0 files][    0.0 B/  6.0 KiB]                                                / [1 files][  6.0 KiB/  6.0 KiB]                                                
Operation completed over 1 objects/6.0 KiB.                                      
UPLOAD: content/voca/es/b2/025/audio/voca_b2_025.cues.json
Copying file://content/voca/es/b2/025/audio/voca_b2_025.cues.json [Content-Type=application/json]...
/ [0 files][    0.0 B/  338.0 B]                                                / [1 files][  338.0 B/  338.0 B]                                                
Operation completed over 1 objects/338.0 B.                                      
SKIP (exists): content/voca/es/b2/025/audio/audio.wav
SKIP (exists): content/voca/es/b2/025/data/data.json
UPLOAD: content/voca/es/b2/040/.DS_Store
Copying file://content/voca/es/b2/040/.DS_Store [Content-Type=application/octet-stream]...
/ [0 files][    0.0 B/  6.0 KiB]                                                / [1 files][  6.0 KiB/  6.0 KiB]                                                
Operation completed over 1 objects/6.0 KiB.                                      
UPLOAD: content/voca/es/b2/040/audio/voca_b2_040.cues.json
Copying file://content/voca/es/b2/040/audio/voca_b2_040.cues.json [Content-Type=application/json]...
/ [0 files][    0.0 B/  338.0 B]                                                / [1 files][  338.0 B/  338.0 B]                                                
Operation completed over 1 objects/338.0 B.                                      
SKIP (exists): content/voca/es/b2/040/audio/audio.wav
SKIP (exists): content/voca/es/b2/040/data/data.json
SKIP (exists): content/voca/es/b2/038/.DS_Store
UPLOAD: content/voca/es/b2/038/audio/voca_b2_038.cues.json
Copying file://content/voca/es/b2/038/audio/voca_b2_038.cues.json [Content-Type=application/json]...
/ [0 files][    0.0 B/  338.0 B]                                                / [1 files][  338.0 B/  338.0 B]                                                
Operation completed over 1 objects/338.0 B.                                      
SKIP (exists): content/voca/es/b2/038/audio/audio.wav
SKIP (exists): content/voca/es/b2/038/data/data.json
UPLOAD: content/voca/es/b2/007/.DS_Store
Copying file://content/voca/es/b2/007/.DS_Store [Content-Type=application/octet-stream]...
/ [0 files][    0.0 B/  6.0 KiB]                                                / [1 files][  6.0 KiB/  6.0 KiB]                                                
Operation completed over 1 objects/6.0 KiB.                                      
UPLOAD: content/voca/es/b2/007/audio/voca_b2_007.cues.json
Copying file://content/voca/es/b2/007/audio/voca_b2_007.cues.json [Content-Type=application/json]...
/ [0 files][    0.0 B/  338.0 B]                                                / [1 files][  338.0 B/  338.0 B]                                                
Operation completed over 1 objects/338.0 B.                                      
SKIP (exists): content/voca/es/b2/007/audio/audio.wav
SKIP (exists): content/voca/es/b2/007/data/data.json
UPLOAD: content/voca/es/b2/009/.DS_Store
Copying file://content/voca/es/b2/009/.DS_Store [Content-Type=application/octet-stream]...
/ [0 files][    0.0 B/  6.0 KiB]                                                / [1 files][  6.0 KiB/  6.0 KiB]                                                
Operation completed over 1 objects/6.0 KiB.                                      
UPLOAD: content/voca/es/b2/009/audio/voca_b2_009.cues.json
Copying file://content/voca/es/b2/009/audio/voca_b2_009.cues.json [Content-Type=application/json]...
/ [0 files][    0.0 B/  338.0 B]                                                / [1 files][  338.0 B/  338.0 B]                                                
Operation completed over 1 objects/338.0 B.                                      
SKIP (exists): content/voca/es/b2/009/audio/audio.wav
SKIP (exists): content/voca/es/b2/009/data/data.json
UPLOAD: content/voca/es/b2/036/.DS_Store
Copying file://content/voca/es/b2/036/.DS_Store [Content-Type=application/octet-stream]...
/ [0 files][    0.0 B/  6.0 KiB]                                                / [1 files][  6.0 KiB/  6.0 KiB]                                                -
Operation completed over 1 objects/6.0 KiB.                                      
UPLOAD: content/voca/es/b2/036/audio/voca_b2_036.cues.json
Copying file://content/voca/es/b2/036/audio/voca_b2_036.cues.json [Content-Type=application/json]...
/ [0 files][    0.0 B/  338.0 B]                                                / [1 files][  338.0 B/  338.0 B]                                                
Operation completed over 1 objects/338.0 B.                                      
SKIP (exists): content/voca/es/b2/036/audio/audio.wav
SKIP (exists): content/voca/es/b2/036/data/data.json
SKIP (exists): content/voca/es/b2/031/.DS_Store
UPLOAD: content/voca/es/b2/031/audio/voca_b2_031.cues.json
Copying file://content/voca/es/b2/031/audio/voca_b2_031.cues.json [Content-Type=application/json]...
/ [0 files][    0.0 B/  338.0 B]                                                / [1 files][  338.0 B/  338.0 B]                                                
Operation completed over 1 objects/338.0 B.                                      
SKIP (exists): content/voca/es/b2/031/audio/audio.wav
SKIP (exists): content/voca/es/b2/031/data/data.json
UPLOAD: content/voca/es/b2/030/.DS_Store
Copying file://content/voca/es/b2/030/.DS_Store [Content-Type=application/octet-stream]...
/ [0 files][    0.0 B/  6.0 KiB]                                                / [1 files][  6.0 KiB/  6.0 KiB]                                                
Operation completed over 1 objects/6.0 KiB.                                      
UPLOAD: content/voca/es/b2/030/audio/voca_b2_030.cues.json
Copying file://content/voca/es/b2/030/audio/voca_b2_030.cues.json [Content-Type=application/json]...
/ [0 files][    0.0 B/  338.0 B]                                                / [1 files][  338.0 B/  338.0 B]                                                
Operation completed over 1 objects/338.0 B.                                      
SKIP (exists): content/voca/es/b2/030/audio/audio.wav
SKIP (exists): content/voca/es/b2/030/data/data.json
UPLOAD: content/voca/es/b2/008/.DS_Store
Copying file://content/voca/es/b2/008/.DS_Store [Content-Type=application/octet-stream]...
/ [0 files][    0.0 B/  6.0 KiB]                                                / [1 files][  6.0 KiB/  6.0 KiB]                                                
Operation completed over 1 objects/6.0 KiB.                                      
UPLOAD: content/voca/es/b2/008/audio/voca_b2_008.cues.json
Copying file://content/voca/es/b2/008/audio/voca_b2_008.cues.json [Content-Type=application/json]...
/ [0 files][    0.0 B/  338.0 B]                                                / [1 files][  338.0 B/  338.0 B]                                                
Operation completed over 1 objects/338.0 B.                                      
SKIP (exists): content/voca/es/b2/008/audio/audio.wav
SKIP (exists): content/voca/es/b2/008/data/data.json
UPLOAD: content/voca/es/b2/037/.DS_Store
Copying file://content/voca/es/b2/037/.DS_Store [Content-Type=application/octet-stream]...
/ [0 files][    0.0 B/  6.0 KiB]                                                / [1 files][  6.0 KiB/  6.0 KiB]                                                
Operation completed over 1 objects/6.0 KiB.                                      
SKIP (exists): content/voca/es/b2/037/audio/voca_b2_037.cues.json
SKIP (exists): content/voca/es/b2/037/audio/audio.wav
SKIP (exists): content/voca/es/b2/037/data/data.json
UPLOAD: content/voca/es/b2/001/.DS_Store
Copying file://content/voca/es/b2/001/.DS_Store [Content-Type=application/octet-stream]...
/ [0 files][    0.0 B/  6.0 KiB]                                                / [1 files][  6.0 KiB/  6.0 KiB]                                                -
Operation completed over 1 objects/6.0 KiB.                                      
SKIP (exists): content/voca/es/b2/001/audio/audio.wav
UPLOAD: content/voca/es/b2/001/audio/voca_b2_001.cues.json
Copying file://content/voca/es/b2/001/audio/voca_b2_001.cues.json [Content-Type=application/json]...
/ [0 files][    0.0 B/  338.0 B]                                                / [1 files][  338.0 B/  338.0 B]                                                
Operation completed over 1 objects/338.0 B.                                      
SKIP (exists): content/voca/es/b2/001/data/data.json
UPLOAD: content/voca/es/b2/039/.DS_Store
Copying file://content/voca/es/b2/039/.DS_Store [Content-Type=application/octet-stream]...
/ [0 files][    0.0 B/  6.0 KiB]                                                / [1 files][  6.0 KiB/  6.0 KiB]                                                
Operation completed over 1 objects/6.0 KiB.                                      
SKIP (exists): content/voca/es/b2/039/audio/audio.wav
UPLOAD: content/voca/es/b2/039/audio/voca_b2_039.cues.json
Copying file://content/voca/es/b2/039/audio/voca_b2_039.cues.json [Content-Type=application/json]...
/ [0 files][    0.0 B/  338.0 B]                                                / [1 files][  338.0 B/  338.0 B]                                                
Operation completed over 1 objects/338.0 B.                                      
SKIP (exists): content/voca/es/b2/039/data/data.json
UPLOAD: content/voca/es/b2/006/.DS_Store
Copying file://content/voca/es/b2/006/.DS_Store [Content-Type=application/octet-stream]...
/ [0 files][    0.0 B/  6.0 KiB]                                                / [1 files][  6.0 KiB/  6.0 KiB]                                                
Operation completed over 1 objects/6.0 KiB.                                      
UPLOAD: content/voca/es/b2/006/audio/voca_b2_006.cues.json
Copying file://content/voca/es/b2/006/audio/voca_b2_006.cues.json [Content-Type=application/json]...
/ [0 files][    0.0 B/  338.0 B]                                                / [1 files][  338.0 B/  338.0 B]                                                
Operation completed over 1 objects/338.0 B.                                      
SKIP (exists): content/voca/es/b2/006/audio/audio.wav
SKIP (exists): content/voca/es/b2/006/data/data.json
SKIP (exists): content/voca/es/b2/020/.DS_Store
SKIP (exists): content/voca/es/b2/020/audio/audio.wav
UPLOAD: content/voca/es/b2/020/audio/voca_b2_020.cues.json
Copying file://content/voca/es/b2/020/audio/voca_b2_020.cues.json [Content-Type=application/json]...
/ [0 files][    0.0 B/  338.0 B]                                                / [1 files][  338.0 B/  338.0 B]                                                
Operation completed over 1 objects/338.0 B.                                      
SKIP (exists): content/voca/es/b2/020/data/data.json
UPLOAD: content/voca/es/b2/027/.DS_Store
Copying file://content/voca/es/b2/027/.DS_Store [Content-Type=application/octet-stream]...
/ [0 files][    0.0 B/  6.0 KiB]                                                / [1 files][  6.0 KiB/  6.0 KiB]                                                
Operation completed over 1 objects/6.0 KiB.                                      
UPLOAD: content/voca/es/b2/027/audio/voca_b2_027.cues.json
Copying file://content/voca/es/b2/027/audio/voca_b2_027.cues.json [Content-Type=application/json]...
/ [0 files][    0.0 B/  338.0 B]                                                / [1 files][  338.0 B/  338.0 B]                                                
Operation completed over 1 objects/338.0 B.                                      
SKIP (exists): content/voca/es/b2/027/audio/audio.wav
SKIP (exists): content/voca/es/b2/027/data/data.json
UPLOAD: content/voca/es/b2/018/.DS_Store
Copying file://content/voca/es/b2/018/.DS_Store [Content-Type=application/octet-stream]...
/ [0 files][    0.0 B/  6.0 KiB]                                                / [1 files][  6.0 KiB/  6.0 KiB]                                                
Operation completed over 1 objects/6.0 KiB.                                      
UPLOAD: content/voca/es/b2/018/audio/voca_b2_018.cues.json
Copying file://content/voca/es/b2/018/audio/voca_b2_018.cues.json [Content-Type=application/json]...
/ [0 files][    0.0 B/  338.0 B]                                                / [1 files][  338.0 B/  338.0 B]                                                
Operation completed over 1 objects/338.0 B.                                      
SKIP (exists): content/voca/es/b2/018/audio/audio.wav
SKIP (exists): content/voca/es/b2/018/data/data.json
UPLOAD: content/voca/es/b2/011/.DS_Store
Copying file://content/voca/es/b2/011/.DS_Store [Content-Type=application/octet-stream]...
/ [0 files][    0.0 B/  6.0 KiB]                                                / [1 files][  6.0 KiB/  6.0 KiB]                                                
Operation completed over 1 objects/6.0 KiB.                                      
UPLOAD: content/voca/es/b2/011/audio/voca_b2_011.cues.json
Copying file://content/voca/es/b2/011/audio/voca_b2_011.cues.json [Content-Type=application/json]...
/ [0 files][    0.0 B/  338.0 B]                                                / [1 files][  338.0 B/  338.0 B]                                                
Operation completed over 1 objects/338.0 B.                                      
SKIP (exists): content/voca/es/b2/011/audio/audio.wav
SKIP (exists): content/voca/es/b2/011/data/data.json
SKIP (exists): content/voca/es/b2/016/.DS_Store
UPLOAD: content/voca/es/b2/016/audio/voca_b2_016.cues.json
Copying file://content/voca/es/b2/016/audio/voca_b2_016.cues.json [Content-Type=application/json]...
/ [0 files][    0.0 B/  338.0 B]                                                / [1 files][  338.0 B/  338.0 B]                                                
Operation completed over 1 objects/338.0 B.                                      
SKIP (exists): content/voca/es/b2/016/audio/audio.wav
SKIP (exists): content/voca/es/b2/016/data/data.json
UPLOAD: content/voca/es/b2/029/.DS_Store
Copying file://content/voca/es/b2/029/.DS_Store [Content-Type=application/octet-stream]...
/ [0 files][    0.0 B/  6.0 KiB]                                                / [1 files][  6.0 KiB/  6.0 KiB]                                                
Operation completed over 1 objects/6.0 KiB.                                      
UPLOAD: content/voca/es/b2/029/audio/voca_b2_029.cues.json
Copying file://content/voca/es/b2/029/audio/voca_b2_029.cues.json [Content-Type=application/json]...
/ [0 files][    0.0 B/  338.0 B]                                                / [1 files][  338.0 B/  338.0 B]                                                
Operation completed over 1 objects/338.0 B.                                      
SKIP (exists): content/voca/es/b2/029/audio/audio.wav
SKIP (exists): content/voca/es/b2/029/data/data.json
UPLOAD: content/voca/es/b2/017/.DS_Store
Copying file://content/voca/es/b2/017/.DS_Store [Content-Type=application/octet-stream]...
/ [0 files][    0.0 B/  6.0 KiB]                                                / [1 files][  6.0 KiB/  6.0 KiB]                                                
Operation completed over 1 objects/6.0 KiB.                                      
UPLOAD: content/voca/es/b2/017/audio/voca_b2_017.cues.json
Copying file://content/voca/es/b2/017/audio/voca_b2_017.cues.json [Content-Type=application/json]...
/ [0 files][    0.0 B/  338.0 B]                                                / [1 files][  338.0 B/  338.0 B]                                                
Operation completed over 1 objects/338.0 B.                                      
SKIP (exists): content/voca/es/b2/017/audio/audio.wav
SKIP (exists): content/voca/es/b2/017/data/data.json
SKIP (exists): content/voca/es/b2/028/.DS_Store
UPLOAD: content/voca/es/b2/028/audio/voca_b2_028.cues.json
Copying file://content/voca/es/b2/028/audio/voca_b2_028.cues.json [Content-Type=application/json]...
/ [0 files][    0.0 B/  338.0 B]                                                / [1 files][  338.0 B/  338.0 B]                                                
Operation completed over 1 objects/338.0 B.                                      
SKIP (exists): content/voca/es/b2/028/audio/audio.wav
SKIP (exists): content/voca/es/b2/028/data/data.json
UPLOAD: content/voca/es/b2/010/.DS_Store
Copying file://content/voca/es/b2/010/.DS_Store [Content-Type=application/octet-stream]...
/ [0 files][    0.0 B/  6.0 KiB]                                                / [1 files][  6.0 KiB/  6.0 KiB]                                                
Operation completed over 1 objects/6.0 KiB.                                      
UPLOAD: content/voca/es/b2/010/audio/voca_b2_010.cues.json
Copying file://content/voca/es/b2/010/audio/voca_b2_010.cues.json [Content-Type=application/json]...
/ [0 files][    0.0 B/  338.0 B]                                                / [1 files][  338.0 B/  338.0 B]                                                
Operation completed over 1 objects/338.0 B.                                      
SKIP (exists): content/voca/es/b2/010/audio/audio.wav
SKIP (exists): content/voca/es/b2/010/data/data.json
UPLOAD: content/voca/es/b2/026/.DS_Store
Copying file://content/voca/es/b2/026/.DS_Store [Content-Type=application/octet-stream]...
/ [0 files][    0.0 B/  6.0 KiB]                                                / [1 files][  6.0 KiB/  6.0 KiB]                                                
Operation completed over 1 objects/6.0 KiB.                                      
UPLOAD: content/voca/es/b2/026/audio/voca_b2_026.cues.json
Copying file://content/voca/es/b2/026/audio/voca_b2_026.cues.json [Content-Type=application/json]...
/ [0 files][    0.0 B/  338.0 B]                                                / [1 files][  338.0 B/  338.0 B]                                                
Operation completed over 1 objects/338.0 B.                                      
SKIP (exists): content/voca/es/b2/026/audio/audio.wav
SKIP (exists): content/voca/es/b2/026/data/data.json
UPLOAD: content/voca/es/b2/019/.DS_Store
Copying file://content/voca/es/b2/019/.DS_Store [Content-Type=application/octet-stream]...
/ [0 files][    0.0 B/  6.0 KiB]                                                / [1 files][  6.0 KiB/  6.0 KiB]                                                
Operation completed over 1 objects/6.0 KiB.                                      
UPLOAD: content/voca/es/b2/019/audio/voca_b2_019.cues.json
Copying file://content/voca/es/b2/019/audio/voca_b2_019.cues.json [Content-Type=application/json]...
/ [0 files][    0.0 B/  338.0 B]                                                / [1 files][  338.0 B/  338.0 B]                                                
Operation completed over 1 objects/338.0 B.                                      
SKIP (exists): content/voca/es/b2/019/audio/audio.wav
SKIP (exists): content/voca/es/b2/019/data/data.json
UPLOAD: content/voca/es/b2/021/.DS_Store
Copying file://content/voca/es/b2/021/.DS_Store [Content-Type=application/octet-stream]...
/ [0 files][    0.0 B/  6.0 KiB]                                                / [1 files][  6.0 KiB/  6.0 KiB]                                                
Operation completed over 1 objects/6.0 KiB.                                      
SKIP (exists): content/voca/es/b2/021/audio/voca_b2_021.cues.json
SKIP (exists): content/voca/es/b2/021/audio/audio.wav
SKIP (exists): content/voca/es/b2/021/data/data.json
UPLOAD: content/voca/es/b2/003/.DS_Store
Copying file://content/voca/es/b2/003/.DS_Store [Content-Type=application/octet-stream]...
/ [0 files][    0.0 B/  6.0 KiB]                                                / [1 files][  6.0 KiB/  6.0 KiB]                                                -
Operation completed over 1 objects/6.0 KiB.                                      
UPLOAD: content/voca/es/b2/003/audio/voca_b2_003.cues.json
Copying file://content/voca/es/b2/003/audio/voca_b2_003.cues.json [Content-Type=application/json]...
/ [0 files][    0.0 B/  338.0 B]                                                / [1 files][  338.0 B/  338.0 B]                                                
Operation completed over 1 objects/338.0 B.                                      
SKIP (exists): content/voca/es/b2/003/audio/audio.wav
SKIP (exists): content/voca/es/b2/003/data/data.json
UPLOAD: content/voca/es/b2/004/.DS_Store
Copying file://content/voca/es/b2/004/.DS_Store [Content-Type=application/octet-stream]...
/ [0 files][    0.0 B/  6.0 KiB]                                                / [1 files][  6.0 KiB/  6.0 KiB]                                                
Operation completed over 1 objects/6.0 KiB.                                      
SKIP (exists): content/voca/es/b2/004/audio/voca_b2_004.cues.json
SKIP (exists): content/voca/es/b2/004/audio/audio.wav
SKIP (exists): content/voca/es/b2/004/data/data.json
UPLOAD: content/voca/es/b2/032/.DS_Store
Copying file://content/voca/es/b2/032/.DS_Store [Content-Type=application/octet-stream]...
/ [0 files][    0.0 B/  6.0 KiB]                                                / [1 files][  6.0 KiB/  6.0 KiB]                                                
Operation completed over 1 objects/6.0 KiB.                                      
UPLOAD: content/voca/es/b2/032/audio/voca_b2_032.cues.json
Copying file://content/voca/es/b2/032/audio/voca_b2_032.cues.json [Content-Type=application/json]...
/ [0 files][    0.0 B/  338.0 B]                                                / [1 files][  338.0 B/  338.0 B]                                                
Operation completed over 1 objects/338.0 B.                                      
SKIP (exists): content/voca/es/b2/032/audio/audio.wav
SKIP (exists): content/voca/es/b2/032/data/data.json
UPLOAD: content/voca/es/b2/035/.DS_Store
Copying file://content/voca/es/b2/035/.DS_Store [Content-Type=application/octet-stream]...
/ [0 files][    0.0 B/  6.0 KiB]                                                / [1 files][  6.0 KiB/  6.0 KiB]                                                
Operation completed over 1 objects/6.0 KiB.                                      
UPLOAD: content/voca/es/b2/035/audio/voca_b2_035.cues.json
Copying file://content/voca/es/b2/035/audio/voca_b2_035.cues.json [Content-Type=application/json]...
/ [0 files][    0.0 B/  338.0 B]                                                / [1 files][  338.0 B/  338.0 B]                                                
Operation completed over 1 objects/338.0 B.                                      
SKIP (exists): content/voca/es/b2/035/audio/audio.wav
SKIP (exists): content/voca/es/b2/035/data/data.json
UPLOAD: content/voca/es/b2/034/.DS_Store
Copying file://content/voca/es/b2/034/.DS_Store [Content-Type=application/octet-stream]...
/ [0 files][    0.0 B/  6.0 KiB]                                                / [1 files][  6.0 KiB/  6.0 KiB]                                                
Operation completed over 1 objects/6.0 KiB.                                      
SKIP (exists): content/voca/es/b2/034/audio/audio.wav
UPLOAD: content/voca/es/b2/034/audio/voca_b2_034.cues.json
Copying file://content/voca/es/b2/034/audio/voca_b2_034.cues.json [Content-Type=application/json]...
/ [0 files][    0.0 B/  338.0 B]                                                / [1 files][  338.0 B/  338.0 B]                                                
Operation completed over 1 objects/338.0 B.                                      
SKIP (exists): content/voca/es/b2/034/data/data.json
UPLOAD: content/voca/es/b2/033/.DS_Store
Copying file://content/voca/es/b2/033/.DS_Store [Content-Type=application/octet-stream]...
/ [0 files][    0.0 B/  6.0 KiB]                                                / [1 files][  6.0 KiB/  6.0 KiB]                                                
Operation completed over 1 objects/6.0 KiB.                                      
UPLOAD: content/voca/es/b2/033/audio/voca_b2_033.cues.json
Copying file://content/voca/es/b2/033/audio/voca_b2_033.cues.json [Content-Type=application/json]...
/ [0 files][    0.0 B/  338.0 B]                                                / [1 files][  338.0 B/  338.0 B]                                                
Operation completed over 1 objects/338.0 B.                                      
SKIP (exists): content/voca/es/b2/033/audio/audio.wav
SKIP (exists): content/voca/es/b2/033/data/data.json
UPLOAD: content/voca/es/b2/005/.DS_Store
Copying file://content/voca/es/b2/005/.DS_Store [Content-Type=application/octet-stream]...
/ [0 files][    0.0 B/  6.0 KiB]                                                / [1 files][  6.0 KiB/  6.0 KiB]                                                
Operation completed over 1 objects/6.0 KiB.                                      
UPLOAD: content/voca/es/b2/005/audio/voca_b2_005.cues.json
Copying file://content/voca/es/b2/005/audio/voca_b2_005.cues.json [Content-Type=application/json]...
/ [0 files][    0.0 B/  338.0 B]                                                / [1 files][  338.0 B/  338.0 B]                                                
Operation completed over 1 objects/338.0 B.                                      
SKIP (exists): content/voca/es/b2/005/audio/audio.wav
SKIP (exists): content/voca/es/b2/005/data/data.json
UPLOAD: content/voca/es/b2/002/.DS_Store
Copying file://content/voca/es/b2/002/.DS_Store [Content-Type=application/octet-stream]...
/ [0 files][    0.0 B/  6.0 KiB]                                                / [1 files][  6.0 KiB/  6.0 KiB]                                                
Operation completed over 1 objects/6.0 KiB.                                      
UPLOAD: content/voca/es/b2/002/audio/voca_b2_002.cues.json
Copying file://content/voca/es/b2/002/audio/voca_b2_002.cues.json [Content-Type=application/json]...
/ [0 files][    0.0 B/  338.0 B]                                                / [1 files][  338.0 B/  338.0 B]                                                
Operation completed over 1 objects/338.0 B.                                      
SKIP (exists): content/voca/es/b2/002/audio/audio.wav
SKIP (exists): content/voca/es/b2/002/data/data.json
UPLOAD: content/voca/es/a2/024/.DS_Store
Copying file://content/voca/es/a2/024/.DS_Store [Content-Type=application/octet-stream]...
/ [0 files][    0.0 B/  6.0 KiB]                                                / [1 files][  6.0 KiB/  6.0 KiB]                                                
Operation completed over 1 objects/6.0 KiB.                                      
SKIP (exists): content/voca/es/a2/024/audio/voca_a2_024.cues.json
SKIP (exists): content/voca/es/a2/024/audio/audio.wav
SKIP (exists): content/voca/es/a2/024/data/data.json
UPLOAD: content/voca/es/a2/023/.DS_Store
Copying file://content/voca/es/a2/023/.DS_Store [Content-Type=application/octet-stream]...
/ [0 files][    0.0 B/  6.0 KiB]                                                / [1 files][  6.0 KiB/  6.0 KiB]                                                
Operation completed over 1 objects/6.0 KiB.                                      
UPLOAD: content/voca/es/a2/023/audio/voca_a2_023.cues.json
Copying file://content/voca/es/a2/023/audio/voca_a2_023.cues.json [Content-Type=application/json]...
/ [0 files][    0.0 B/  338.0 B]                                                / [1 files][  338.0 B/  338.0 B]                                                
Operation completed over 1 objects/338.0 B.                                      
SKIP (exists): content/voca/es/a2/023/audio/audio.wav
SKIP (exists): content/voca/es/a2/023/data/data.json
UPLOAD: content/voca/es/a2/015/.DS_Store
Copying file://content/voca/es/a2/015/.DS_Store [Content-Type=application/octet-stream]...
/ [0 files][    0.0 B/  6.0 KiB]                                                / [1 files][  6.0 KiB/  6.0 KiB]                                                
Operation completed over 1 objects/6.0 KiB.                                      
UPLOAD: content/voca/es/a2/015/audio/voca_a2_015.cues.json
Copying file://content/voca/es/a2/015/audio/voca_a2_015.cues.json [Content-Type=application/json]...
/ [0 files][    0.0 B/  338.0 B]                                                / [1 files][  338.0 B/  338.0 B]                                                
Operation completed over 1 objects/338.0 B.                                      
SKIP (exists): content/voca/es/a2/015/audio/audio.wav
SKIP (exists): content/voca/es/a2/015/data/data.json
UPLOAD: content/voca/es/a2/.DS_Store
Copying file://content/voca/es/a2/.DS_Store [Content-Type=application/octet-stream]...
/ [0 files][    0.0 B/ 12.0 KiB]                                                / [1 files][ 12.0 KiB/ 12.0 KiB]                                                
Operation completed over 1 objects/12.0 KiB.                                     
UPLOAD: content/voca/es/a2/012/.DS_Store
Copying file://content/voca/es/a2/012/.DS_Store [Content-Type=application/octet-stream]...
/ [0 files][    0.0 B/  6.0 KiB]                                                / [1 files][  6.0 KiB/  6.0 KiB]                                                
Operation completed over 1 objects/6.0 KiB.                                      
UPLOAD: content/voca/es/a2/012/audio/voca_a2_012.cues.json
Copying file://content/voca/es/a2/012/audio/voca_a2_012.cues.json [Content-Type=application/json]...
/ [0 files][    0.0 B/  338.0 B]                                                / [1 files][  338.0 B/  338.0 B]                                                
Operation completed over 1 objects/338.0 B.                                      
SKIP (exists): content/voca/es/a2/012/audio/audio.wav
SKIP (exists): content/voca/es/a2/012/data/data.json
UPLOAD: content/voca/es/a2/013/.DS_Store
Copying file://content/voca/es/a2/013/.DS_Store [Content-Type=application/octet-stream]...
/ [0 files][    0.0 B/  6.0 KiB]                                                / [1 files][  6.0 KiB/  6.0 KiB]                                                
Operation completed over 1 objects/6.0 KiB.                                      
UPLOAD: content/voca/es/a2/013/audio/voca_a2_013.cues.json
Copying file://content/voca/es/a2/013/audio/voca_a2_013.cues.json [Content-Type=application/json]...
/ [0 files][    0.0 B/  338.0 B]                                                / [1 files][  338.0 B/  338.0 B]                                                -
Operation completed over 1 objects/338.0 B.                                      
SKIP (exists): content/voca/es/a2/013/audio/audio.wav
SKIP (exists): content/voca/es/a2/013/data/data.json
SKIP (exists): content/voca/es/a2/014/.DS_Store
SKIP (exists): content/voca/es/a2/014/audio/audio.wav
UPLOAD: content/voca/es/a2/014/audio/voca_a2_014.cues.json
Copying file://content/voca/es/a2/014/audio/voca_a2_014.cues.json [Content-Type=application/json]...
/ [0 files][    0.0 B/  338.0 B]                                                / [1 files][  338.0 B/  338.0 B]                                                
Operation completed over 1 objects/338.0 B.                                      
SKIP (exists): content/voca/es/a2/014/data/data.json
UPLOAD: content/voca/es/a2/022/.DS_Store
Copying file://content/voca/es/a2/022/.DS_Store [Content-Type=application/octet-stream]...
/ [0 files][    0.0 B/  6.0 KiB]                                                / [1 files][  6.0 KiB/  6.0 KiB]                                                
Operation completed over 1 objects/6.0 KiB.                                      
SKIP (exists): content/voca/es/a2/022/audio/voca_a2_022.cues.json
SKIP (exists): content/voca/es/a2/022/audio/audio.wav
SKIP (exists): content/voca/es/a2/022/data/data.json
UPLOAD: content/voca/es/a2/025/.DS_Store
Copying file://content/voca/es/a2/025/.DS_Store [Content-Type=application/octet-stream]...
/ [0 files][    0.0 B/  6.0 KiB]                                                / [1 files][  6.0 KiB/  6.0 KiB]                                                
Operation completed over 1 objects/6.0 KiB.                                      
UPLOAD: content/voca/es/a2/025/audio/voca_a2_025.cues.json
Copying file://content/voca/es/a2/025/audio/voca_a2_025.cues.json [Content-Type=application/json]...
/ [0 files][    0.0 B/  338.0 B]                                                / [1 files][  338.0 B/  338.0 B]                                                
Operation completed over 1 objects/338.0 B.                                      
SKIP (exists): content/voca/es/a2/025/audio/audio.wav
SKIP (exists): content/voca/es/a2/025/data/data.json
UPLOAD: content/voca/es/a2/040/.DS_Store
Copying file://content/voca/es/a2/040/.DS_Store [Content-Type=application/octet-stream]...
/ [0 files][    0.0 B/  6.0 KiB]                                                / [1 files][  6.0 KiB/  6.0 KiB]                                                
Operation completed over 1 objects/6.0 KiB.                                      
UPLOAD: content/voca/es/a2/040/audio/voca_a2_040.cues.json
Copying file://content/voca/es/a2/040/audio/voca_a2_040.cues.json [Content-Type=application/json]...
/ [0 files][    0.0 B/  338.0 B]                                                / [1 files][  338.0 B/  338.0 B]                                                
Operation completed over 1 objects/338.0 B.                                      
SKIP (exists): content/voca/es/a2/040/audio/audio.wav
SKIP (exists): content/voca/es/a2/040/data/data.json
UPLOAD: content/voca/es/a2/038/.DS_Store
Copying file://content/voca/es/a2/038/.DS_Store [Content-Type=application/octet-stream]...
/ [0 files][    0.0 B/  6.0 KiB]                                                / [1 files][  6.0 KiB/  6.0 KiB]                                                
Operation completed over 1 objects/6.0 KiB.                                      
UPLOAD: content/voca/es/a2/038/audio/voca_a2_038.cues.json
Copying file://content/voca/es/a2/038/audio/voca_a2_038.cues.json [Content-Type=application/json]...
/ [0 files][    0.0 B/  338.0 B]                                                / [1 files][  338.0 B/  338.0 B]                                                
Operation completed over 1 objects/338.0 B.                                      
SKIP (exists): content/voca/es/a2/038/audio/audio.wav
SKIP (exists): content/voca/es/a2/038/data/data.json
UPLOAD: content/voca/es/a2/007/.DS_Store
Copying file://content/voca/es/a2/007/.DS_Store [Content-Type=application/octet-stream]...
/ [0 files][    0.0 B/  6.0 KiB]                                                / [1 files][  6.0 KiB/  6.0 KiB]                                                
Operation completed over 1 objects/6.0 KiB.                                      
UPLOAD: content/voca/es/a2/007/audio/voca_a2_007.cues.json
Copying file://content/voca/es/a2/007/audio/voca_a2_007.cues.json [Content-Type=application/json]...
/ [0 files][    0.0 B/  338.0 B]                                                / [1 files][  338.0 B/  338.0 B]                                                
Operation completed over 1 objects/338.0 B.                                      
SKIP (exists): content/voca/es/a2/007/audio/audio.wav
SKIP (exists): content/voca/es/a2/007/data/data.json
UPLOAD: content/voca/es/a2/009/.DS_Store
Copying file://content/voca/es/a2/009/.DS_Store [Content-Type=application/octet-stream]...
/ [0 files][    0.0 B/  6.0 KiB]                                                / [1 files][  6.0 KiB/  6.0 KiB]                                                
Operation completed over 1 objects/6.0 KiB.                                      
UPLOAD: content/voca/es/a2/009/audio/voca_a2_009.cues.json
Copying file://content/voca/es/a2/009/audio/voca_a2_009.cues.json [Content-Type=application/json]...
/ [0 files][    0.0 B/  338.0 B]                                                / [1 files][  338.0 B/  338.0 B]                                                
Operation completed over 1 objects/338.0 B.                                      
SKIP (exists): content/voca/es/a2/009/audio/audio.wav
SKIP (exists): content/voca/es/a2/009/data/data.json
UPLOAD: content/voca/es/a2/036/.DS_Store
Copying file://content/voca/es/a2/036/.DS_Store [Content-Type=application/octet-stream]...
/ [0 files][    0.0 B/  6.0 KiB]                                                / [1 files][  6.0 KiB/  6.0 KiB]                                                
Operation completed over 1 objects/6.0 KiB.                                      
UPLOAD: content/voca/es/a2/036/audio/voca_a2_036.cues.json
Copying file://content/voca/es/a2/036/audio/voca_a2_036.cues.json [Content-Type=application/json]...
/ [0 files][    0.0 B/  338.0 B]                                                / [1 files][  338.0 B/  338.0 B]                                                
Operation completed over 1 objects/338.0 B.                                      
SKIP (exists): content/voca/es/a2/036/audio/audio.wav
SKIP (exists): content/voca/es/a2/036/data/data.json
UPLOAD: content/voca/es/a2/031/.DS_Store
Copying file://content/voca/es/a2/031/.DS_Store [Content-Type=application/octet-stream]...
/ [0 files][    0.0 B/  6.0 KiB]                                                / [1 files][  6.0 KiB/  6.0 KiB]                                                
Operation completed over 1 objects/6.0 KiB.                                      
UPLOAD: content/voca/es/a2/031/audio/voca_a2_031.cues.json
Copying file://content/voca/es/a2/031/audio/voca_a2_031.cues.json [Content-Type=application/json]...
/ [0 files][    0.0 B/  338.0 B]                                                / [1 files][  338.0 B/  338.0 B]                                                
Operation completed over 1 objects/338.0 B.                                      
SKIP (exists): content/voca/es/a2/031/audio/audio.wav
SKIP (exists): content/voca/es/a2/031/data/data.json
UPLOAD: content/voca/es/a2/030/.DS_Store
Copying file://content/voca/es/a2/030/.DS_Store [Content-Type=application/octet-stream]...
/ [0 files][    0.0 B/  6.0 KiB]                                                / [1 files][  6.0 KiB/  6.0 KiB]                                                
Operation completed over 1 objects/6.0 KiB.                                      
UPLOAD: content/voca/es/a2/030/audio/voca_a2_030.cues.json
Copying file://content/voca/es/a2/030/audio/voca_a2_030.cues.json [Content-Type=application/json]...
/ [0 files][    0.0 B/  338.0 B]                                                / [1 files][  338.0 B/  338.0 B]                                                
Operation completed over 1 objects/338.0 B.                                      
SKIP (exists): content/voca/es/a2/030/audio/audio.wav
SKIP (exists): content/voca/es/a2/030/data/data.json
UPLOAD: content/voca/es/a2/008/.DS_Store
Copying file://content/voca/es/a2/008/.DS_Store [Content-Type=application/octet-stream]...
/ [0 files][    0.0 B/  6.0 KiB]                                                / [1 files][  6.0 KiB/  6.0 KiB]                                                
Operation completed over 1 objects/6.0 KiB.                                      
UPLOAD: content/voca/es/a2/008/audio/voca_a2_008.cues.json
Copying file://content/voca/es/a2/008/audio/voca_a2_008.cues.json [Content-Type=application/json]...
/ [0 files][    0.0 B/  338.0 B]                                                / [1 files][  338.0 B/  338.0 B]                                                
Operation completed over 1 objects/338.0 B.                                      
SKIP (exists): content/voca/es/a2/008/audio/audio.wav
SKIP (exists): content/voca/es/a2/008/data/data.json
UPLOAD: content/voca/es/a2/037/.DS_Store
Copying file://content/voca/es/a2/037/.DS_Store [Content-Type=application/octet-stream]...
/ [0 files][    0.0 B/  6.0 KiB]                                                / [1 files][  6.0 KiB/  6.0 KiB]                                                
Operation completed over 1 objects/6.0 KiB.                                      
UPLOAD: content/voca/es/a2/037/audio/voca_a2_037.cues.json
Copying file://content/voca/es/a2/037/audio/voca_a2_037.cues.json [Content-Type=application/json]...
/ [0 files][    0.0 B/  338.0 B]                                                / [1 files][  338.0 B/  338.0 B]                                                
Operation completed over 1 objects/338.0 B.                                      
SKIP (exists): content/voca/es/a2/037/audio/audio.wav
SKIP (exists): content/voca/es/a2/037/data/data.json
UPLOAD: content/voca/es/a2/001/.DS_Store
Copying file://content/voca/es/a2/001/.DS_Store [Content-Type=application/octet-stream]...
/ [0 files][    0.0 B/  6.0 KiB]                                                / [1 files][  6.0 KiB/  6.0 KiB]                                                
Operation completed over 1 objects/6.0 KiB.                                      
UPLOAD: content/voca/es/a2/001/audio/voca_a2_001.cues.json
Copying file://content/voca/es/a2/001/audio/voca_a2_001.cues.json [Content-Type=application/json]...
/ [0 files][    0.0 B/  338.0 B]                                                / [1 files][  338.0 B/  338.0 B]                                                
Operation completed over 1 objects/338.0 B.                                      
SKIP (exists): content/voca/es/a2/001/audio/audio.wav
SKIP (exists): content/voca/es/a2/001/data/data.json
UPLOAD: content/voca/es/a2/039/.DS_Store
Copying file://content/voca/es/a2/039/.DS_Store [Content-Type=application/octet-stream]...
/ [0 files][    0.0 B/  6.0 KiB]                                                / [1 files][  6.0 KiB/  6.0 KiB]                                                
Operation completed over 1 objects/6.0 KiB.                                      
UPLOAD: content/voca/es/a2/039/audio/voca_a2_039.cues.json
Copying file://content/voca/es/a2/039/audio/voca_a2_039.cues.json [Content-Type=application/json]...
/ [0 files][    0.0 B/  338.0 B]                                                / [1 files][  338.0 B/  338.0 B]                                                
Operation completed over 1 objects/338.0 B.                                      
SKIP (exists): content/voca/es/a2/039/audio/audio.wav
SKIP (exists): content/voca/es/a2/039/data/data.json
UPLOAD: content/voca/es/a2/006/.DS_Store
Copying file://content/voca/es/a2/006/.DS_Store [Content-Type=application/octet-stream]...
/ [0 files][    0.0 B/  6.0 KiB]                                                / [1 files][  6.0 KiB/  6.0 KiB]                                                
Operation completed over 1 objects/6.0 KiB.                                      
UPLOAD: content/voca/es/a2/006/audio/voca_a2_006.cues.json
Copying file://content/voca/es/a2/006/audio/voca_a2_006.cues.json [Content-Type=application/json]...
/ [0 files][    0.0 B/  338.0 B]                                                / [1 files][  338.0 B/  338.0 B]                                                
Operation completed over 1 objects/338.0 B.                                      
SKIP (exists): content/voca/es/a2/006/audio/audio.wav
SKIP (exists): content/voca/es/a2/006/data/data.json
SKIP (exists): content/voca/es/a2/020/.DS_Store
UPLOAD: content/voca/es/a2/020/audio/voca_a2_020.cues.json
Copying file://content/voca/es/a2/020/audio/voca_a2_020.cues.json [Content-Type=application/json]...
/ [0 files][    0.0 B/  338.0 B]                                                / [1 files][  338.0 B/  338.0 B]                                                
Operation completed over 1 objects/338.0 B.                                      
SKIP (exists): content/voca/es/a2/020/audio/audio.wav
SKIP (exists): content/voca/es/a2/020/data/data.json
UPLOAD: content/voca/es/a2/027/.DS_Store
Copying file://content/voca/es/a2/027/.DS_Store [Content-Type=application/octet-stream]...
/ [0 files][    0.0 B/  6.0 KiB]                                                / [1 files][  6.0 KiB/  6.0 KiB]                                                
Operation completed over 1 objects/6.0 KiB.                                      
UPLOAD: content/voca/es/a2/027/audio/voca_a2_027.cues.json
Copying file://content/voca/es/a2/027/audio/voca_a2_027.cues.json [Content-Type=application/json]...
/ [0 files][    0.0 B/  338.0 B]                                                / [1 files][  338.0 B/  338.0 B]                                                
Operation completed over 1 objects/338.0 B.                                      
SKIP (exists): content/voca/es/a2/027/audio/audio.wav
SKIP (exists): content/voca/es/a2/027/data/data.json
UPLOAD: content/voca/es/a2/018/.DS_Store
Copying file://content/voca/es/a2/018/.DS_Store [Content-Type=application/octet-stream]...
/ [0 files][    0.0 B/  6.0 KiB]                                                / [1 files][  6.0 KiB/  6.0 KiB]                                                
Operation completed over 1 objects/6.0 KiB.                                      
SKIP (exists): content/voca/es/a2/018/audio/voca_a2_018.cues.json
SKIP (exists): content/voca/es/a2/018/audio/audio.wav
SKIP (exists): content/voca/es/a2/018/data/data.json
UPLOAD: content/voca/es/a2/011/.DS_Store
Copying file://content/voca/es/a2/011/.DS_Store [Content-Type=application/octet-stream]...
/ [0 files][    0.0 B/  6.0 KiB]                                                / [1 files][  6.0 KiB/  6.0 KiB]                                                
Operation completed over 1 objects/6.0 KiB.                                      
UPLOAD: content/voca/es/a2/011/audio/voca_a2_011.cues.json
Copying file://content/voca/es/a2/011/audio/voca_a2_011.cues.json [Content-Type=application/json]...
/ [0 files][    0.0 B/  338.0 B]                                                / [1 files][  338.0 B/  338.0 B]                                                
Operation completed over 1 objects/338.0 B.                                      
SKIP (exists): content/voca/es/a2/011/audio/audio.wav
SKIP (exists): content/voca/es/a2/011/data/data.json
UPLOAD: content/voca/es/a2/016/.DS_Store
Copying file://content/voca/es/a2/016/.DS_Store [Content-Type=application/octet-stream]...
/ [0 files][    0.0 B/  6.0 KiB]                                                / [1 files][  6.0 KiB/  6.0 KiB]                                                
Operation completed over 1 objects/6.0 KiB.                                      
UPLOAD: content/voca/es/a2/016/audio/voca_a2_016.cues.json
Copying file://content/voca/es/a2/016/audio/voca_a2_016.cues.json [Content-Type=application/json]...
/ [0 files][    0.0 B/  338.0 B]                                                / [1 files][  338.0 B/  338.0 B]                                                
Operation completed over 1 objects/338.0 B.                                      
SKIP (exists): content/voca/es/a2/016/audio/audio.wav
SKIP (exists): content/voca/es/a2/016/data/data.json
UPLOAD: content/voca/es/a2/029/.DS_Store
Copying file://content/voca/es/a2/029/.DS_Store [Content-Type=application/octet-stream]...
/ [0 files][    0.0 B/  6.0 KiB]                                                / [1 files][  6.0 KiB/  6.0 KiB]                                                
Operation completed over 1 objects/6.0 KiB.                                      
UPLOAD: content/voca/es/a2/029/audio/voca_a2_029.cues.json
Copying file://content/voca/es/a2/029/audio/voca_a2_029.cues.json [Content-Type=application/json]...
/ [0 files][    0.0 B/  338.0 B]                                                / [1 files][  338.0 B/  338.0 B]                                                
Operation completed over 1 objects/338.0 B.                                      
SKIP (exists): content/voca/es/a2/029/audio/audio.wav
SKIP (exists): content/voca/es/a2/029/data/data.json
SKIP (exists): content/voca/es/a2/017/.DS_Store
UPLOAD: content/voca/es/a2/017/audio/voca_a2_017.cues.json
Copying file://content/voca/es/a2/017/audio/voca_a2_017.cues.json [Content-Type=application/json]...
/ [0 files][    0.0 B/  338.0 B]                                                / [1 files][  338.0 B/  338.0 B]                                                
Operation completed over 1 objects/338.0 B.                                      
SKIP (exists): content/voca/es/a2/017/audio/audio.wav
SKIP (exists): content/voca/es/a2/017/data/data.json
UPLOAD: content/voca/es/a2/028/.DS_Store
Copying file://content/voca/es/a2/028/.DS_Store [Content-Type=application/octet-stream]...
/ [0 files][    0.0 B/  6.0 KiB]                                                / [1 files][  6.0 KiB/  6.0 KiB]                                                
Operation completed over 1 objects/6.0 KiB.                                      
UPLOAD: content/voca/es/a2/028/audio/voca_a2_028.cues.json
Copying file://content/voca/es/a2/028/audio/voca_a2_028.cues.json [Content-Type=application/json]...
/ [0 files][    0.0 B/  338.0 B]                                                / [1 files][  338.0 B/  338.0 B]                                                
Operation completed over 1 objects/338.0 B.                                      
SKIP (exists): content/voca/es/a2/028/audio/audio.wav
SKIP (exists): content/voca/es/a2/028/data/data.json
UPLOAD: content/voca/es/a2/010/.DS_Store
Copying file://content/voca/es/a2/010/.DS_Store [Content-Type=application/octet-stream]...
/ [0 files][    0.0 B/  6.0 KiB]                                                / [1 files][  6.0 KiB/  6.0 KiB]                                                
Operation completed over 1 objects/6.0 KiB.                                      
UPLOAD: content/voca/es/a2/010/audio/voca_a2_010.cues.json
Copying file://content/voca/es/a2/010/audio/voca_a2_010.cues.json [Content-Type=application/json]...
/ [0 files][    0.0 B/  338.0 B]                                                / [1 files][  338.0 B/  338.0 B]                                                
Operation completed over 1 objects/338.0 B.                                      
SKIP (exists): content/voca/es/a2/010/audio/audio.wav
SKIP (exists): content/voca/es/a2/010/data/data.json
UPLOAD: content/voca/es/a2/026/.DS_Store
Copying file://content/voca/es/a2/026/.DS_Store [Content-Type=application/octet-stream]...
/ [0 files][    0.0 B/  6.0 KiB]                                                / [1 files][  6.0 KiB/  6.0 KiB]                                                
Operation completed over 1 objects/6.0 KiB.                                      
SKIP (exists): content/voca/es/a2/026/audio/voca_a2_026.cues.json
SKIP (exists): content/voca/es/a2/026/audio/audio.wav
SKIP (exists): content/voca/es/a2/026/data/data.json
UPLOAD: content/voca/es/a2/019/.DS_Store
Copying file://content/voca/es/a2/019/.DS_Store [Content-Type=application/octet-stream]...
/ [0 files][    0.0 B/  6.0 KiB]                                                / [1 files][  6.0 KiB/  6.0 KiB]                                                
Operation completed over 1 objects/6.0 KiB.                                      
SKIP (exists): content/voca/es/a2/019/audio/audio.wav
UPLOAD: content/voca/es/a2/019/audio/voca_a2_019.cues.json
Copying file://content/voca/es/a2/019/audio/voca_a2_019.cues.json [Content-Type=application/json]...
/ [0 files][    0.0 B/  338.0 B]                                                / [1 files][  338.0 B/  338.0 B]                                                
Operation completed over 1 objects/338.0 B.                                      
SKIP (exists): content/voca/es/a2/019/data/data.json
UPLOAD: content/voca/es/a2/021/.DS_Store
Copying file://content/voca/es/a2/021/.DS_Store [Content-Type=application/octet-stream]...
/ [0 files][    0.0 B/  6.0 KiB]                                                / [1 files][  6.0 KiB/  6.0 KiB]                                                
Operation completed over 1 objects/6.0 KiB.                                      
SKIP (exists): content/voca/es/a2/021/audio/audio.wav
UPLOAD: content/voca/es/a2/021/audio/voca_a2_021.cues.json
Copying file://content/voca/es/a2/021/audio/voca_a2_021.cues.json [Content-Type=application/json]...
/ [0 files][    0.0 B/  338.0 B]                                                / [1 files][  338.0 B/  338.0 B]                                                
Operation completed over 1 objects/338.0 B.                                      
SKIP (exists): content/voca/es/a2/021/data/data.json
UPLOAD: content/voca/es/a2/003/.DS_Store
Copying file://content/voca/es/a2/003/.DS_Store [Content-Type=application/octet-stream]...
/ [0 files][    0.0 B/  6.0 KiB]                                                / [1 files][  6.0 KiB/  6.0 KiB]                                                
Operation completed over 1 objects/6.0 KiB.                                      
UPLOAD: content/voca/es/a2/003/audio/voca_a2_003.cues.json
Copying file://content/voca/es/a2/003/audio/voca_a2_003.cues.json [Content-Type=application/json]...
/ [0 files][    0.0 B/  338.0 B]                                                / [1 files][  338.0 B/  338.0 B]                                                
Operation completed over 1 objects/338.0 B.                                      
SKIP (exists): content/voca/es/a2/003/audio/audio.wav
SKIP (exists): content/voca/es/a2/003/data/data.json
UPLOAD: content/voca/es/a2/004/.DS_Store
Copying file://content/voca/es/a2/004/.DS_Store [Content-Type=application/octet-stream]...
/ [0 files][    0.0 B/  6.0 KiB]                                                / [1 files][  6.0 KiB/  6.0 KiB]                                                
Operation completed over 1 objects/6.0 KiB.                                      
UPLOAD: content/voca/es/a2/004/audio/voca_a2_004.cues.json
Copying file://content/voca/es/a2/004/audio/voca_a2_004.cues.json [Content-Type=application/json]...
/ [0 files][    0.0 B/  338.0 B]                                                / [1 files][  338.0 B/  338.0 B]                                                
Operation completed over 1 objects/338.0 B.                                      
SKIP (exists): content/voca/es/a2/004/audio/audio.wav
SKIP (exists): content/voca/es/a2/004/data/data.json
SKIP (exists): content/voca/es/a2/032/.DS_Store
UPLOAD: content/voca/es/a2/032/audio/voca_a2_032.cues.json
Copying file://content/voca/es/a2/032/audio/voca_a2_032.cues.json [Content-Type=application/json]...
/ [0 files][    0.0 B/  338.0 B]                                                / [1 files][  338.0 B/  338.0 B]                                                
Operation completed over 1 objects/338.0 B.                                      
SKIP (exists): content/voca/es/a2/032/audio/audio.wav
SKIP (exists): content/voca/es/a2/032/data/data.json
UPLOAD: content/voca/es/a2/035/.DS_Store
Copying file://content/voca/es/a2/035/.DS_Store [Content-Type=application/octet-stream]...
/ [0 files][    0.0 B/  6.0 KiB]                                                / [1 files][  6.0 KiB/  6.0 KiB]                                                
Operation completed over 1 objects/6.0 KiB.                                      
SKIP (exists): content/voca/es/a2/035/audio/audio.wav
UPLOAD: content/voca/es/a2/035/audio/voca_a2_035.cues.json
Copying file://content/voca/es/a2/035/audio/voca_a2_035.cues.json [Content-Type=application/json]...
/ [0 files][    0.0 B/  338.0 B]                                                / [1 files][  338.0 B/  338.0 B]                                                
Operation completed over 1 objects/338.0 B.                                      
SKIP (exists): content/voca/es/a2/035/data/data.json
UPLOAD: content/voca/es/a2/034/.DS_Store
Copying file://content/voca/es/a2/034/.DS_Store [Content-Type=application/octet-stream]...
/ [0 files][    0.0 B/  6.0 KiB]                                                / [1 files][  6.0 KiB/  6.0 KiB]                                                
Operation completed over 1 objects/6.0 KiB.                                      
SKIP (exists): content/voca/es/a2/034/audio/voca_a2_034.cues.json
SKIP (exists): content/voca/es/a2/034/audio/audio.wav
SKIP (exists): content/voca/es/a2/034/data/data.json
UPLOAD: content/voca/es/a2/033/.DS_Store
Copying file://content/voca/es/a2/033/.DS_Store [Content-Type=application/octet-stream]...
/ [0 files][    0.0 B/  6.0 KiB]                                                / [1 files][  6.0 KiB/  6.0 KiB]                                                
Operation completed over 1 objects/6.0 KiB.                                      
UPLOAD: content/voca/es/a2/033/audio/voca_a2_033.cues.json
Copying file://content/voca/es/a2/033/audio/voca_a2_033.cues.json [Content-Type=application/json]...
/ [0 files][    0.0 B/  338.0 B]                                                / [1 files][  338.0 B/  338.0 B]                                                
Operation completed over 1 objects/338.0 B.                                      
SKIP (exists): content/voca/es/a2/033/audio/audio.wav
SKIP (exists): content/voca/es/a2/033/data/data.json
UPLOAD: content/voca/es/a2/005/.DS_Store
Copying file://content/voca/es/a2/005/.DS_Store [Content-Type=application/octet-stream]...
/ [0 files][    0.0 B/  6.0 KiB]                                                / [1 files][  6.0 KiB/  6.0 KiB]                                                
Operation completed over 1 objects/6.0 KiB.                                      
UPLOAD: content/voca/es/a2/005/audio/voca_a2_005.cues.json
Copying file://content/voca/es/a2/005/audio/voca_a2_005.cues.json [Content-Type=application/json]...
/ [0 files][    0.0 B/  338.0 B]                                                / [1 files][  338.0 B/  338.0 B]                                                
Operation completed over 1 objects/338.0 B.                                      
SKIP (exists): content/voca/es/a2/005/audio/audio.wav
SKIP (exists): content/voca/es/a2/005/data/data.json
UPLOAD: content/voca/es/a2/002/.DS_Store
Copying file://content/voca/es/a2/002/.DS_Store [Content-Type=application/octet-stream]...
/ [0 files][    0.0 B/  6.0 KiB]                                                / [1 files][  6.0 KiB/  6.0 KiB]                                                
Operation completed over 1 objects/6.0 KiB.                                      
UPLOAD: content/voca/es/a2/002/audio/voca_a2_002.cues.json
Copying file://content/voca/es/a2/002/audio/voca_a2_002.cues.json [Content-Type=application/json]...
/ [0 files][    0.0 B/  338.0 B]                                                / [1 files][  338.0 B/  338.0 B]                                                
Operation completed over 1 objects/338.0 B.                                      
SKIP (exists): content/voca/es/a2/002/audio/audio.wav
SKIP (exists): content/voca/es/a2/002/data/data.json
SKIP (exists): content/voca/es/c1/015/.DS_Store
SKIP (exists): content/voca/es/c1/015/audio/audio.wav
UPLOAD: content/voca/es/c1/015/audio/voca_c1_015.cues.json
Copying file://content/voca/es/c1/015/audio/voca_c1_015.cues.json [Content-Type=application/json]...
/ [0 files][    0.0 B/  338.0 B]                                                / [1 files][  338.0 B/  338.0 B]                                                
Operation completed over 1 objects/338.0 B.                                      
SKIP (exists): content/voca/es/c1/015/data/data.json
UPLOAD: content/voca/es/c1/.DS_Store
Copying file://content/voca/es/c1/.DS_Store [Content-Type=application/octet-stream]...
/ [0 files][    0.0 B/ 10.0 KiB]                                                / [1 files][ 10.0 KiB/ 10.0 KiB]                                                
Operation completed over 1 objects/10.0 KiB.                                     
UPLOAD: content/voca/es/c1/012/.DS_Store
Copying file://content/voca/es/c1/012/.DS_Store [Content-Type=application/octet-stream]...
/ [0 files][    0.0 B/  6.0 KiB]                                                / [1 files][  6.0 KiB/  6.0 KiB]                                                
Operation completed over 1 objects/6.0 KiB.                                      
UPLOAD: content/voca/es/c1/012/audio/voca_c1_012.cues.json
Copying file://content/voca/es/c1/012/audio/voca_c1_012.cues.json [Content-Type=application/json]...
/ [0 files][    0.0 B/  338.0 B]                                                / [1 files][  338.0 B/  338.0 B]                                                
Operation completed over 1 objects/338.0 B.                                      
SKIP (exists): content/voca/es/c1/012/audio/audio.wav
SKIP (exists): content/voca/es/c1/012/data/data.json
UPLOAD: content/voca/es/c1/013/.DS_Store
Copying file://content/voca/es/c1/013/.DS_Store [Content-Type=application/octet-stream]...
/ [0 files][    0.0 B/  6.0 KiB]                                                / [1 files][  6.0 KiB/  6.0 KiB]                                                
Operation completed over 1 objects/6.0 KiB.                                      
UPLOAD: content/voca/es/c1/013/audio/voca_c1_013.cues.json
Copying file://content/voca/es/c1/013/audio/voca_c1_013.cues.json [Content-Type=application/json]...
/ [0 files][    0.0 B/  338.0 B]                                                / [1 files][  338.0 B/  338.0 B]                                                
Operation completed over 1 objects/338.0 B.                                      
SKIP (exists): content/voca/es/c1/013/audio/audio.wav
SKIP (exists): content/voca/es/c1/013/data/data.json
SKIP (exists): content/voca/es/c1/014/.DS_Store
UPLOAD: content/voca/es/c1/014/audio/voca_c1_014.cues.json
Copying file://content/voca/es/c1/014/audio/voca_c1_014.cues.json [Content-Type=application/json]...
/ [0 files][    0.0 B/  338.0 B]                                                / [1 files][  338.0 B/  338.0 B]                                                
Operation completed over 1 objects/338.0 B.                                      
SKIP (exists): content/voca/es/c1/014/audio/audio.wav
SKIP (exists): content/voca/es/c1/014/data/data.json
UPLOAD: content/voca/es/c1/007/.DS_Store
Copying file://content/voca/es/c1/007/.DS_Store [Content-Type=application/octet-stream]...
/ [0 files][    0.0 B/  6.0 KiB]                                                / [1 files][  6.0 KiB/  6.0 KiB]                                                
Operation completed over 1 objects/6.0 KiB.                                      
UPLOAD: content/voca/es/c1/007/audio/voca_c1_007.cues.json
Copying file://content/voca/es/c1/007/audio/voca_c1_007.cues.json [Content-Type=application/json]...
/ [0 files][    0.0 B/  338.0 B]                                                / [1 files][  338.0 B/  338.0 B]                                                
Operation completed over 1 objects/338.0 B.                                      
SKIP (exists): content/voca/es/c1/007/audio/audio.wav
SKIP (exists): content/voca/es/c1/007/data/data.json
UPLOAD: content/voca/es/c1/009/.DS_Store
Copying file://content/voca/es/c1/009/.DS_Store [Content-Type=application/octet-stream]...
/ [0 files][    0.0 B/  6.0 KiB]                                                / [1 files][  6.0 KiB/  6.0 KiB]                                                
Operation completed over 1 objects/6.0 KiB.                                      
SKIP (exists): content/voca/es/c1/009/audio/voca_c1_009.cues.json
SKIP (exists): content/voca/es/c1/009/audio/audio.wav
SKIP (exists): content/voca/es/c1/009/data/data.json
UPLOAD: content/voca/es/c1/008/.DS_Store
Copying file://content/voca/es/c1/008/.DS_Store [Content-Type=application/octet-stream]...
/ [0 files][    0.0 B/  6.0 KiB]                                                / [1 files][  6.0 KiB/  6.0 KiB]                                                
Operation completed over 1 objects/6.0 KiB.                                      
UPLOAD: content/voca/es/c1/008/audio/voca_c1_008.cues.json
Copying file://content/voca/es/c1/008/audio/voca_c1_008.cues.json [Content-Type=application/json]...
/ [0 files][    0.0 B/  338.0 B]                                                / [1 files][  338.0 B/  338.0 B]                                                
Operation completed over 1 objects/338.0 B.                                      
SKIP (exists): content/voca/es/c1/008/audio/audio.wav
SKIP (exists): content/voca/es/c1/008/data/data.json
UPLOAD: content/voca/es/c1/001/.DS_Store
Copying file://content/voca/es/c1/001/.DS_Store [Content-Type=application/octet-stream]...
/ [0 files][    0.0 B/  6.0 KiB]                                                / [1 files][  6.0 KiB/  6.0 KiB]                                                
Operation completed over 1 objects/6.0 KiB.                                      
SKIP (exists): content/voca/es/c1/001/audio/audio.wav
UPLOAD: content/voca/es/c1/001/audio/voca_c1_001.cues.json
Copying file://content/voca/es/c1/001/audio/voca_c1_001.cues.json [Content-Type=application/json]...
/ [0 files][    0.0 B/  338.0 B]                                                / [1 files][  338.0 B/  338.0 B]                                                
Operation completed over 1 objects/338.0 B.                                      
SKIP (exists): content/voca/es/c1/001/data/data.json
UPLOAD: content/voca/es/c1/006/.DS_Store
Copying file://content/voca/es/c1/006/.DS_Store [Content-Type=application/octet-stream]...
/ [0 files][    0.0 B/  6.0 KiB]                                                / [1 files][  6.0 KiB/  6.0 KiB]                                                
Operation completed over 1 objects/6.0 KiB.                                      
UPLOAD: content/voca/es/c1/006/audio/voca_c1_006.cues.json
Copying file://content/voca/es/c1/006/audio/voca_c1_006.cues.json [Content-Type=application/json]...
/ [0 files][    0.0 B/  338.0 B]                                                / [1 files][  338.0 B/  338.0 B]                                                
Operation completed over 1 objects/338.0 B.                                      
SKIP (exists): content/voca/es/c1/006/audio/audio.wav
SKIP (exists): content/voca/es/c1/006/data/data.json
UPLOAD: content/voca/es/c1/020/.DS_Store
Copying file://content/voca/es/c1/020/.DS_Store [Content-Type=application/octet-stream]...
/ [0 files][    0.0 B/  6.0 KiB]                                                / [1 files][  6.0 KiB/  6.0 KiB]                                                
Operation completed over 1 objects/6.0 KiB.                                      
SKIP (exists): content/voca/es/c1/020/audio/audio.wav
UPLOAD: content/voca/es/c1/020/audio/voca_c1_020.cues.json
Copying file://content/voca/es/c1/020/audio/voca_c1_020.cues.json [Content-Type=application/json]...
/ [0 files][    0.0 B/  338.0 B]                                                / [1 files][  338.0 B/  338.0 B]                                                
Operation completed over 1 objects/338.0 B.                                      
SKIP (exists): content/voca/es/c1/020/data/data.json
SKIP (exists): content/voca/es/c1/018/.DS_Store
SKIP (exists): content/voca/es/c1/018/audio/audio.wav
UPLOAD: content/voca/es/c1/018/audio/voca_c1_018.cues.json
Copying file://content/voca/es/c1/018/audio/voca_c1_018.cues.json [Content-Type=application/json]...
/ [0 files][    0.0 B/  338.0 B]                                                / [1 files][  338.0 B/  338.0 B]                                                
Operation completed over 1 objects/338.0 B.                                      
SKIP (exists): content/voca/es/c1/018/data/data.json
UPLOAD: content/voca/es/c1/011/.DS_Store
Copying file://content/voca/es/c1/011/.DS_Store [Content-Type=application/octet-stream]...
/ [0 files][    0.0 B/  6.0 KiB]                                                / [1 files][  6.0 KiB/  6.0 KiB]                                                
Operation completed over 1 objects/6.0 KiB.                                      
UPLOAD: content/voca/es/c1/011/audio/voca_c1_011.cues.json
Copying file://content/voca/es/c1/011/audio/voca_c1_011.cues.json [Content-Type=application/json]...
/ [0 files][    0.0 B/  338.0 B]                                                / [1 files][  338.0 B/  338.0 B]                                                -
Operation completed over 1 objects/338.0 B.                                      
SKIP (exists): content/voca/es/c1/011/audio/audio.wav
SKIP (exists): content/voca/es/c1/011/data/data.json
SKIP (exists): content/voca/es/c1/016/.DS_Store
UPLOAD: content/voca/es/c1/016/audio/voca_c1_016.cues.json
Copying file://content/voca/es/c1/016/audio/voca_c1_016.cues.json [Content-Type=application/json]...
/ [0 files][    0.0 B/  338.0 B]                                                / [1 files][  338.0 B/  338.0 B]                                                
Operation completed over 1 objects/338.0 B.                                      
SKIP (exists): content/voca/es/c1/016/audio/audio.wav
SKIP (exists): content/voca/es/c1/016/data/data.json
UPLOAD: content/voca/es/c1/017/.DS_Store
Copying file://content/voca/es/c1/017/.DS_Store [Content-Type=application/octet-stream]...
/ [0 files][    0.0 B/  6.0 KiB]                                                / [1 files][  6.0 KiB/  6.0 KiB]                                                -
Operation completed over 1 objects/6.0 KiB.                                      
SKIP (exists): content/voca/es/c1/017/audio/voca_c1_017.cues.json
SKIP (exists): content/voca/es/c1/017/audio/audio.wav
SKIP (exists): content/voca/es/c1/017/data/data.json
UPLOAD: content/voca/es/c1/010/.DS_Store
Copying file://content/voca/es/c1/010/.DS_Store [Content-Type=application/octet-stream]...
/ [0 files][    0.0 B/  6.0 KiB]                                                / [1 files][  6.0 KiB/  6.0 KiB]                                                
Operation completed over 1 objects/6.0 KiB.                                      
UPLOAD: content/voca/es/c1/010/audio/voca_c1_010.cues.json
Copying file://content/voca/es/c1/010/audio/voca_c1_010.cues.json [Content-Type=application/json]...
/ [0 files][    0.0 B/  338.0 B]                                                / [1 files][  338.0 B/  338.0 B]                                                -
Operation completed over 1 objects/338.0 B.                                      
SKIP (exists): content/voca/es/c1/010/audio/audio.wav
SKIP (exists): content/voca/es/c1/010/data/data.json
UPLOAD: content/voca/es/c1/019/.DS_Store
Copying file://content/voca/es/c1/019/.DS_Store [Content-Type=application/octet-stream]...
/ [0 files][    0.0 B/  6.0 KiB]                                                / [1 files][  6.0 KiB/  6.0 KiB]                                                
Operation completed over 1 objects/6.0 KiB.                                      
UPLOAD: content/voca/es/c1/019/audio/voca_c1_019.cues.json
Copying file://content/voca/es/c1/019/audio/voca_c1_019.cues.json [Content-Type=application/json]...
/ [0 files][    0.0 B/  338.0 B]                                                / [1 files][  338.0 B/  338.0 B]                                                
Operation completed over 1 objects/338.0 B.                                      
SKIP (exists): content/voca/es/c1/019/audio/audio.wav
SKIP (exists): content/voca/es/c1/019/data/data.json
UPLOAD: content/voca/es/c1/003/.DS_Store
Copying file://content/voca/es/c1/003/.DS_Store [Content-Type=application/octet-stream]...
/ [0 files][    0.0 B/  6.0 KiB]                                                / [1 files][  6.0 KiB/  6.0 KiB]                                                
Operation completed over 1 objects/6.0 KiB.                                      
SKIP (exists): content/voca/es/c1/003/audio/voca_c1_003.cues.json
SKIP (exists): content/voca/es/c1/003/audio/audio.wav
SKIP (exists): content/voca/es/c1/003/data/data.json
UPLOAD: content/voca/es/c1/004/.DS_Store
Copying file://content/voca/es/c1/004/.DS_Store [Content-Type=application/octet-stream]...
/ [0 files][    0.0 B/  6.0 KiB]                                                / [1 files][  6.0 KiB/  6.0 KiB]                                                -
Operation completed over 1 objects/6.0 KiB.                                      
UPLOAD: content/voca/es/c1/004/audio/voca_c1_004.cues.json
Copying file://content/voca/es/c1/004/audio/voca_c1_004.cues.json [Content-Type=application/json]...
/ [0 files][    0.0 B/  338.0 B]                                                / [1 files][  338.0 B/  338.0 B]                                                
Operation completed over 1 objects/338.0 B.                                      
SKIP (exists): content/voca/es/c1/004/audio/audio.wav
SKIP (exists): content/voca/es/c1/004/data/data.json
UPLOAD: content/voca/es/c1/005/.DS_Store
Copying file://content/voca/es/c1/005/.DS_Store [Content-Type=application/octet-stream]...
/ [0 files][    0.0 B/  6.0 KiB]                                                / [1 files][  6.0 KiB/  6.0 KiB]                                                
Operation completed over 1 objects/6.0 KiB.                                      
UPLOAD: content/voca/es/c1/005/audio/voca_c1_005.cues.json
Copying file://content/voca/es/c1/005/audio/voca_c1_005.cues.json [Content-Type=application/json]...
/ [0 files][    0.0 B/  338.0 B]                                                / [1 files][  338.0 B/  338.0 B]                                                
Operation completed over 1 objects/338.0 B.                                      
SKIP (exists): content/voca/es/c1/005/audio/audio.wav
SKIP (exists): content/voca/es/c1/005/data/data.json
UPLOAD: content/voca/es/c1/002/.DS_Store
Copying file://content/voca/es/c1/002/.DS_Store [Content-Type=application/octet-stream]...
/ [0 files][    0.0 B/  6.0 KiB]                                                / [1 files][  6.0 KiB/  6.0 KiB]                                                
Operation completed over 1 objects/6.0 KiB.                                      
UPLOAD: content/voca/es/c1/002/audio/voca_c1_002.cues.json
Copying file://content/voca/es/c1/002/audio/voca_c1_002.cues.json [Content-Type=application/json]...
/ [0 files][    0.0 B/  338.0 B]                                                / [1 files][  338.0 B/  338.0 B]                                                
Operation completed over 1 objects/338.0 B.                                      
SKIP (exists): content/voca/es/c1/002/audio/audio.wav
SKIP (exists): content/voca/es/c1/002/data/data.json
UPLOAD: content/voca/es/b1/024/.DS_Store
Copying file://content/voca/es/b1/024/.DS_Store [Content-Type=application/octet-stream]...
/ [0 files][    0.0 B/  6.0 KiB]                                                / [1 files][  6.0 KiB/  6.0 KiB]                                                -
Operation completed over 1 objects/6.0 KiB.                                      
UPLOAD: content/voca/es/b1/024/audio/voca_b1_024.cues.json
Copying file://content/voca/es/b1/024/audio/voca_b1_024.cues.json [Content-Type=application/json]...
/ [0 files][    0.0 B/  338.0 B]                                                / [1 files][  338.0 B/  338.0 B]                                                
Operation completed over 1 objects/338.0 B.                                      
SKIP (exists): content/voca/es/b1/024/audio/audio.wav
SKIP (exists): content/voca/es/b1/024/data/data.json
UPLOAD: content/voca/es/b1/023/.DS_Store
Copying file://content/voca/es/b1/023/.DS_Store [Content-Type=application/octet-stream]...
/ [0 files][    0.0 B/  6.0 KiB]                                                / [1 files][  6.0 KiB/  6.0 KiB]                                                
Operation completed over 1 objects/6.0 KiB.                                      
UPLOAD: content/voca/es/b1/023/audio/voca_b1_023.cues.json
Copying file://content/voca/es/b1/023/audio/voca_b1_023.cues.json [Content-Type=application/json]...
/ [0 files][    0.0 B/  338.0 B]                                                / [1 files][  338.0 B/  338.0 B]                                                
Operation completed over 1 objects/338.0 B.                                      
SKIP (exists): content/voca/es/b1/023/audio/audio.wav
SKIP (exists): content/voca/es/b1/023/data/data.json
UPLOAD: content/voca/es/b1/015/.DS_Store
Copying file://content/voca/es/b1/015/.DS_Store [Content-Type=application/octet-stream]...
/ [0 files][    0.0 B/  6.0 KiB]                                                / [1 files][  6.0 KiB/  6.0 KiB]                                                
Operation completed over 1 objects/6.0 KiB.                                      
UPLOAD: content/voca/es/b1/015/audio/voca_b1_015.cues.json
Copying file://content/voca/es/b1/015/audio/voca_b1_015.cues.json [Content-Type=application/json]...
/ [0 files][    0.0 B/  338.0 B]                                                / [1 files][  338.0 B/  338.0 B]                                                
Operation completed over 1 objects/338.0 B.                                      
SKIP (exists): content/voca/es/b1/015/audio/audio.wav
SKIP (exists): content/voca/es/b1/015/data/data.json
UPLOAD: content/voca/es/b1/.DS_Store
Copying file://content/voca/es/b1/.DS_Store [Content-Type=application/octet-stream]...
/ [0 files][    0.0 B/ 12.0 KiB]                                                / [1 files][ 12.0 KiB/ 12.0 KiB]                                                
Operation completed over 1 objects/12.0 KiB.                                     
UPLOAD: content/voca/es/b1/012/.DS_Store
Copying file://content/voca/es/b1/012/.DS_Store [Content-Type=application/octet-stream]...
/ [0 files][    0.0 B/  6.0 KiB]                                                / [1 files][  6.0 KiB/  6.0 KiB]                                                
Operation completed over 1 objects/6.0 KiB.                                      
UPLOAD: content/voca/es/b1/012/audio/voca_b1_012.cues.json
Copying file://content/voca/es/b1/012/audio/voca_b1_012.cues.json [Content-Type=application/json]...
/ [0 files][    0.0 B/  338.0 B]                                                / [1 files][  338.0 B/  338.0 B]                                                
Operation completed over 1 objects/338.0 B.                                      
SKIP (exists): content/voca/es/b1/012/audio/audio.wav
SKIP (exists): content/voca/es/b1/012/data/data.json
UPLOAD: content/voca/es/b1/046/.DS_Store
Copying file://content/voca/es/b1/046/.DS_Store [Content-Type=application/octet-stream]...
/ [0 files][    0.0 B/  6.0 KiB]                                                / [1 files][  6.0 KiB/  6.0 KiB]                                                
Operation completed over 1 objects/6.0 KiB.                                      
UPLOAD: content/voca/es/b1/046/audio/voca_b1_046.cues.json
Copying file://content/voca/es/b1/046/audio/voca_b1_046.cues.json [Content-Type=application/json]...
/ [0 files][    0.0 B/  338.0 B]                                                / [1 files][  338.0 B/  338.0 B]                                                
Operation completed over 1 objects/338.0 B.                                      
SKIP (exists): content/voca/es/b1/046/audio/audio.wav
SKIP (exists): content/voca/es/b1/046/data/data.json
UPLOAD: content/voca/es/b1/041/.DS_Store
Copying file://content/voca/es/b1/041/.DS_Store [Content-Type=application/octet-stream]...
/ [0 files][    0.0 B/  6.0 KiB]                                                / [1 files][  6.0 KiB/  6.0 KiB]                                                
Operation completed over 1 objects/6.0 KiB.                                      
UPLOAD: content/voca/es/b1/041/audio/voca_b1_041.cues.json
Copying file://content/voca/es/b1/041/audio/voca_b1_041.cues.json [Content-Type=application/json]...
/ [0 files][    0.0 B/  338.0 B]                                                / [1 files][  338.0 B/  338.0 B]                                                
Operation completed over 1 objects/338.0 B.                                      
SKIP (exists): content/voca/es/b1/041/audio/audio.wav
SKIP (exists): content/voca/es/b1/041/data/data.json
UPLOAD: content/voca/es/b1/048/.DS_Store
Copying file://content/voca/es/b1/048/.DS_Store [Content-Type=application/octet-stream]...
/ [0 files][    0.0 B/  6.0 KiB]                                                / [1 files][  6.0 KiB/  6.0 KiB]                                                
Operation completed over 1 objects/6.0 KiB.                                      
UPLOAD: content/voca/es/b1/048/audio/voca_b1_048.cues.json
Copying file://content/voca/es/b1/048/audio/voca_b1_048.cues.json [Content-Type=application/json]...
/ [0 files][    0.0 B/  338.0 B]                                                / [1 files][  338.0 B/  338.0 B]                                                
Operation completed over 1 objects/338.0 B.                                      
SKIP (exists): content/voca/es/b1/048/audio/audio.wav
SKIP (exists): content/voca/es/b1/048/data/data.json
UPLOAD: content/voca/es/b1/013/.DS_Store
Copying file://content/voca/es/b1/013/.DS_Store [Content-Type=application/octet-stream]...
/ [0 files][    0.0 B/  6.0 KiB]                                                / [1 files][  6.0 KiB/  6.0 KiB]                                                
Operation completed over 1 objects/6.0 KiB.                                      
SKIP (exists): content/voca/es/b1/013/audio/audio.wav
UPLOAD: content/voca/es/b1/013/audio/voca_b1_013.cues.json
Copying file://content/voca/es/b1/013/audio/voca_b1_013.cues.json [Content-Type=application/json]...
/ [0 files][    0.0 B/  338.0 B]                                                / [1 files][  338.0 B/  338.0 B]                                                
Operation completed over 1 objects/338.0 B.                                      
SKIP (exists): content/voca/es/b1/013/data/data.json
UPLOAD: content/voca/es/b1/014/.DS_Store
Copying file://content/voca/es/b1/014/.DS_Store [Content-Type=application/octet-stream]...
/ [0 files][    0.0 B/  6.0 KiB]                                                / [1 files][  6.0 KiB/  6.0 KiB]                                                
Operation completed over 1 objects/6.0 KiB.                                      
UPLOAD: content/voca/es/b1/014/audio/voca_b1_014.cues.json
Copying file://content/voca/es/b1/014/audio/voca_b1_014.cues.json [Content-Type=application/json]...
/ [0 files][    0.0 B/  338.0 B]                                                / [1 files][  338.0 B/  338.0 B]                                                
Operation completed over 1 objects/338.0 B.                                      
SKIP (exists): content/voca/es/b1/014/audio/audio.wav
SKIP (exists): content/voca/es/b1/014/data/data.json
SKIP (exists): content/voca/es/b1/022/.DS_Store
UPLOAD: content/voca/es/b1/022/audio/voca_b1_022.cues.json
Copying file://content/voca/es/b1/022/audio/voca_b1_022.cues.json [Content-Type=application/json]...
/ [0 files][    0.0 B/  338.0 B]                                                / [1 files][  338.0 B/  338.0 B]                                                
Operation completed over 1 objects/338.0 B.                                      
SKIP (exists): content/voca/es/b1/022/audio/audio.wav
SKIP (exists): content/voca/es/b1/022/data/data.json
UPLOAD: content/voca/es/b1/025/.DS_Store
Copying file://content/voca/es/b1/025/.DS_Store [Content-Type=application/octet-stream]...
/ [0 files][    0.0 B/  6.0 KiB]                                                / [1 files][  6.0 KiB/  6.0 KiB]                                                
Operation completed over 1 objects/6.0 KiB.                                      
UPLOAD: content/voca/es/b1/025/audio/voca_b1_025.cues.json
Copying file://content/voca/es/b1/025/audio/voca_b1_025.cues.json [Content-Type=application/json]...
/ [0 files][    0.0 B/  338.0 B]                                                / [1 files][  338.0 B/  338.0 B]                                                
Operation completed over 1 objects/338.0 B.                                      
SKIP (exists): content/voca/es/b1/025/audio/audio.wav
SKIP (exists): content/voca/es/b1/025/data/data.json
UPLOAD: content/voca/es/b1/049/.DS_Store
Copying file://content/voca/es/b1/049/.DS_Store [Content-Type=application/octet-stream]...
/ [0 files][    0.0 B/  6.0 KiB]                                                / [1 files][  6.0 KiB/  6.0 KiB]                                                -
Operation completed over 1 objects/6.0 KiB.                                      
UPLOAD: content/voca/es/b1/049/audio/voca_b1_049.cues.json
Copying file://content/voca/es/b1/049/audio/voca_b1_049.cues.json [Content-Type=application/json]...
/ [0 files][    0.0 B/  338.0 B]                                                / [1 files][  338.0 B/  338.0 B]                                                
Operation completed over 1 objects/338.0 B.                                      
SKIP (exists): content/voca/es/b1/049/audio/audio.wav
SKIP (exists): content/voca/es/b1/049/data/data.json
UPLOAD: content/voca/es/b1/040/.DS_Store
Copying file://content/voca/es/b1/040/.DS_Store [Content-Type=application/octet-stream]...
/ [0 files][    0.0 B/  6.0 KiB]                                                / [1 files][  6.0 KiB/  6.0 KiB]                                                
Operation completed over 1 objects/6.0 KiB.                                      
UPLOAD: content/voca/es/b1/040/audio/voca_b1_040.cues.json
Copying file://content/voca/es/b1/040/audio/voca_b1_040.cues.json [Content-Type=application/json]...
/ [0 files][    0.0 B/  338.0 B]                                                / [1 files][  338.0 B/  338.0 B]                                                
Operation completed over 1 objects/338.0 B.                                      
SKIP (exists): content/voca/es/b1/040/audio/audio.wav
SKIP (exists): content/voca/es/b1/040/data/data.json
UPLOAD: content/voca/es/b1/047/.DS_Store
Copying file://content/voca/es/b1/047/.DS_Store [Content-Type=application/octet-stream]...
/ [0 files][    0.0 B/  6.0 KiB]                                                / [1 files][  6.0 KiB/  6.0 KiB]                                                
Operation completed over 1 objects/6.0 KiB.                                      
UPLOAD: content/voca/es/b1/047/audio/voca_b1_047.cues.json
Copying file://content/voca/es/b1/047/audio/voca_b1_047.cues.json [Content-Type=application/json]...
/ [0 files][    0.0 B/  338.0 B]                                                / [1 files][  338.0 B/  338.0 B]                                                
Operation completed over 1 objects/338.0 B.                                      
SKIP (exists): content/voca/es/b1/047/audio/audio.wav
SKIP (exists): content/voca/es/b1/047/data/data.json
UPLOAD: content/voca/es/b1/038/.DS_Store
Copying file://content/voca/es/b1/038/.DS_Store [Content-Type=application/octet-stream]...
/ [0 files][    0.0 B/  6.0 KiB]                                                / [1 files][  6.0 KiB/  6.0 KiB]                                                
Operation completed over 1 objects/6.0 KiB.                                      
UPLOAD: content/voca/es/b1/038/audio/voca_b1_038.cues.json
Copying file://content/voca/es/b1/038/audio/voca_b1_038.cues.json [Content-Type=application/json]...
/ [0 files][    0.0 B/  338.0 B]                                                / [1 files][  338.0 B/  338.0 B]                                                
Operation completed over 1 objects/338.0 B.                                      
SKIP (exists): content/voca/es/b1/038/audio/audio.wav
SKIP (exists): content/voca/es/b1/038/data/data.json
UPLOAD: content/voca/es/b1/007/.DS_Store
Copying file://content/voca/es/b1/007/.DS_Store [Content-Type=application/octet-stream]...
/ [0 files][    0.0 B/  6.0 KiB]                                                / [1 files][  6.0 KiB/  6.0 KiB]                                                
Operation completed over 1 objects/6.0 KiB.                                      
SKIP (exists): content/voca/es/b1/007/audio/audio.wav
UPLOAD: content/voca/es/b1/007/audio/voca_b1_007.cues.json
Copying file://content/voca/es/b1/007/audio/voca_b1_007.cues.json [Content-Type=application/json]...
/ [0 files][    0.0 B/  338.0 B]                                                / [1 files][  338.0 B/  338.0 B]                                                
Operation completed over 1 objects/338.0 B.                                      
SKIP (exists): content/voca/es/b1/007/data/data.json
UPLOAD: content/voca/es/b1/009/.DS_Store
Copying file://content/voca/es/b1/009/.DS_Store [Content-Type=application/octet-stream]...
/ [0 files][    0.0 B/  6.0 KiB]                                                / [1 files][  6.0 KiB/  6.0 KiB]                                                
Operation completed over 1 objects/6.0 KiB.                                      
SKIP (exists): content/voca/es/b1/009/audio/voca_b1_009.cues.json
SKIP (exists): content/voca/es/b1/009/audio/audio.wav
SKIP (exists): content/voca/es/b1/009/data/data.json
UPLOAD: content/voca/es/b1/036/.DS_Store
Copying file://content/voca/es/b1/036/.DS_Store [Content-Type=application/octet-stream]...
/ [0 files][    0.0 B/  6.0 KiB]                                                / [1 files][  6.0 KiB/  6.0 KiB]                                                
Operation completed over 1 objects/6.0 KiB.                                      
UPLOAD: content/voca/es/b1/036/audio/voca_b1_036.cues.json
Copying file://content/voca/es/b1/036/audio/voca_b1_036.cues.json [Content-Type=application/json]...
/ [0 files][    0.0 B/  338.0 B]                                                / [1 files][  338.0 B/  338.0 B]                                                
Operation completed over 1 objects/338.0 B.                                      
SKIP (exists): content/voca/es/b1/036/audio/audio.wav
SKIP (exists): content/voca/es/b1/036/data/data.json
UPLOAD: content/voca/es/b1/031/.DS_Store
Copying file://content/voca/es/b1/031/.DS_Store [Content-Type=application/octet-stream]...
/ [0 files][    0.0 B/  6.0 KiB]                                                / [1 files][  6.0 KiB/  6.0 KiB]                                                
Operation completed over 1 objects/6.0 KiB.                                      
UPLOAD: content/voca/es/b1/031/audio/voca_b1_031.cues.json
Copying file://content/voca/es/b1/031/audio/voca_b1_031.cues.json [Content-Type=application/json]...
/ [0 files][    0.0 B/  338.0 B]                                                / [1 files][  338.0 B/  338.0 B]                                                
Operation completed over 1 objects/338.0 B.                                      
SKIP (exists): content/voca/es/b1/031/audio/audio.wav
SKIP (exists): content/voca/es/b1/031/data/data.json
UPLOAD: content/voca/es/b1/030/.DS_Store
Copying file://content/voca/es/b1/030/.DS_Store [Content-Type=application/octet-stream]...
/ [0 files][    0.0 B/  6.0 KiB]                                                / [1 files][  6.0 KiB/  6.0 KiB]                                                
Operation completed over 1 objects/6.0 KiB.                                      
UPLOAD: content/voca/es/b1/030/audio/voca_b1_030.cues.json
Copying file://content/voca/es/b1/030/audio/voca_b1_030.cues.json [Content-Type=application/json]...
/ [0 files][    0.0 B/  338.0 B]                                                / [1 files][  338.0 B/  338.0 B]                                                
Operation completed over 1 objects/338.0 B.                                      
SKIP (exists): content/voca/es/b1/030/audio/audio.wav
SKIP (exists): content/voca/es/b1/030/data/data.json
UPLOAD: content/voca/es/b1/008/.DS_Store
Copying file://content/voca/es/b1/008/.DS_Store [Content-Type=application/octet-stream]...
/ [0 files][    0.0 B/  6.0 KiB]                                                / [1 files][  6.0 KiB/  6.0 KiB]                                                
Operation completed over 1 objects/6.0 KiB.                                      
UPLOAD: content/voca/es/b1/008/audio/voca_b1_008.cues.json
Copying file://content/voca/es/b1/008/audio/voca_b1_008.cues.json [Content-Type=application/json]...
/ [0 files][    0.0 B/  338.0 B]                                                / [1 files][  338.0 B/  338.0 B]                                                
Operation completed over 1 objects/338.0 B.                                      
SKIP (exists): content/voca/es/b1/008/audio/audio.wav
SKIP (exists): content/voca/es/b1/008/data/data.json
UPLOAD: content/voca/es/b1/037/.DS_Store
Copying file://content/voca/es/b1/037/.DS_Store [Content-Type=application/octet-stream]...
/ [0 files][    0.0 B/  6.0 KiB]                                                / [1 files][  6.0 KiB/  6.0 KiB]                                                
Operation completed over 1 objects/6.0 KiB.                                      
SKIP (exists): content/voca/es/b1/037/audio/voca_b1_037.cues.json
SKIP (exists): content/voca/es/b1/037/audio/audio.wav
SKIP (exists): content/voca/es/b1/037/data/data.json
UPLOAD: content/voca/es/b1/001/.DS_Store
Copying file://content/voca/es/b1/001/.DS_Store [Content-Type=application/octet-stream]...
/ [0 files][    0.0 B/  6.0 KiB]                                                / [1 files][  6.0 KiB/  6.0 KiB]                                                
Operation completed over 1 objects/6.0 KiB.                                      
UPLOAD: content/voca/es/b1/001/audio/voca_b1_001.cues.json
Copying file://content/voca/es/b1/001/audio/voca_b1_001.cues.json [Content-Type=application/json]...
/ [0 files][    0.0 B/  338.0 B]                                                / [1 files][  338.0 B/  338.0 B]                                                
Operation completed over 1 objects/338.0 B.                                      
SKIP (exists): content/voca/es/b1/001/audio/audio.wav
SKIP (exists): content/voca/es/b1/001/data/data.json
UPLOAD: content/voca/es/b1/039/.DS_Store
Copying file://content/voca/es/b1/039/.DS_Store [Content-Type=application/octet-stream]...
/ [0 files][    0.0 B/  6.0 KiB]                                                / [1 files][  6.0 KiB/  6.0 KiB]                                                
Operation completed over 1 objects/6.0 KiB.                                      
UPLOAD: content/voca/es/b1/039/audio/voca_b1_039.cues.json
Copying file://content/voca/es/b1/039/audio/voca_b1_039.cues.json [Content-Type=application/json]...
/ [0 files][    0.0 B/  338.0 B]                                                / [1 files][  338.0 B/  338.0 B]                                                
Operation completed over 1 objects/338.0 B.                                      
SKIP (exists): content/voca/es/b1/039/audio/audio.wav
SKIP (exists): content/voca/es/b1/039/data/data.json
SKIP (exists): content/voca/es/b1/006/.DS_Store
UPLOAD: content/voca/es/b1/006/audio/voca_b1_006.cues.json
Copying file://content/voca/es/b1/006/audio/voca_b1_006.cues.json [Content-Type=application/json]...
/ [0 files][    0.0 B/  338.0 B]                                                / [1 files][  338.0 B/  338.0 B]                                                
Operation completed over 1 objects/338.0 B.                                      
SKIP (exists): content/voca/es/b1/006/audio/audio.wav
SKIP (exists): content/voca/es/b1/006/data/data.json
UPLOAD: content/voca/es/b1/042/.DS_Store
Copying file://content/voca/es/b1/042/.DS_Store [Content-Type=application/octet-stream]...
/ [0 files][    0.0 B/  6.0 KiB]                                                / [1 files][  6.0 KiB/  6.0 KiB]                                                
Operation completed over 1 objects/6.0 KiB.                                      
UPLOAD: content/voca/es/b1/042/audio/voca_b1_042.cues.json
Copying file://content/voca/es/b1/042/audio/voca_b1_042.cues.json [Content-Type=application/json]...
/ [0 files][    0.0 B/  338.0 B]                                                / [1 files][  338.0 B/  338.0 B]                                                
Operation completed over 1 objects/338.0 B.                                      
SKIP (exists): content/voca/es/b1/042/audio/audio.wav
SKIP (exists): content/voca/es/b1/042/data/data.json
UPLOAD: content/voca/es/b1/045/.DS_Store
Copying file://content/voca/es/b1/045/.DS_Store [Content-Type=application/octet-stream]...
/ [0 files][    0.0 B/  6.0 KiB]                                                / [1 files][  6.0 KiB/  6.0 KiB]                                                
Operation completed over 1 objects/6.0 KiB.                                      
SKIP (exists): content/voca/es/b1/045/audio/audio.wav
UPLOAD: content/voca/es/b1/045/audio/voca_b1_045.cues.json
Copying file://content/voca/es/b1/045/audio/voca_b1_045.cues.json [Content-Type=application/json]...
/ [0 files][    0.0 B/  338.0 B]                                                / [1 files][  338.0 B/  338.0 B]                                                
Operation completed over 1 objects/338.0 B.                                      
SKIP (exists): content/voca/es/b1/045/data/data.json
UPLOAD: content/voca/es/b1/020/.DS_Store
Copying file://content/voca/es/b1/020/.DS_Store [Content-Type=application/octet-stream]...
/ [0 files][    0.0 B/  6.0 KiB]                                                / [1 files][  6.0 KiB/  6.0 KiB]                                                
Operation completed over 1 objects/6.0 KiB.                                      
UPLOAD: content/voca/es/b1/020/audio/voca_b1_020.cues.json
Copying file://content/voca/es/b1/020/audio/voca_b1_020.cues.json [Content-Type=application/json]...
/ [0 files][    0.0 B/  338.0 B]                                                / [1 files][  338.0 B/  338.0 B]                                                
Operation completed over 1 objects/338.0 B.                                      
SKIP (exists): content/voca/es/b1/020/audio/audio.wav
SKIP (exists): content/voca/es/b1/020/data/data.json
UPLOAD: content/voca/es/b1/027/.DS_Store
Copying file://content/voca/es/b1/027/.DS_Store [Content-Type=application/octet-stream]...
/ [0 files][    0.0 B/  6.0 KiB]                                                / [1 files][  6.0 KiB/  6.0 KiB]                                                
Operation completed over 1 objects/6.0 KiB.                                      
UPLOAD: content/voca/es/b1/027/audio/voca_b1_027.cues.json
Copying file://content/voca/es/b1/027/audio/voca_b1_027.cues.json [Content-Type=application/json]...
/ [0 files][    0.0 B/  338.0 B]                                                / [1 files][  338.0 B/  338.0 B]                                                
Operation completed over 1 objects/338.0 B.                                      
SKIP (exists): content/voca/es/b1/027/audio/audio.wav
SKIP (exists): content/voca/es/b1/027/data/data.json
UPLOAD: content/voca/es/b1/018/.DS_Store
Copying file://content/voca/es/b1/018/.DS_Store [Content-Type=application/octet-stream]...
/ [0 files][    0.0 B/  6.0 KiB]                                                / [1 files][  6.0 KiB/  6.0 KiB]                                                
Operation completed over 1 objects/6.0 KiB.                                      
UPLOAD: content/voca/es/b1/018/audio/voca_b1_018.cues.json
Copying file://content/voca/es/b1/018/audio/voca_b1_018.cues.json [Content-Type=application/json]...
/ [0 files][    0.0 B/  338.0 B]                                                / [1 files][  338.0 B/  338.0 B]                                                
Operation completed over 1 objects/338.0 B.                                      
SKIP (exists): content/voca/es/b1/018/audio/audio.wav
SKIP (exists): content/voca/es/b1/018/data/data.json
UPLOAD: content/voca/es/b1/011/.DS_Store
Copying file://content/voca/es/b1/011/.DS_Store [Content-Type=application/octet-stream]...
/ [0 files][    0.0 B/  6.0 KiB]                                                / [1 files][  6.0 KiB/  6.0 KiB]                                                
Operation completed over 1 objects/6.0 KiB.                                      
UPLOAD: content/voca/es/b1/011/audio/voca_b1_011.cues.json
Copying file://content/voca/es/b1/011/audio/voca_b1_011.cues.json [Content-Type=application/json]...
/ [0 files][    0.0 B/  338.0 B]                                                / [1 files][  338.0 B/  338.0 B]                                                
Operation completed over 1 objects/338.0 B.                                      
SKIP (exists): content/voca/es/b1/011/audio/audio.wav
SKIP (exists): content/voca/es/b1/011/data/data.json
UPLOAD: content/voca/es/b1/016/.DS_Store
Copying file://content/voca/es/b1/016/.DS_Store [Content-Type=application/octet-stream]...
/ [0 files][    0.0 B/  6.0 KiB]                                                / [1 files][  6.0 KiB/  6.0 KiB]                                                
Operation completed over 1 objects/6.0 KiB.                                      
UPLOAD: content/voca/es/b1/016/audio/voca_b1_016.cues.json
Copying file://content/voca/es/b1/016/audio/voca_b1_016.cues.json [Content-Type=application/json]...
/ [0 files][    0.0 B/  338.0 B]                                                / [1 files][  338.0 B/  338.0 B]                                                
Operation completed over 1 objects/338.0 B.                                      
SKIP (exists): content/voca/es/b1/016/audio/audio.wav
SKIP (exists): content/voca/es/b1/016/data/data.json
SKIP (exists): content/voca/es/b1/029/.DS_Store
UPLOAD: content/voca/es/b1/029/audio/voca_b1_029.cues.json
Copying file://content/voca/es/b1/029/audio/voca_b1_029.cues.json [Content-Type=application/json]...
/ [0 files][    0.0 B/  338.0 B]                                                / [1 files][  338.0 B/  338.0 B]                                                
Operation completed over 1 objects/338.0 B.                                      
SKIP (exists): content/voca/es/b1/029/audio/audio.wav
SKIP (exists): content/voca/es/b1/029/data/data.json
UPLOAD: content/voca/es/b1/044/.DS_Store
Copying file://content/voca/es/b1/044/.DS_Store [Content-Type=application/octet-stream]...
/ [0 files][    0.0 B/  6.0 KiB]                                                / [1 files][  6.0 KiB/  6.0 KiB]                                                
Operation completed over 1 objects/6.0 KiB.                                      
UPLOAD: content/voca/es/b1/044/audio/voca_b1_044.cues.json
Copying file://content/voca/es/b1/044/audio/voca_b1_044.cues.json [Content-Type=application/json]...
/ [0 files][    0.0 B/  338.0 B]                                                / [1 files][  338.0 B/  338.0 B]                                                
Operation completed over 1 objects/338.0 B.                                      
SKIP (exists): content/voca/es/b1/044/audio/audio.wav
SKIP (exists): content/voca/es/b1/044/data/data.json
UPLOAD: content/voca/es/b1/043/.DS_Store
Copying file://content/voca/es/b1/043/.DS_Store [Content-Type=application/octet-stream]...
/ [0 files][    0.0 B/  6.0 KiB]                                                / [1 files][  6.0 KiB/  6.0 KiB]                                                
Operation completed over 1 objects/6.0 KiB.                                      
SKIP (exists): content/voca/es/b1/043/audio/voca_b1_043.cues.json
SKIP (exists): content/voca/es/b1/043/audio/audio.wav
SKIP (exists): content/voca/es/b1/043/data/data.json
UPLOAD: content/voca/es/b1/017/.DS_Store
Copying file://content/voca/es/b1/017/.DS_Store [Content-Type=application/octet-stream]...
/ [0 files][    0.0 B/  6.0 KiB]                                                / [1 files][  6.0 KiB/  6.0 KiB]                                                
Operation completed over 1 objects/6.0 KiB.                                      
UPLOAD: content/voca/es/b1/017/audio/voca_b1_017.cues.json
Copying file://content/voca/es/b1/017/audio/voca_b1_017.cues.json [Content-Type=application/json]...
/ [0 files][    0.0 B/  338.0 B]                                                / [1 files][  338.0 B/  338.0 B]                                                
Operation completed over 1 objects/338.0 B.                                      
SKIP (exists): content/voca/es/b1/017/audio/audio.wav
SKIP (exists): content/voca/es/b1/017/data/data.json
UPLOAD: content/voca/es/b1/028/.DS_Store
Copying file://content/voca/es/b1/028/.DS_Store [Content-Type=application/octet-stream]...
/ [0 files][    0.0 B/  6.0 KiB]                                                / [1 files][  6.0 KiB/  6.0 KiB]                                                -
Operation completed over 1 objects/6.0 KiB.                                      
UPLOAD: content/voca/es/b1/028/audio/voca_b1_028.cues.json
Copying file://content/voca/es/b1/028/audio/voca_b1_028.cues.json [Content-Type=application/json]...
/ [0 files][    0.0 B/  338.0 B]                                                / [1 files][  338.0 B/  338.0 B]                                                
Operation completed over 1 objects/338.0 B.                                      
SKIP (exists): content/voca/es/b1/028/audio/audio.wav
SKIP (exists): content/voca/es/b1/028/data/data.json
UPLOAD: content/voca/es/b1/010/.DS_Store
Copying file://content/voca/es/b1/010/.DS_Store [Content-Type=application/octet-stream]...
/ [0 files][    0.0 B/  6.0 KiB]                                                / [1 files][  6.0 KiB/  6.0 KiB]                                                
Operation completed over 1 objects/6.0 KiB.                                      
SKIP (exists): content/voca/es/b1/010/audio/voca_b1_010.cues.json
SKIP (exists): content/voca/es/b1/010/audio/audio.wav
SKIP (exists): content/voca/es/b1/010/data/data.json
UPLOAD: content/voca/es/b1/026/.DS_Store
Copying file://content/voca/es/b1/026/.DS_Store [Content-Type=application/octet-stream]...
/ [0 files][    0.0 B/  6.0 KiB]                                                / [1 files][  6.0 KiB/  6.0 KiB]                                                
Operation completed over 1 objects/6.0 KiB.                                      
UPLOAD: content/voca/es/b1/026/audio/voca_b1_026.cues.json
Copying file://content/voca/es/b1/026/audio/voca_b1_026.cues.json [Content-Type=application/json]...
/ [0 files][    0.0 B/  338.0 B]                                                / [1 files][  338.0 B/  338.0 B]                                                
Operation completed over 1 objects/338.0 B.                                      
SKIP (exists): content/voca/es/b1/026/audio/audio.wav
SKIP (exists): content/voca/es/b1/026/data/data.json
UPLOAD: content/voca/es/b1/019/.DS_Store
Copying file://content/voca/es/b1/019/.DS_Store [Content-Type=application/octet-stream]...
/ [0 files][    0.0 B/  6.0 KiB]                                                / [1 files][  6.0 KiB/  6.0 KiB]                                                
Operation completed over 1 objects/6.0 KiB.                                      
UPLOAD: content/voca/es/b1/019/audio/voca_b1_019.cues.json
Copying file://content/voca/es/b1/019/audio/voca_b1_019.cues.json [Content-Type=application/json]...
/ [0 files][    0.0 B/  338.0 B]                                                / [1 files][  338.0 B/  338.0 B]                                                
Operation completed over 1 objects/338.0 B.                                      
SKIP (exists): content/voca/es/b1/019/audio/audio.wav
SKIP (exists): content/voca/es/b1/019/data/data.json
SKIP (exists): content/voca/es/b1/021/.DS_Store
UPLOAD: content/voca/es/b1/021/audio/voca_b1_021.cues.json
Copying file://content/voca/es/b1/021/audio/voca_b1_021.cues.json [Content-Type=application/json]...
/ [0 files][    0.0 B/  338.0 B]                                                / [1 files][  338.0 B/  338.0 B]                                                
Operation completed over 1 objects/338.0 B.                                      
SKIP (exists): content/voca/es/b1/021/audio/audio.wav
SKIP (exists): content/voca/es/b1/021/data/data.json
UPLOAD: content/voca/es/b1/003/.DS_Store
Copying file://content/voca/es/b1/003/.DS_Store [Content-Type=application/octet-stream]...
/ [0 files][    0.0 B/  6.0 KiB]                                                / [1 files][  6.0 KiB/  6.0 KiB]                                                
Operation completed over 1 objects/6.0 KiB.                                      
UPLOAD: content/voca/es/b1/003/audio/voca_b1_003.cues.json
Copying file://content/voca/es/b1/003/audio/voca_b1_003.cues.json [Content-Type=application/json]...
/ [0 files][    0.0 B/  338.0 B]                                                / [1 files][  338.0 B/  338.0 B]                                                
Operation completed over 1 objects/338.0 B.                                      
SKIP (exists): content/voca/es/b1/003/audio/audio.wav
SKIP (exists): content/voca/es/b1/003/data/data.json
UPLOAD: content/voca/es/b1/004/.DS_Store
Copying file://content/voca/es/b1/004/.DS_Store [Content-Type=application/octet-stream]...
/ [0 files][    0.0 B/  6.0 KiB]                                                / [1 files][  6.0 KiB/  6.0 KiB]                                                
Operation completed over 1 objects/6.0 KiB.                                      
SKIP (exists): content/voca/es/b1/004/audio/voca_b1_004.cues.json
SKIP (exists): content/voca/es/b1/004/audio/audio.wav
SKIP (exists): content/voca/es/b1/004/data/data.json
UPLOAD: content/voca/es/b1/032/.DS_Store
Copying file://content/voca/es/b1/032/.DS_Store [Content-Type=application/octet-stream]...
/ [0 files][    0.0 B/  6.0 KiB]                                                / [1 files][  6.0 KiB/  6.0 KiB]                                                
Operation completed over 1 objects/6.0 KiB.                                      
UPLOAD: content/voca/es/b1/032/audio/voca_b1_032.cues.json
Copying file://content/voca/es/b1/032/audio/voca_b1_032.cues.json [Content-Type=application/json]...
/ [0 files][    0.0 B/  338.0 B]                                                / [1 files][  338.0 B/  338.0 B]                                                
Operation completed over 1 objects/338.0 B.                                      
SKIP (exists): content/voca/es/b1/032/audio/audio.wav
SKIP (exists): content/voca/es/b1/032/data/data.json
UPLOAD: content/voca/es/b1/035/.DS_Store
Copying file://content/voca/es/b1/035/.DS_Store [Content-Type=application/octet-stream]...
/ [0 files][    0.0 B/  6.0 KiB]                                                / [1 files][  6.0 KiB/  6.0 KiB]                                                
Operation completed over 1 objects/6.0 KiB.                                      
UPLOAD: content/voca/es/b1/035/audio/voca_b1_035.cues.json
Copying file://content/voca/es/b1/035/audio/voca_b1_035.cues.json [Content-Type=application/json]...
/ [0 files][    0.0 B/  338.0 B]                                                / [1 files][  338.0 B/  338.0 B]                                                
Operation completed over 1 objects/338.0 B.                                      
SKIP (exists): content/voca/es/b1/035/audio/audio.wav
SKIP (exists): content/voca/es/b1/035/data/data.json
UPLOAD: content/voca/es/b1/050/.DS_Store
Copying file://content/voca/es/b1/050/.DS_Store [Content-Type=application/octet-stream]...
/ [0 files][    0.0 B/  6.0 KiB]                                                / [1 files][  6.0 KiB/  6.0 KiB]                                                
Operation completed over 1 objects/6.0 KiB.                                      
SKIP (exists): content/voca/es/b1/050/audio/voca_b1_050.cues.json
SKIP (exists): content/voca/es/b1/050/audio/audio.wav
SKIP (exists): content/voca/es/b1/050/data/data.json
UPLOAD: content/voca/es/b1/034/.DS_Store
Copying file://content/voca/es/b1/034/.DS_Store [Content-Type=application/octet-stream]...
/ [0 files][    0.0 B/  6.0 KiB]                                                / [1 files][  6.0 KiB/  6.0 KiB]                                                
Operation completed over 1 objects/6.0 KiB.                                      
UPLOAD: content/voca/es/b1/034/audio/voca_b1_034.cues.json
Copying file://content/voca/es/b1/034/audio/voca_b1_034.cues.json [Content-Type=application/json]...
/ [0 files][    0.0 B/  338.0 B]                                                / [1 files][  338.0 B/  338.0 B]                                                
Operation completed over 1 objects/338.0 B.                                      
SKIP (exists): content/voca/es/b1/034/audio/audio.wav
SKIP (exists): content/voca/es/b1/034/data/data.json
UPLOAD: content/voca/es/b1/033/.DS_Store
Copying file://content/voca/es/b1/033/.DS_Store [Content-Type=application/octet-stream]...
/ [0 files][    0.0 B/  6.0 KiB]                                                / [1 files][  6.0 KiB/  6.0 KiB]                                                
Operation completed over 1 objects/6.0 KiB.                                      
UPLOAD: content/voca/es/b1/033/audio/voca_b1_033.cues.json
Copying file://content/voca/es/b1/033/audio/voca_b1_033.cues.json [Content-Type=application/json]...
/ [0 files][    0.0 B/  338.0 B]                                                / [1 files][  338.0 B/  338.0 B]                                                
Operation completed over 1 objects/338.0 B.                                      
SKIP (exists): content/voca/es/b1/033/audio/audio.wav
SKIP (exists): content/voca/es/b1/033/data/data.json
UPLOAD: content/voca/es/b1/005/.DS_Store
Copying file://content/voca/es/b1/005/.DS_Store [Content-Type=application/octet-stream]...
/ [0 files][    0.0 B/  6.0 KiB]                                                / [1 files][  6.0 KiB/  6.0 KiB]                                                
Operation completed over 1 objects/6.0 KiB.                                      
UPLOAD: content/voca/es/b1/005/audio/voca_b1_005.cues.json
Copying file://content/voca/es/b1/005/audio/voca_b1_005.cues.json [Content-Type=application/json]...
/ [0 files][    0.0 B/  338.0 B]                                                / [1 files][  338.0 B/  338.0 B]                                                
Operation completed over 1 objects/338.0 B.                                      
SKIP (exists): content/voca/es/b1/005/audio/audio.wav
SKIP (exists): content/voca/es/b1/005/data/data.json
UPLOAD: content/voca/es/b1/002/.DS_Store
Copying file://content/voca/es/b1/002/.DS_Store [Content-Type=application/octet-stream]...
/ [0 files][    0.0 B/  6.0 KiB]                                                / [1 files][  6.0 KiB/  6.0 KiB]                                                
Operation completed over 1 objects/6.0 KiB.                                      
UPLOAD: content/voca/es/b1/002/audio/voca_b1_002.cues.json
Copying file://content/voca/es/b1/002/audio/voca_b1_002.cues.json [Content-Type=application/json]...
/ [0 files][    0.0 B/  338.0 B]                                                / [1 files][  338.0 B/  338.0 B]                                                
Operation completed over 1 objects/338.0 B.                                      
SKIP (exists): content/voca/es/b1/002/audio/audio.wav
SKIP (exists): content/voca/es/b1/002/data/data.json
UPLOAD: content/voca/es/a1/024/.DS_Store
Copying file://content/voca/es/a1/024/.DS_Store [Content-Type=application/octet-stream]...
/ [0 files][    0.0 B/  6.0 KiB]                                                / [1 files][  6.0 KiB/  6.0 KiB]                                                
Operation completed over 1 objects/6.0 KiB.                                      
UPLOAD: content/voca/es/a1/024/audio/voca_a1_024.cues.json
Copying file://content/voca/es/a1/024/audio/voca_a1_024.cues.json [Content-Type=application/json]...
/ [0 files][    0.0 B/  338.0 B]                                                / [1 files][  338.0 B/  338.0 B]                                                
Operation completed over 1 objects/338.0 B.                                      
SKIP (exists): content/voca/es/a1/024/audio/audio.wav
SKIP (exists): content/voca/es/a1/024/data/data.json
SKIP (exists): content/voca/es/a1/023/.DS_Store
UPLOAD: content/voca/es/a1/023/audio/voca_a1_023.cues.json
Copying file://content/voca/es/a1/023/audio/voca_a1_023.cues.json [Content-Type=application/json]...
/ [0 files][    0.0 B/  338.0 B]                                                / [1 files][  338.0 B/  338.0 B]                                                
Operation completed over 1 objects/338.0 B.                                      
SKIP (exists): content/voca/es/a1/023/audio/audio.wav
SKIP (exists): content/voca/es/a1/023/data/data.json
UPLOAD: content/voca/es/a1/015/.DS_Store
Copying file://content/voca/es/a1/015/.DS_Store [Content-Type=application/octet-stream]...
/ [0 files][    0.0 B/  6.0 KiB]                                                / [1 files][  6.0 KiB/  6.0 KiB]                                                
Operation completed over 1 objects/6.0 KiB.                                      
UPLOAD: content/voca/es/a1/015/audio/voca_a1_015.cues.json
Copying file://content/voca/es/a1/015/audio/voca_a1_015.cues.json [Content-Type=application/json]...
/ [0 files][    0.0 B/  338.0 B]                                                / [1 files][  338.0 B/  338.0 B]                                                
Operation completed over 1 objects/338.0 B.                                      
SKIP (exists): content/voca/es/a1/015/audio/audio.wav
SKIP (exists): content/voca/es/a1/015/data/data.json
SKIP (exists): content/voca/es/a1/.DS_Store
SKIP (exists): content/voca/es/a1/012/.DS_Store
UPLOAD: content/voca/es/a1/012/audio/voca_a1_012.cues.json
Copying file://content/voca/es/a1/012/audio/voca_a1_012.cues.json [Content-Type=application/json]...
/ [0 files][    0.0 B/  338.0 B]                                                / [1 files][  338.0 B/  338.0 B]                                                
Operation completed over 1 objects/338.0 B.                                      
SKIP (exists): content/voca/es/a1/012/audio/audio.wav
SKIP (exists): content/voca/es/a1/012/data/data.json
UPLOAD: content/voca/es/a1/013/.DS_Store
Copying file://content/voca/es/a1/013/.DS_Store [Content-Type=application/octet-stream]...
/ [0 files][    0.0 B/  6.0 KiB]                                                / [1 files][  6.0 KiB/  6.0 KiB]                                                
Operation completed over 1 objects/6.0 KiB.                                      
UPLOAD: content/voca/es/a1/013/audio/voca_a1_013.cues.json
Copying file://content/voca/es/a1/013/audio/voca_a1_013.cues.json [Content-Type=application/json]...
/ [0 files][    0.0 B/  338.0 B]                                                / [1 files][  338.0 B/  338.0 B]                                                
Operation completed over 1 objects/338.0 B.                                      
SKIP (exists): content/voca/es/a1/013/audio/audio.wav
SKIP (exists): content/voca/es/a1/013/data/data.json
SKIP (exists): content/voca/es/a1/014/.DS_Store
UPLOAD: content/voca/es/a1/014/audio/voca_a1_014.cues.json
Copying file://content/voca/es/a1/014/audio/voca_a1_014.cues.json [Content-Type=application/json]...
/ [0 files][    0.0 B/  338.0 B]                                                / [1 files][  338.0 B/  338.0 B]                                                
Operation completed over 1 objects/338.0 B.                                      
SKIP (exists): content/voca/es/a1/014/audio/audio.wav
SKIP (exists): content/voca/es/a1/014/data/data.json
UPLOAD: content/voca/es/a1/022/.DS_Store
Copying file://content/voca/es/a1/022/.DS_Store [Content-Type=application/octet-stream]...
/ [0 files][    0.0 B/  6.0 KiB]                                                / [1 files][  6.0 KiB/  6.0 KiB]                                                
Operation completed over 1 objects/6.0 KiB.                                      
UPLOAD: content/voca/es/a1/022/audio/voca_a1_022.cues.json
Copying file://content/voca/es/a1/022/audio/voca_a1_022.cues.json [Content-Type=application/json]...
/ [0 files][    0.0 B/  338.0 B]                                                / [1 files][  338.0 B/  338.0 B]                                                
Operation completed over 1 objects/338.0 B.                                      
SKIP (exists): content/voca/es/a1/022/audio/audio.wav
SKIP (exists): content/voca/es/a1/022/data/data.json
SKIP (exists): content/voca/es/a1/025/.DS_Store
UPLOAD: content/voca/es/a1/025/audio/voca_a1_025.cues.json
Copying file://content/voca/es/a1/025/audio/voca_a1_025.cues.json [Content-Type=application/json]...
/ [0 files][    0.0 B/  338.0 B]                                                / [1 files][  338.0 B/  338.0 B]                                                -
Operation completed over 1 objects/338.0 B.                                      
SKIP (exists): content/voca/es/a1/025/audio/audio.wav
SKIP (exists): content/voca/es/a1/025/data/data.json
UPLOAD: content/voca/es/a1/040/.DS_Store
Copying file://content/voca/es/a1/040/.DS_Store [Content-Type=application/octet-stream]...
/ [0 files][    0.0 B/  6.0 KiB]                                                / [1 files][  6.0 KiB/  6.0 KiB]                                                -
Operation completed over 1 objects/6.0 KiB.                                      
UPLOAD: content/voca/es/a1/040/audio/voca_a1_040.cues.json
Copying file://content/voca/es/a1/040/audio/voca_a1_040.cues.json [Content-Type=application/json]...
/ [0 files][    0.0 B/  338.0 B]                                                / [1 files][  338.0 B/  338.0 B]                                                
Operation completed over 1 objects/338.0 B.                                      
SKIP (exists): content/voca/es/a1/040/audio/audio.wav
SKIP (exists): content/voca/es/a1/040/data/data.json
UPLOAD: content/voca/es/a1/038/.DS_Store
Copying file://content/voca/es/a1/038/.DS_Store [Content-Type=application/octet-stream]...
/ [0 files][    0.0 B/  6.0 KiB]                                                / [1 files][  6.0 KiB/  6.0 KiB]                                                
Operation completed over 1 objects/6.0 KiB.                                      
SKIP (exists): content/voca/es/a1/038/audio/voca_a1_038.cues.json
SKIP (exists): content/voca/es/a1/038/audio/audio.wav
SKIP (exists): content/voca/es/a1/038/data/data.json
UPLOAD: content/voca/es/a1/007/.DS_Store
Copying file://content/voca/es/a1/007/.DS_Store [Content-Type=application/octet-stream]...
/ [0 files][    0.0 B/  6.0 KiB]                                                / [1 files][  6.0 KiB/  6.0 KiB]                                                
Operation completed over 1 objects/6.0 KiB.                                      
UPLOAD: content/voca/es/a1/007/audio/voca_a1_007.cues.json
Copying file://content/voca/es/a1/007/audio/voca_a1_007.cues.json [Content-Type=application/json]...
/ [0 files][    0.0 B/  338.0 B]                                                / [1 files][  338.0 B/  338.0 B]                                                
Operation completed over 1 objects/338.0 B.                                      
SKIP (exists): content/voca/es/a1/007/audio/audio.wav
SKIP (exists): content/voca/es/a1/007/data/data.json
SKIP (exists): content/voca/es/a1/009/.DS_Store
UPLOAD: content/voca/es/a1/009/audio/voca_a1_009.cues.json
Copying file://content/voca/es/a1/009/audio/voca_a1_009.cues.json [Content-Type=application/json]...
/ [0 files][    0.0 B/  338.0 B]                                                / [1 files][  338.0 B/  338.0 B]                                                
Operation completed over 1 objects/338.0 B.                                      
SKIP (exists): content/voca/es/a1/009/audio/audio.wav
SKIP (exists): content/voca/es/a1/009/data/data.json
UPLOAD: content/voca/es/a1/036/.DS_Store
Copying file://content/voca/es/a1/036/.DS_Store [Content-Type=application/octet-stream]...
/ [0 files][    0.0 B/  6.0 KiB]                                                / [1 files][  6.0 KiB/  6.0 KiB]                                                
Operation completed over 1 objects/6.0 KiB.                                      
UPLOAD: content/voca/es/a1/036/audio/voca_a1_036.cues.json
Copying file://content/voca/es/a1/036/audio/voca_a1_036.cues.json [Content-Type=application/json]...
/ [0 files][    0.0 B/  338.0 B]                                                / [1 files][  338.0 B/  338.0 B]                                                
Operation completed over 1 objects/338.0 B.                                      
SKIP (exists): content/voca/es/a1/036/audio/audio.wav
SKIP (exists): content/voca/es/a1/036/data/data.json
UPLOAD: content/voca/es/a1/031/.DS_Store
Copying file://content/voca/es/a1/031/.DS_Store [Content-Type=application/octet-stream]...
/ [0 files][    0.0 B/  6.0 KiB]                                                / [1 files][  6.0 KiB/  6.0 KiB]                                                
Operation completed over 1 objects/6.0 KiB.                                      
UPLOAD: content/voca/es/a1/031/audio/voca_a1_031.cues.json
Copying file://content/voca/es/a1/031/audio/voca_a1_031.cues.json [Content-Type=application/json]...
/ [0 files][    0.0 B/  338.0 B]                                                / [1 files][  338.0 B/  338.0 B]                                                
Operation completed over 1 objects/338.0 B.                                      
SKIP (exists): content/voca/es/a1/031/audio/audio.wav
SKIP (exists): content/voca/es/a1/031/data/data.json
UPLOAD: content/voca/es/a1/030/.DS_Store
Copying file://content/voca/es/a1/030/.DS_Store [Content-Type=application/octet-stream]...
/ [0 files][    0.0 B/  6.0 KiB]                                                / [1 files][  6.0 KiB/  6.0 KiB]                                                
Operation completed over 1 objects/6.0 KiB.                                      
SKIP (exists): content/voca/es/a1/030/audio/voca_a1_030.cues.json
SKIP (exists): content/voca/es/a1/030/audio/audio.wav
SKIP (exists): content/voca/es/a1/030/data/data.json
UPLOAD: content/voca/es/a1/008/.DS_Store
Copying file://content/voca/es/a1/008/.DS_Store [Content-Type=application/octet-stream]...
/ [0 files][    0.0 B/  6.0 KiB]                                                / [1 files][  6.0 KiB/  6.0 KiB]                                                -
Operation completed over 1 objects/6.0 KiB.                                      
SKIP (exists): content/voca/es/a1/008/audio/voca_a1_008.cues.json
SKIP (exists): content/voca/es/a1/008/audio/audio.wav
SKIP (exists): content/voca/es/a1/008/data/data.json
UPLOAD: content/voca/es/a1/037/.DS_Store
Copying file://content/voca/es/a1/037/.DS_Store [Content-Type=application/octet-stream]...
/ [0 files][    0.0 B/  6.0 KiB]                                                / [1 files][  6.0 KiB/  6.0 KiB]                                                
Operation completed over 1 objects/6.0 KiB.                                      
UPLOAD: content/voca/es/a1/037/audio/voca_a1_037.cues.json
Copying file://content/voca/es/a1/037/audio/voca_a1_037.cues.json [Content-Type=application/json]...
/ [0 files][    0.0 B/  338.0 B]                                                / [1 files][  338.0 B/  338.0 B]                                                
Operation completed over 1 objects/338.0 B.                                      
SKIP (exists): content/voca/es/a1/037/audio/audio.wav
SKIP (exists): content/voca/es/a1/037/data/data.json
SKIP (exists): content/voca/es/a1/001/.DS_Store
UPLOAD: content/voca/es/a1/001/audio/voca_a1_001.cues.json
Copying file://content/voca/es/a1/001/audio/voca_a1_001.cues.json [Content-Type=application/json]...
/ [0 files][    0.0 B/  338.0 B]                                                / [1 files][  338.0 B/  338.0 B]                                                
Operation completed over 1 objects/338.0 B.                                      
SKIP (exists): content/voca/es/a1/001/audio/audio.wav
SKIP (exists): content/voca/es/a1/001/data/data.json
UPLOAD: content/voca/es/a1/039/.DS_Store
Copying file://content/voca/es/a1/039/.DS_Store [Content-Type=application/octet-stream]...
/ [0 files][    0.0 B/  6.0 KiB]                                                / [1 files][  6.0 KiB/  6.0 KiB]                                                
Operation completed over 1 objects/6.0 KiB.                                      
SKIP (exists): content/voca/es/a1/039/audio/voca_a1_039.cues.json
SKIP (exists): content/voca/es/a1/039/audio/audio.wav
SKIP (exists): content/voca/es/a1/039/data/data.json
UPLOAD: content/voca/es/a1/006/.DS_Store
Copying file://content/voca/es/a1/006/.DS_Store [Content-Type=application/octet-stream]...
/ [0 files][    0.0 B/  6.0 KiB]                                                / [1 files][  6.0 KiB/  6.0 KiB]                                                
Operation completed over 1 objects/6.0 KiB.                                      
UPLOAD: content/voca/es/a1/006/audio/voca_a1_006.cues.json
Copying file://content/voca/es/a1/006/audio/voca_a1_006.cues.json [Content-Type=application/json]...
/ [0 files][    0.0 B/  338.0 B]                                                / [1 files][  338.0 B/  338.0 B]                                                
Operation completed over 1 objects/338.0 B.                                      
SKIP (exists): content/voca/es/a1/006/audio/audio.wav
SKIP (exists): content/voca/es/a1/006/data/data.json
UPLOAD: content/voca/es/a1/020/.DS_Store
Copying file://content/voca/es/a1/020/.DS_Store [Content-Type=application/octet-stream]...
/ [0 files][    0.0 B/  6.0 KiB]                                                / [1 files][  6.0 KiB/  6.0 KiB]                                                
Operation completed over 1 objects/6.0 KiB.                                      
SKIP (exists): content/voca/es/a1/020/audio/voca_a1_020.cues.json
SKIP (exists): content/voca/es/a1/020/audio/audio.wav
SKIP (exists): content/voca/es/a1/020/data/data.json
UPLOAD: content/voca/es/a1/027/.DS_Store
Copying file://content/voca/es/a1/027/.DS_Store [Content-Type=application/octet-stream]...
/ [0 files][    0.0 B/  6.0 KiB]                                                / [1 files][  6.0 KiB/  6.0 KiB]                                                
Operation completed over 1 objects/6.0 KiB.                                      
SKIP (exists): content/voca/es/a1/027/audio/audio.wav
UPLOAD: content/voca/es/a1/027/audio/voca_a1_027.cues.json
Copying file://content/voca/es/a1/027/audio/voca_a1_027.cues.json [Content-Type=application/json]...
/ [0 files][    0.0 B/  338.0 B]                                                / [1 files][  338.0 B/  338.0 B]                                                
Operation completed over 1 objects/338.0 B.                                      
SKIP (exists): content/voca/es/a1/027/data/data.json
UPLOAD: content/voca/es/a1/018/.DS_Store
Copying file://content/voca/es/a1/018/.DS_Store [Content-Type=application/octet-stream]...
/ [0 files][    0.0 B/  6.0 KiB]                                                / [1 files][  6.0 KiB/  6.0 KiB]                                                
Operation completed over 1 objects/6.0 KiB.                                      
UPLOAD: content/voca/es/a1/018/audio/voca_a1_018.cues.json
Copying file://content/voca/es/a1/018/audio/voca_a1_018.cues.json [Content-Type=application/json]...
/ [0 files][    0.0 B/  338.0 B]                                                / [1 files][  338.0 B/  338.0 B]                                                
Operation completed over 1 objects/338.0 B.                                      
SKIP (exists): content/voca/es/a1/018/audio/audio.wav
SKIP (exists): content/voca/es/a1/018/data/data.json
UPLOAD: content/voca/es/a1/011/.DS_Store
Copying file://content/voca/es/a1/011/.DS_Store [Content-Type=application/octet-stream]...
/ [0 files][    0.0 B/  6.0 KiB]                                                / [1 files][  6.0 KiB/  6.0 KiB]                                                
Operation completed over 1 objects/6.0 KiB.                                      
UPLOAD: content/voca/es/a1/011/audio/voca_a1_011.cues.json
Copying file://content/voca/es/a1/011/audio/voca_a1_011.cues.json [Content-Type=application/json]...
/ [0 files][    0.0 B/  338.0 B]                                                / [1 files][  338.0 B/  338.0 B]                                                
Operation completed over 1 objects/338.0 B.                                      
SKIP (exists): content/voca/es/a1/011/audio/audio.wav
SKIP (exists): content/voca/es/a1/011/data/data.json
UPLOAD: content/voca/es/a1/016/.DS_Store
Copying file://content/voca/es/a1/016/.DS_Store [Content-Type=application/octet-stream]...
/ [0 files][    0.0 B/  6.0 KiB]                                                / [1 files][  6.0 KiB/  6.0 KiB]                                                
Operation completed over 1 objects/6.0 KiB.                                      
UPLOAD: content/voca/es/a1/016/audio/voca_a1_016.cues.json
Copying file://content/voca/es/a1/016/audio/voca_a1_016.cues.json [Content-Type=application/json]...
/ [0 files][    0.0 B/  338.0 B]                                                / [1 files][  338.0 B/  338.0 B]                                                
Operation completed over 1 objects/338.0 B.                                      
SKIP (exists): content/voca/es/a1/016/audio/audio.wav
SKIP (exists): content/voca/es/a1/016/data/data.json
SKIP (exists): content/voca/es/a1/029/.DS_Store
UPLOAD: content/voca/es/a1/029/audio/voca_a1_029.cues.json
Copying file://content/voca/es/a1/029/audio/voca_a1_029.cues.json [Content-Type=application/json]...
/ [0 files][    0.0 B/  338.0 B]                                                / [1 files][  338.0 B/  338.0 B]                                                
Operation completed over 1 objects/338.0 B.                                      
SKIP (exists): content/voca/es/a1/029/audio/audio.wav
SKIP (exists): content/voca/es/a1/029/data/data.json
UPLOAD: content/voca/es/a1/017/.DS_Store
Copying file://content/voca/es/a1/017/.DS_Store [Content-Type=application/octet-stream]...
/ [0 files][    0.0 B/  6.0 KiB]                                                / [1 files][  6.0 KiB/  6.0 KiB]                                                
Operation completed over 1 objects/6.0 KiB.                                      
UPLOAD: content/voca/es/a1/017/audio/voca_a1_017.cues.json
Copying file://content/voca/es/a1/017/audio/voca_a1_017.cues.json [Content-Type=application/json]...
/ [0 files][    0.0 B/  338.0 B]                                                / [1 files][  338.0 B/  338.0 B]                                                
Operation completed over 1 objects/338.0 B.                                      
SKIP (exists): content/voca/es/a1/017/audio/audio.wav
SKIP (exists): content/voca/es/a1/017/data/data.json
UPLOAD: content/voca/es/a1/028/.DS_Store
Copying file://content/voca/es/a1/028/.DS_Store [Content-Type=application/octet-stream]...
/ [0 files][    0.0 B/  6.0 KiB]                                                / [1 files][  6.0 KiB/  6.0 KiB]                                                
Operation completed over 1 objects/6.0 KiB.                                      
UPLOAD: content/voca/es/a1/028/audio/voca_a1_028.cues.json
Copying file://content/voca/es/a1/028/audio/voca_a1_028.cues.json [Content-Type=application/json]...
/ [0 files][    0.0 B/  338.0 B]                                                / [1 files][  338.0 B/  338.0 B]                                                
Operation completed over 1 objects/338.0 B.                                      
SKIP (exists): content/voca/es/a1/028/audio/audio.wav
SKIP (exists): content/voca/es/a1/028/data/data.json
SKIP (exists): content/voca/es/a1/010/.DS_Store
UPLOAD: content/voca/es/a1/010/audio/voca_a1_010.cues.json
Copying file://content/voca/es/a1/010/audio/voca_a1_010.cues.json [Content-Type=application/json]...
/ [0 files][    0.0 B/  338.0 B]                                                / [1 files][  338.0 B/  338.0 B]                                                
Operation completed over 1 objects/338.0 B.                                      
SKIP (exists): content/voca/es/a1/010/audio/audio.wav
SKIP (exists): content/voca/es/a1/010/data/data.json
UPLOAD: content/voca/es/a1/026/.DS_Store
Copying file://content/voca/es/a1/026/.DS_Store [Content-Type=application/octet-stream]...
/ [0 files][    0.0 B/  6.0 KiB]                                                / [1 files][  6.0 KiB/  6.0 KiB]                                                
Operation completed over 1 objects/6.0 KiB.                                      
UPLOAD: content/voca/es/a1/026/audio/voca_a1_026.cues.json
Copying file://content/voca/es/a1/026/audio/voca_a1_026.cues.json [Content-Type=application/json]...
/ [0 files][    0.0 B/  338.0 B]                                                / [1 files][  338.0 B/  338.0 B]                                                
Operation completed over 1 objects/338.0 B.                                      
SKIP (exists): content/voca/es/a1/026/audio/audio.wav
SKIP (exists): content/voca/es/a1/026/data/data.json
UPLOAD: content/voca/es/a1/019/.DS_Store
Copying file://content/voca/es/a1/019/.DS_Store [Content-Type=application/octet-stream]...
/ [0 files][    0.0 B/  6.0 KiB]                                                / [1 files][  6.0 KiB/  6.0 KiB]                                                
Operation completed over 1 objects/6.0 KiB.                                      
SKIP (exists): content/voca/es/a1/019/audio/voca_a1_019.cues.json
SKIP (exists): content/voca/es/a1/019/audio/audio.wav
SKIP (exists): content/voca/es/a1/019/data/data.json
UPLOAD: content/voca/es/a1/021/.DS_Store
Copying file://content/voca/es/a1/021/.DS_Store [Content-Type=application/octet-stream]...
/ [0 files][    0.0 B/  6.0 KiB]                                                / [1 files][  6.0 KiB/  6.0 KiB]                                                
Operation completed over 1 objects/6.0 KiB.                                      
UPLOAD: content/voca/es/a1/021/audio/voca_a1_021.cues.json
Copying file://content/voca/es/a1/021/audio/voca_a1_021.cues.json [Content-Type=application/json]...
/ [0 files][    0.0 B/  338.0 B]                                                / [1 files][  338.0 B/  338.0 B]                                                
Operation completed over 1 objects/338.0 B.                                      
SKIP (exists): content/voca/es/a1/021/audio/audio.wav
SKIP (exists): content/voca/es/a1/021/data/data.json
UPLOAD: content/voca/es/a1/003/.DS_Store
Copying file://content/voca/es/a1/003/.DS_Store [Content-Type=application/octet-stream]...
/ [0 files][    0.0 B/  6.0 KiB]                                                / [1 files][  6.0 KiB/  6.0 KiB]                                                
Operation completed over 1 objects/6.0 KiB.                                      
UPLOAD: content/voca/es/a1/003/audio/voca_a1_003.cues.json
Copying file://content/voca/es/a1/003/audio/voca_a1_003.cues.json [Content-Type=application/json]...
/ [0 files][    0.0 B/  338.0 B]                                                / [1 files][  338.0 B/  338.0 B]                                                
Operation completed over 1 objects/338.0 B.                                      
SKIP (exists): content/voca/es/a1/003/audio/audio.wav
SKIP (exists): content/voca/es/a1/003/data/data.json
UPLOAD: content/voca/es/a1/004/.DS_Store
Copying file://content/voca/es/a1/004/.DS_Store [Content-Type=application/octet-stream]...
/ [0 files][    0.0 B/  6.0 KiB]                                                / [1 files][  6.0 KiB/  6.0 KiB]                                                
Operation completed over 1 objects/6.0 KiB.                                      
UPLOAD: content/voca/es/a1/004/audio/voca_a1_004.cues.json
Copying file://content/voca/es/a1/004/audio/voca_a1_004.cues.json [Content-Type=application/json]...
/ [0 files][    0.0 B/  338.0 B]                                                / [1 files][  338.0 B/  338.0 B]                                                
Operation completed over 1 objects/338.0 B.                                      
SKIP (exists): content/voca/es/a1/004/audio/audio.wav
SKIP (exists): content/voca/es/a1/004/data/data.json
SKIP (exists): content/voca/es/a1/032/.DS_Store
UPLOAD: content/voca/es/a1/032/audio/voca_a1_032.cues.json
Copying file://content/voca/es/a1/032/audio/voca_a1_032.cues.json [Content-Type=application/json]...
/ [0 files][    0.0 B/  338.0 B]                                                / [1 files][  338.0 B/  338.0 B]                                                
Operation completed over 1 objects/338.0 B.                                      
SKIP (exists): content/voca/es/a1/032/audio/audio.wav
SKIP (exists): content/voca/es/a1/032/data/data.json
UPLOAD: content/voca/es/a1/035/.DS_Store
Copying file://content/voca/es/a1/035/.DS_Store [Content-Type=application/octet-stream]...
/ [0 files][    0.0 B/  6.0 KiB]                                                / [1 files][  6.0 KiB/  6.0 KiB]                                                
Operation completed over 1 objects/6.0 KiB.                                      
UPLOAD: content/voca/es/a1/035/audio/voca_a1_035.cues.json
Copying file://content/voca/es/a1/035/audio/voca_a1_035.cues.json [Content-Type=application/json]...
/ [0 files][    0.0 B/  338.0 B]                                                / [1 files][  338.0 B/  338.0 B]                                                
Operation completed over 1 objects/338.0 B.                                      
SKIP (exists): content/voca/es/a1/035/audio/audio.wav
SKIP (exists): content/voca/es/a1/035/data/data.json
UPLOAD: content/voca/es/a1/034/.DS_Store
Copying file://content/voca/es/a1/034/.DS_Store [Content-Type=application/octet-stream]...
/ [0 files][    0.0 B/  6.0 KiB]                                                / [1 files][  6.0 KiB/  6.0 KiB]                                                
Operation completed over 1 objects/6.0 KiB.                                      
UPLOAD: content/voca/es/a1/034/audio/voca_a1_034.cues.json
Copying file://content/voca/es/a1/034/audio/voca_a1_034.cues.json [Content-Type=application/json]...
/ [0 files][    0.0 B/  338.0 B]                                                / [1 files][  338.0 B/  338.0 B]                                                
Operation completed over 1 objects/338.0 B.                                      
SKIP (exists): content/voca/es/a1/034/audio/audio.wav
SKIP (exists): content/voca/es/a1/034/data/data.json
SKIP (exists): content/voca/es/a1/033/.DS_Store
SKIP (exists): content/voca/es/a1/033/audio/audio.wav
UPLOAD: content/voca/es/a1/033/audio/voca_a1_033.cues.json
Copying file://content/voca/es/a1/033/audio/voca_a1_033.cues.json [Content-Type=application/json]...
/ [0 files][    0.0 B/  338.0 B]                                                / [1 files][  338.0 B/  338.0 B]                                                
Operation completed over 1 objects/338.0 B.                                      
SKIP (exists): content/voca/es/a1/033/data/data.json
UPLOAD: content/voca/es/a1/005/.DS_Store
Copying file://content/voca/es/a1/005/.DS_Store [Content-Type=application/octet-stream]...
/ [0 files][    0.0 B/  6.0 KiB]                                                / [1 files][  6.0 KiB/  6.0 KiB]                                                
Operation completed over 1 objects/6.0 KiB.                                      
UPLOAD: content/voca/es/a1/005/audio/voca_a1_005.cues.json
Copying file://content/voca/es/a1/005/audio/voca_a1_005.cues.json [Content-Type=application/json]...
/ [0 files][    0.0 B/  338.0 B]                                                / [1 files][  338.0 B/  338.0 B]                                                
Operation completed over 1 objects/338.0 B.                                      
SKIP (exists): content/voca/es/a1/005/audio/audio.wav
SKIP (exists): content/voca/es/a1/005/data/data.json
UPLOAD: content/voca/es/a1/002/.DS_Store
Copying file://content/voca/es/a1/002/.DS_Store [Content-Type=application/octet-stream]...
/ [0 files][    0.0 B/  6.0 KiB]                                                / [1 files][  6.0 KiB/  6.0 KiB]                                                
Operation completed over 1 objects/6.0 KiB.                                      
UPLOAD: content/voca/es/a1/002/audio/voca_a1_002.cues.json
Copying file://content/voca/es/a1/002/audio/voca_a1_002.cues.json [Content-Type=application/json]...
/ [0 files][    0.0 B/  338.0 B]                                                / [1 files][  338.0 B/  338.0 B]                                                
Operation completed over 1 objects/338.0 B.                                      
SKIP (exists): content/voca/es/a1/002/audio/audio.wav
SKIP (exists): content/voca/es/a1/002/data/data.json
SKIP (exists): content/voca/es/c2/.DS_Store
UPLOAD: content/voca/es/c2/007/.DS_Store
Copying file://content/voca/es/c2/007/.DS_Store [Content-Type=application/octet-stream]...
/ [0 files][    0.0 B/  6.0 KiB]                                                / [1 files][  6.0 KiB/  6.0 KiB]                                                
Operation completed over 1 objects/6.0 KiB.                                      
UPLOAD: content/voca/es/c2/007/audio/voca_c2_007.cues.json
Copying file://content/voca/es/c2/007/audio/voca_c2_007.cues.json [Content-Type=application/json]...
/ [0 files][    0.0 B/  338.0 B]                                                / [1 files][  338.0 B/  338.0 B]                                                
Operation completed over 1 objects/338.0 B.                                      
SKIP (exists): content/voca/es/c2/007/audio/audio.wav
SKIP (exists): content/voca/es/c2/007/data/data.json
UPLOAD: content/voca/es/c2/009/.DS_Store
Copying file://content/voca/es/c2/009/.DS_Store [Content-Type=application/octet-stream]...
/ [0 files][    0.0 B/  6.0 KiB]                                                / [1 files][  6.0 KiB/  6.0 KiB]                                                
Operation completed over 1 objects/6.0 KiB.                                      
UPLOAD: content/voca/es/c2/009/audio/voca_c2_009.cues.json
Copying file://content/voca/es/c2/009/audio/voca_c2_009.cues.json [Content-Type=application/json]...
/ [0 files][    0.0 B/  338.0 B]                                                / [1 files][  338.0 B/  338.0 B]                                                
Operation completed over 1 objects/338.0 B.                                      
SKIP (exists): content/voca/es/c2/009/audio/audio.wav
SKIP (exists): content/voca/es/c2/009/data/data.json
UPLOAD: content/voca/es/c2/008/.DS_Store
Copying file://content/voca/es/c2/008/.DS_Store [Content-Type=application/octet-stream]...
/ [0 files][    0.0 B/  6.0 KiB]                                                / [1 files][  6.0 KiB/  6.0 KiB]                                                
Operation completed over 1 objects/6.0 KiB.                                      
SKIP (exists): content/voca/es/c2/008/audio/voca_c2_008.cues.json
SKIP (exists): content/voca/es/c2/008/audio/audio.wav
SKIP (exists): content/voca/es/c2/008/data/data.json
UPLOAD: content/voca/es/c2/001/.DS_Store
Copying file://content/voca/es/c2/001/.DS_Store [Content-Type=application/octet-stream]...
/ [0 files][    0.0 B/  6.0 KiB]                                                / [1 files][  6.0 KiB/  6.0 KiB]                                                
Operation completed over 1 objects/6.0 KiB.                                      
UPLOAD: content/voca/es/c2/001/audio/voca_c2_001.cues.json
Copying file://content/voca/es/c2/001/audio/voca_c2_001.cues.json [Content-Type=application/json]...
/ [0 files][    0.0 B/  338.0 B]                                                / [1 files][  338.0 B/  338.0 B]                                                
Operation completed over 1 objects/338.0 B.                                      
SKIP (exists): content/voca/es/c2/001/audio/audio.wav
SKIP (exists): content/voca/es/c2/001/data/data.json
UPLOAD: content/voca/es/c2/006/.DS_Store
Copying file://content/voca/es/c2/006/.DS_Store [Content-Type=application/octet-stream]...
/ [0 files][    0.0 B/  6.0 KiB]                                                / [1 files][  6.0 KiB/  6.0 KiB]                                                
Operation completed over 1 objects/6.0 KiB.                                      
UPLOAD: content/voca/es/c2/006/audio/voca_c2_006.cues.json
Copying file://content/voca/es/c2/006/audio/voca_c2_006.cues.json [Content-Type=application/json]...
/ [0 files][    0.0 B/  338.0 B]                                                / [1 files][  338.0 B/  338.0 B]                                                
Operation completed over 1 objects/338.0 B.                                      
SKIP (exists): content/voca/es/c2/006/audio/audio.wav
SKIP (exists): content/voca/es/c2/006/data/data.json
UPLOAD: content/voca/es/c2/010/.DS_Store
Copying file://content/voca/es/c2/010/.DS_Store [Content-Type=application/octet-stream]...
/ [0 files][    0.0 B/  6.0 KiB]                                                / [1 files][  6.0 KiB/  6.0 KiB]                                                
Operation completed over 1 objects/6.0 KiB.                                      
SKIP (exists): content/voca/es/c2/010/audio/voca_c2_010.cues.json
SKIP (exists): content/voca/es/c2/010/audio/audio.wav
SKIP (exists): content/voca/es/c2/010/data/data.json
UPLOAD: content/voca/es/c2/003/.DS_Store
Copying file://content/voca/es/c2/003/.DS_Store [Content-Type=application/octet-stream]...
/ [0 files][    0.0 B/  6.0 KiB]                                                / [1 files][  6.0 KiB/  6.0 KiB]                                                
Operation completed over 1 objects/6.0 KiB.                                      
UPLOAD: content/voca/es/c2/003/audio/voca_c2_003.cues.json
Copying file://content/voca/es/c2/003/audio/voca_c2_003.cues.json [Content-Type=application/json]...
/ [0 files][    0.0 B/  338.0 B]                                                / [1 files][  338.0 B/  338.0 B]                                                
Operation completed over 1 objects/338.0 B.                                      
SKIP (exists): content/voca/es/c2/003/audio/audio.wav
SKIP (exists): content/voca/es/c2/003/data/data.json
UPLOAD: content/voca/es/c2/004/.DS_Store
Copying file://content/voca/es/c2/004/.DS_Store [Content-Type=application/octet-stream]...
/ [0 files][    0.0 B/  6.0 KiB]                                                / [1 files][  6.0 KiB/  6.0 KiB]                                                
Operation completed over 1 objects/6.0 KiB.                                      
UPLOAD: content/voca/es/c2/004/audio/voca_c2_004.cues.json
Copying file://content/voca/es/c2/004/audio/voca_c2_004.cues.json [Content-Type=application/json]...
/ [0 files][    0.0 B/  338.0 B]                                                / [1 files][  338.0 B/  338.0 B]                                                
Operation completed over 1 objects/338.0 B.                                      
SKIP (exists): content/voca/es/c2/004/audio/audio.wav
SKIP (exists): content/voca/es/c2/004/data/data.json
UPLOAD: content/voca/es/c2/005/.DS_Store
Copying file://content/voca/es/c2/005/.DS_Store [Content-Type=application/octet-stream]...
/ [0 files][    0.0 B/  6.0 KiB]                                                / [1 files][  6.0 KiB/  6.0 KiB]                                                -
Operation completed over 1 objects/6.0 KiB.                                      
SKIP (exists): content/voca/es/c2/005/audio/voca_c2_005.cues.json
SKIP (exists): content/voca/es/c2/005/audio/audio.wav
SKIP (exists): content/voca/es/c2/005/data/data.json
UPLOAD: content/voca/es/c2/002/.DS_Store
Copying file://content/voca/es/c2/002/.DS_Store [Content-Type=application/octet-stream]...
/ [0 files][    0.0 B/  6.0 KiB]                                                / [1 files][  6.0 KiB/  6.0 KiB]                                                
Operation completed over 1 objects/6.0 KiB.                                      
UPLOAD: content/voca/es/c2/002/audio/voca_c2_002.cues.json
Copying file://content/voca/es/c2/002/audio/voca_c2_002.cues.json [Content-Type=application/json]...
/ [0 files][    0.0 B/  338.0 B]                                                / [1 files][  338.0 B/  338.0 B]                                                
Operation completed over 1 objects/338.0 B.                                      
SKIP (exists): content/voca/es/c2/002/audio/audio.wav
SKIP (exists): content/voca/es/c2/002/data/data.json
SKIP (exists): content/voca/en/.DS_Store
UPLOAD: content/voca/en/b2/024/.DS_Store
Copying file://content/voca/en/b2/024/.DS_Store [Content-Type=application/octet-stream]...
/ [0 files][    0.0 B/  6.0 KiB]                                                / [1 files][  6.0 KiB/  6.0 KiB]                                                
Operation completed over 1 objects/6.0 KiB.                                      
SKIP (exists): content/voca/en/b2/024/audio/voca_b2_024.cues.json
SKIP (exists): content/voca/en/b2/024/audio/audio.wav
SKIP (exists): content/voca/en/b2/024/data/data.json
UPLOAD: content/voca/en/b2/023/.DS_Store
Copying file://content/voca/en/b2/023/.DS_Store [Content-Type=application/octet-stream]...
/ [0 files][    0.0 B/  6.0 KiB]                                                / [1 files][  6.0 KiB/  6.0 KiB]                                                
Operation completed over 1 objects/6.0 KiB.                                      
UPLOAD: content/voca/en/b2/023/audio/voca_b2_023.cues.json
Copying file://content/voca/en/b2/023/audio/voca_b2_023.cues.json [Content-Type=application/json]...
/ [0 files][    0.0 B/  338.0 B]                                                / [1 files][  338.0 B/  338.0 B]                                                
Operation completed over 1 objects/338.0 B.                                      
SKIP (exists): content/voca/en/b2/023/audio/audio.wav
SKIP (exists): content/voca/en/b2/023/data/data.json
UPLOAD: content/voca/en/b2/015/.DS_Store
Copying file://content/voca/en/b2/015/.DS_Store [Content-Type=application/octet-stream]...
/ [0 files][    0.0 B/  6.0 KiB]                                                / [1 files][  6.0 KiB/  6.0 KiB]                                                
Operation completed over 1 objects/6.0 KiB.                                      
SKIP (exists): content/voca/en/b2/015/audio/audio.wav
UPLOAD: content/voca/en/b2/015/audio/voca_b2_015.cues.json
Copying file://content/voca/en/b2/015/audio/voca_b2_015.cues.json [Content-Type=application/json]...
/ [0 files][    0.0 B/  338.0 B]                                                / [1 files][  338.0 B/  338.0 B]                                                
Operation completed over 1 objects/338.0 B.                                      
SKIP (exists): content/voca/en/b2/015/data/data.json
UPLOAD: content/voca/en/b2/.DS_Store
Copying file://content/voca/en/b2/.DS_Store [Content-Type=application/octet-stream]...
/ [0 files][    0.0 B/ 14.0 KiB]                                                / [1 files][ 14.0 KiB/ 14.0 KiB]                                                
Operation completed over 1 objects/14.0 KiB.                                     
UPLOAD: content/voca/en/b2/012/.DS_Store
Copying file://content/voca/en/b2/012/.DS_Store [Content-Type=application/octet-stream]...
/ [0 files][    0.0 B/  6.0 KiB]                                                / [1 files][  6.0 KiB/  6.0 KiB]                                                
Operation completed over 1 objects/6.0 KiB.                                      
SKIP (exists): content/voca/en/b2/012/audio/voca_b2_012.cues.json
SKIP (exists): content/voca/en/b2/012/audio/audio.wav
SKIP (exists): content/voca/en/b2/012/data/data.json
UPLOAD: content/voca/en/b2/013/.DS_Store
Copying file://content/voca/en/b2/013/.DS_Store [Content-Type=application/octet-stream]...
/ [0 files][    0.0 B/  6.0 KiB]                                                / [1 files][  6.0 KiB/  6.0 KiB]                                                
Operation completed over 1 objects/6.0 KiB.                                      
UPLOAD: content/voca/en/b2/013/audio/voca_b2_013.cues.json
Copying file://content/voca/en/b2/013/audio/voca_b2_013.cues.json [Content-Type=application/json]...
/ [0 files][    0.0 B/  338.0 B]                                                / [1 files][  338.0 B/  338.0 B]                                                
Operation completed over 1 objects/338.0 B.                                      
SKIP (exists): content/voca/en/b2/013/audio/audio.wav
SKIP (exists): content/voca/en/b2/013/data/data.json
UPLOAD: content/voca/en/b2/014/.DS_Store
Copying file://content/voca/en/b2/014/.DS_Store [Content-Type=application/octet-stream]...
/ [0 files][    0.0 B/  6.0 KiB]                                                / [1 files][  6.0 KiB/  6.0 KiB]                                                
Operation completed over 1 objects/6.0 KiB.                                      
UPLOAD: content/voca/en/b2/014/audio/voca_b2_014.cues.json
Copying file://content/voca/en/b2/014/audio/voca_b2_014.cues.json [Content-Type=application/json]...
/ [0 files][    0.0 B/  338.0 B]                                                / [1 files][  338.0 B/  338.0 B]                                                
Operation completed over 1 objects/338.0 B.                                      
SKIP (exists): content/voca/en/b2/014/audio/audio.wav
SKIP (exists): content/voca/en/b2/014/data/data.json
UPLOAD: content/voca/en/b2/022/.DS_Store
Copying file://content/voca/en/b2/022/.DS_Store [Content-Type=application/octet-stream]...
/ [0 files][    0.0 B/  6.0 KiB]                                                / [1 files][  6.0 KiB/  6.0 KiB]                                                
Operation completed over 1 objects/6.0 KiB.                                      
SKIP (exists): content/voca/en/b2/022/audio/voca_b2_022.cues.json
SKIP (exists): content/voca/en/b2/022/audio/audio.wav
SKIP (exists): content/voca/en/b2/022/data/data.json
UPLOAD: content/voca/en/b2/025/.DS_Store
Copying file://content/voca/en/b2/025/.DS_Store [Content-Type=application/octet-stream]...
/ [0 files][    0.0 B/  6.0 KiB]                                                / [1 files][  6.0 KiB/  6.0 KiB]                                                
Operation completed over 1 objects/6.0 KiB.                                      
UPLOAD: content/voca/en/b2/025/audio/voca_b2_025.cues.json
Copying file://content/voca/en/b2/025/audio/voca_b2_025.cues.json [Content-Type=application/json]...
/ [0 files][    0.0 B/  338.0 B]                                                / [1 files][  338.0 B/  338.0 B]                                                
Operation completed over 1 objects/338.0 B.                                      
SKIP (exists): content/voca/en/b2/025/audio/audio.wav
SKIP (exists): content/voca/en/b2/025/data/data.json
UPLOAD: content/voca/en/b2/040/.DS_Store
Copying file://content/voca/en/b2/040/.DS_Store [Content-Type=application/octet-stream]...
/ [0 files][    0.0 B/  6.0 KiB]                                                / [1 files][  6.0 KiB/  6.0 KiB]                                                
Operation completed over 1 objects/6.0 KiB.                                      
UPLOAD: content/voca/en/b2/040/audio/voca_b2_040.cues.json
Copying file://content/voca/en/b2/040/audio/voca_b2_040.cues.json [Content-Type=application/json]...
/ [0 files][    0.0 B/  338.0 B]                                                / [1 files][  338.0 B/  338.0 B]                                                
Operation completed over 1 objects/338.0 B.                                      
SKIP (exists): content/voca/en/b2/040/audio/audio.wav
SKIP (exists): content/voca/en/b2/040/data/data.json
SKIP (exists): content/voca/en/b2/038/.DS_Store
UPLOAD: content/voca/en/b2/038/audio/voca_b2_038.cues.json
Copying file://content/voca/en/b2/038/audio/voca_b2_038.cues.json [Content-Type=application/json]...
/ [0 files][    0.0 B/  338.0 B]                                                / [1 files][  338.0 B/  338.0 B]                                                
Operation completed over 1 objects/338.0 B.                                      
SKIP (exists): content/voca/en/b2/038/audio/audio.wav
SKIP (exists): content/voca/en/b2/038/data/data.json
UPLOAD: content/voca/en/b2/007/.DS_Store
Copying file://content/voca/en/b2/007/.DS_Store [Content-Type=application/octet-stream]...
/ [0 files][    0.0 B/  6.0 KiB]                                                / [1 files][  6.0 KiB/  6.0 KiB]                                                
Operation completed over 1 objects/6.0 KiB.                                      
UPLOAD: content/voca/en/b2/007/audio/voca_b2_007.cues.json
Copying file://content/voca/en/b2/007/audio/voca_b2_007.cues.json [Content-Type=application/json]...
/ [0 files][    0.0 B/  338.0 B]                                                / [1 files][  338.0 B/  338.0 B]                                                
Operation completed over 1 objects/338.0 B.                                      
SKIP (exists): content/voca/en/b2/007/audio/audio.wav
SKIP (exists): content/voca/en/b2/007/data/data.json
UPLOAD: content/voca/en/b2/009/.DS_Store
Copying file://content/voca/en/b2/009/.DS_Store [Content-Type=application/octet-stream]...
/ [0 files][    0.0 B/  6.0 KiB]                                                / [1 files][  6.0 KiB/  6.0 KiB]                                                
Operation completed over 1 objects/6.0 KiB.                                      
SKIP (exists): content/voca/en/b2/009/audio/voca_b2_009.cues.json
SKIP (exists): content/voca/en/b2/009/audio/audio.wav
SKIP (exists): content/voca/en/b2/009/data/data.json
UPLOAD: content/voca/en/b2/036/.DS_Store
Copying file://content/voca/en/b2/036/.DS_Store [Content-Type=application/octet-stream]...
/ [0 files][    0.0 B/  6.0 KiB]                                                / [1 files][  6.0 KiB/  6.0 KiB]                                                -
Operation completed over 1 objects/6.0 KiB.                                      
UPLOAD: content/voca/en/b2/036/audio/voca_b2_036.cues.json
Copying file://content/voca/en/b2/036/audio/voca_b2_036.cues.json [Content-Type=application/json]...
/ [0 files][    0.0 B/  338.0 B]                                                / [1 files][  338.0 B/  338.0 B]                                                
Operation completed over 1 objects/338.0 B.                                      
SKIP (exists): content/voca/en/b2/036/audio/audio.wav
SKIP (exists): content/voca/en/b2/036/data/data.json
UPLOAD: content/voca/en/b2/031/.DS_Store
Copying file://content/voca/en/b2/031/.DS_Store [Content-Type=application/octet-stream]...
/ [0 files][    0.0 B/  6.0 KiB]                                                / [1 files][  6.0 KiB/  6.0 KiB]                                                
Operation completed over 1 objects/6.0 KiB.                                      
UPLOAD: content/voca/en/b2/031/audio/voca_b2_031.cues.json
Copying file://content/voca/en/b2/031/audio/voca_b2_031.cues.json [Content-Type=application/json]...
/ [0 files][    0.0 B/  338.0 B]                                                / [1 files][  338.0 B/  338.0 B]                                                
Operation completed over 1 objects/338.0 B.                                      
SKIP (exists): content/voca/en/b2/031/audio/audio.wav
SKIP (exists): content/voca/en/b2/031/data/data.json
UPLOAD: content/voca/en/b2/030/.DS_Store
Copying file://content/voca/en/b2/030/.DS_Store [Content-Type=application/octet-stream]...
/ [0 files][    0.0 B/  6.0 KiB]                                                / [1 files][  6.0 KiB/  6.0 KiB]                                                
Operation completed over 1 objects/6.0 KiB.                                      
UPLOAD: content/voca/en/b2/030/audio/voca_b2_030.cues.json
Copying file://content/voca/en/b2/030/audio/voca_b2_030.cues.json [Content-Type=application/json]...
/ [0 files][    0.0 B/  338.0 B]                                                / [1 files][  338.0 B/  338.0 B]                                                -
Operation completed over 1 objects/338.0 B.                                      
SKIP (exists): content/voca/en/b2/030/audio/audio.wav
SKIP (exists): content/voca/en/b2/030/data/data.json
SKIP (exists): content/voca/en/b2/008/.DS_Store
UPLOAD: content/voca/en/b2/008/audio/voca_b2_008.cues.json
Copying file://content/voca/en/b2/008/audio/voca_b2_008.cues.json [Content-Type=application/json]...
/ [0 files][    0.0 B/  338.0 B]                                                / [1 files][  338.0 B/  338.0 B]                                                
Operation completed over 1 objects/338.0 B.                                      
SKIP (exists): content/voca/en/b2/008/audio/audio.wav
SKIP (exists): content/voca/en/b2/008/data/data.json
UPLOAD: content/voca/en/b2/037/.DS_Store
Copying file://content/voca/en/b2/037/.DS_Store [Content-Type=application/octet-stream]...
/ [0 files][    0.0 B/  6.0 KiB]                                                / [1 files][  6.0 KiB/  6.0 KiB]                                                -
Operation completed over 1 objects/6.0 KiB.                                      
UPLOAD: content/voca/en/b2/037/audio/voca_b2_037.cues.json
Copying file://content/voca/en/b2/037/audio/voca_b2_037.cues.json [Content-Type=application/json]...
/ [0 files][    0.0 B/  338.0 B]                                                / [1 files][  338.0 B/  338.0 B]                                                
Operation completed over 1 objects/338.0 B.                                      
SKIP (exists): content/voca/en/b2/037/audio/audio.wav
SKIP (exists): content/voca/en/b2/037/data/data.json
UPLOAD: content/voca/en/b2/001/.DS_Store
Copying file://content/voca/en/b2/001/.DS_Store [Content-Type=application/octet-stream]...
/ [0 files][    0.0 B/  6.0 KiB]                                                / [1 files][  6.0 KiB/  6.0 KiB]                                                
Operation completed over 1 objects/6.0 KiB.                                      
SKIP (exists): content/voca/en/b2/001/audio/audio.wav
UPLOAD: content/voca/en/b2/001/audio/voca_b2_001.cues.json
Copying file://content/voca/en/b2/001/audio/voca_b2_001.cues.json [Content-Type=application/json]...
/ [0 files][    0.0 B/  338.0 B]                                                / [1 files][  338.0 B/  338.0 B]                                                
Operation completed over 1 objects/338.0 B.                                      
SKIP (exists): content/voca/en/b2/001/data/data.json
UPLOAD: content/voca/en/b2/039/.DS_Store
Copying file://content/voca/en/b2/039/.DS_Store [Content-Type=application/octet-stream]...
/ [0 files][    0.0 B/  6.0 KiB]                                                / [1 files][  6.0 KiB/  6.0 KiB]                                                -
Operation completed over 1 objects/6.0 KiB.                                      
SKIP (exists): content/voca/en/b2/039/audio/audio.wav
UPLOAD: content/voca/en/b2/039/audio/voca_b2_039.cues.json
Copying file://content/voca/en/b2/039/audio/voca_b2_039.cues.json [Content-Type=application/json]...
/ [0 files][    0.0 B/  338.0 B]                                                / [1 files][  338.0 B/  338.0 B]                                                -
Operation completed over 1 objects/338.0 B.                                      
SKIP (exists): content/voca/en/b2/039/data/data.json
SKIP (exists): content/voca/en/b2/006/.DS_Store
UPLOAD: content/voca/en/b2/006/audio/voca_b2_006.cues.json
Copying file://content/voca/en/b2/006/audio/voca_b2_006.cues.json [Content-Type=application/json]...
/ [0 files][    0.0 B/  338.0 B]                                                / [1 files][  338.0 B/  338.0 B]                                                
Operation completed over 1 objects/338.0 B.                                      
SKIP (exists): content/voca/en/b2/006/audio/audio.wav
SKIP (exists): content/voca/en/b2/006/data/data.json
UPLOAD: content/voca/en/b2/020/.DS_Store
Copying file://content/voca/en/b2/020/.DS_Store [Content-Type=application/octet-stream]...
/ [0 files][    0.0 B/  6.0 KiB]                                                / [1 files][  6.0 KiB/  6.0 KiB]                                                
Operation completed over 1 objects/6.0 KiB.                                      
SKIP (exists): content/voca/en/b2/020/audio/audio.wav
UPLOAD: content/voca/en/b2/020/audio/voca_b2_020.cues.json
Copying file://content/voca/en/b2/020/audio/voca_b2_020.cues.json [Content-Type=application/json]...
/ [0 files][    0.0 B/  338.0 B]                                                / [1 files][  338.0 B/  338.0 B]                                                
Operation completed over 1 objects/338.0 B.                                      
SKIP (exists): content/voca/en/b2/020/data/data.json
UPLOAD: content/voca/en/b2/027/.DS_Store
Copying file://content/voca/en/b2/027/.DS_Store [Content-Type=application/octet-stream]...
/ [0 files][    0.0 B/  6.0 KiB]                                                / [1 files][  6.0 KiB/  6.0 KiB]                                                
Operation completed over 1 objects/6.0 KiB.                                      
UPLOAD: content/voca/en/b2/027/audio/voca_b2_027.cues.json
Copying file://content/voca/en/b2/027/audio/voca_b2_027.cues.json [Content-Type=application/json]...
/ [0 files][    0.0 B/  338.0 B]                                                / [1 files][  338.0 B/  338.0 B]                                                
Operation completed over 1 objects/338.0 B.                                      
SKIP (exists): content/voca/en/b2/027/audio/audio.wav
SKIP (exists): content/voca/en/b2/027/data/data.json
UPLOAD: content/voca/en/b2/018/.DS_Store
Copying file://content/voca/en/b2/018/.DS_Store [Content-Type=application/octet-stream]...
/ [0 files][    0.0 B/  6.0 KiB]                                                / [1 files][  6.0 KiB/  6.0 KiB]                                                -
Operation completed over 1 objects/6.0 KiB.                                      
UPLOAD: content/voca/en/b2/018/audio/voca_b2_018.cues.json
Copying file://content/voca/en/b2/018/audio/voca_b2_018.cues.json [Content-Type=application/json]...
/ [0 files][    0.0 B/  338.0 B]                                                / [1 files][  338.0 B/  338.0 B]                                                
Operation completed over 1 objects/338.0 B.                                      
SKIP (exists): content/voca/en/b2/018/audio/audio.wav
SKIP (exists): content/voca/en/b2/018/data/data.json
UPLOAD: content/voca/en/b2/011/.DS_Store
Copying file://content/voca/en/b2/011/.DS_Store [Content-Type=application/octet-stream]...
/ [0 files][    0.0 B/  6.0 KiB]                                                / [1 files][  6.0 KiB/  6.0 KiB]                                                
Operation completed over 1 objects/6.0 KiB.                                      
UPLOAD: content/voca/en/b2/011/audio/voca_b2_011.cues.json
Copying file://content/voca/en/b2/011/audio/voca_b2_011.cues.json [Content-Type=application/json]...
/ [0 files][    0.0 B/  338.0 B]                                                / [1 files][  338.0 B/  338.0 B]                                                
Operation completed over 1 objects/338.0 B.                                      
SKIP (exists): content/voca/en/b2/011/audio/audio.wav
SKIP (exists): content/voca/en/b2/011/data/data.json
UPLOAD: content/voca/en/b2/016/.DS_Store
Copying file://content/voca/en/b2/016/.DS_Store [Content-Type=application/octet-stream]...
/ [0 files][    0.0 B/  6.0 KiB]                                                / [1 files][  6.0 KiB/  6.0 KiB]                                                
Operation completed over 1 objects/6.0 KiB.                                      
UPLOAD: content/voca/en/b2/016/audio/voca_b2_016.cues.json
Copying file://content/voca/en/b2/016/audio/voca_b2_016.cues.json [Content-Type=application/json]...
/ [0 files][    0.0 B/  338.0 B]                                                / [1 files][  338.0 B/  338.0 B]                                                
Operation completed over 1 objects/338.0 B.                                      
SKIP (exists): content/voca/en/b2/016/audio/audio.wav
SKIP (exists): content/voca/en/b2/016/data/data.json
UPLOAD: content/voca/en/b2/029/.DS_Store
Copying file://content/voca/en/b2/029/.DS_Store [Content-Type=application/octet-stream]...
/ [0 files][    0.0 B/  6.0 KiB]                                                / [1 files][  6.0 KiB/  6.0 KiB]                                                
Operation completed over 1 objects/6.0 KiB.                                      
UPLOAD: content/voca/en/b2/029/audio/voca_b2_029.cues.json
Copying file://content/voca/en/b2/029/audio/voca_b2_029.cues.json [Content-Type=application/json]...
/ [0 files][    0.0 B/  338.0 B]                                                / [1 files][  338.0 B/  338.0 B]                                                
Operation completed over 1 objects/338.0 B.                                      
SKIP (exists): content/voca/en/b2/029/audio/audio.wav
SKIP (exists): content/voca/en/b2/029/data/data.json
SKIP (exists): content/voca/en/b2/017/.DS_Store
UPLOAD: content/voca/en/b2/017/audio/voca_b2_017.cues.json
Copying file://content/voca/en/b2/017/audio/voca_b2_017.cues.json [Content-Type=application/json]...
/ [0 files][    0.0 B/  338.0 B]                                                / [1 files][  338.0 B/  338.0 B]                                                
Operation completed over 1 objects/338.0 B.                                      
SKIP (exists): content/voca/en/b2/017/audio/audio.wav
SKIP (exists): content/voca/en/b2/017/data/data.json
UPLOAD: content/voca/en/b2/028/.DS_Store
Copying file://content/voca/en/b2/028/.DS_Store [Content-Type=application/octet-stream]...
/ [0 files][    0.0 B/  6.0 KiB]                                                / [1 files][  6.0 KiB/  6.0 KiB]                                                
Operation completed over 1 objects/6.0 KiB.                                      
UPLOAD: content/voca/en/b2/028/audio/voca_b2_028.cues.json
Copying file://content/voca/en/b2/028/audio/voca_b2_028.cues.json [Content-Type=application/json]...
/ [0 files][    0.0 B/  338.0 B]                                                / [1 files][  338.0 B/  338.0 B]                                                
Operation completed over 1 objects/338.0 B.                                      
SKIP (exists): content/voca/en/b2/028/audio/audio.wav
SKIP (exists): content/voca/en/b2/028/data/data.json
SKIP (exists): content/voca/en/b2/010/.DS_Store
UPLOAD: content/voca/en/b2/010/audio/voca_b2_010.cues.json
Copying file://content/voca/en/b2/010/audio/voca_b2_010.cues.json [Content-Type=application/json]...
/ [0 files][    0.0 B/  338.0 B]                                                / [1 files][  338.0 B/  338.0 B]                                                
Operation completed over 1 objects/338.0 B.                                      
SKIP (exists): content/voca/en/b2/010/audio/audio.wav
SKIP (exists): content/voca/en/b2/010/data/data.json
UPLOAD: content/voca/en/b2/026/.DS_Store
Copying file://content/voca/en/b2/026/.DS_Store [Content-Type=application/octet-stream]...
/ [0 files][    0.0 B/  6.0 KiB]                                                / [1 files][  6.0 KiB/  6.0 KiB]                                                
Operation completed over 1 objects/6.0 KiB.                                      
UPLOAD: content/voca/en/b2/026/audio/voca_b2_026.cues.json
Copying file://content/voca/en/b2/026/audio/voca_b2_026.cues.json [Content-Type=application/json]...
/ [0 files][    0.0 B/  338.0 B]                                                / [1 files][  338.0 B/  338.0 B]                                                
Operation completed over 1 objects/338.0 B.                                      
SKIP (exists): content/voca/en/b2/026/audio/audio.wav
SKIP (exists): content/voca/en/b2/026/data/data.json
UPLOAD: content/voca/en/b2/019/.DS_Store
Copying file://content/voca/en/b2/019/.DS_Store [Content-Type=application/octet-stream]...
/ [0 files][    0.0 B/  6.0 KiB]                                                / [1 files][  6.0 KiB/  6.0 KiB]                                                
Operation completed over 1 objects/6.0 KiB.                                      
UPLOAD: content/voca/en/b2/019/audio/voca_b2_019.cues.json
Copying file://content/voca/en/b2/019/audio/voca_b2_019.cues.json [Content-Type=application/json]...
/ [0 files][    0.0 B/  338.0 B]                                                / [1 files][  338.0 B/  338.0 B]                                                
Operation completed over 1 objects/338.0 B.                                      
SKIP (exists): content/voca/en/b2/019/audio/audio.wav
SKIP (exists): content/voca/en/b2/019/data/data.json
SKIP (exists): content/voca/en/b2/021/.DS_Store
UPLOAD: content/voca/en/b2/021/audio/voca_b2_021.cues.json
Copying file://content/voca/en/b2/021/audio/voca_b2_021.cues.json [Content-Type=application/json]...
/ [0 files][    0.0 B/  338.0 B]                                                / [1 files][  338.0 B/  338.0 B]                                                
Operation completed over 1 objects/338.0 B.                                      
SKIP (exists): content/voca/en/b2/021/audio/audio.wav
SKIP (exists): content/voca/en/b2/021/data/data.json
SKIP (exists): content/voca/en/b2/003/.DS_Store
UPLOAD: content/voca/en/b2/003/audio/voca_b2_003.cues.json
Copying file://content/voca/en/b2/003/audio/voca_b2_003.cues.json [Content-Type=application/json]...
/ [0 files][    0.0 B/  338.0 B]                                                / [1 files][  338.0 B/  338.0 B]                                                
Operation completed over 1 objects/338.0 B.                                      
SKIP (exists): content/voca/en/b2/003/audio/audio.wav
SKIP (exists): content/voca/en/b2/003/data/data.json
UPLOAD: content/voca/en/b2/004/.DS_Store
Copying file://content/voca/en/b2/004/.DS_Store [Content-Type=application/octet-stream]...
/ [0 files][    0.0 B/  6.0 KiB]                                                / [1 files][  6.0 KiB/  6.0 KiB]                                                
Operation completed over 1 objects/6.0 KiB.                                      
UPLOAD: content/voca/en/b2/004/audio/voca_b2_004.cues.json
Copying file://content/voca/en/b2/004/audio/voca_b2_004.cues.json [Content-Type=application/json]...
/ [0 files][    0.0 B/  338.0 B]                                                / [1 files][  338.0 B/  338.0 B]                                                
Operation completed over 1 objects/338.0 B.                                      
SKIP (exists): content/voca/en/b2/004/audio/audio.wav
SKIP (exists): content/voca/en/b2/004/data/data.json
SKIP (exists): content/voca/en/b2/032/.DS_Store
UPLOAD: content/voca/en/b2/032/audio/voca_b2_032.cues.json
Copying file://content/voca/en/b2/032/audio/voca_b2_032.cues.json [Content-Type=application/json]...
/ [0 files][    0.0 B/  338.0 B]                                                / [1 files][  338.0 B/  338.0 B]                                                
Operation completed over 1 objects/338.0 B.                                      
SKIP (exists): content/voca/en/b2/032/audio/audio.wav
SKIP (exists): content/voca/en/b2/032/data/data.json
UPLOAD: content/voca/en/b2/035/.DS_Store
Copying file://content/voca/en/b2/035/.DS_Store [Content-Type=application/octet-stream]...
/ [0 files][    0.0 B/  6.0 KiB]                                                / [1 files][  6.0 KiB/  6.0 KiB]                                                
Operation completed over 1 objects/6.0 KiB.                                      
UPLOAD: content/voca/en/b2/035/audio/voca_b2_035.cues.json
Copying file://content/voca/en/b2/035/audio/voca_b2_035.cues.json [Content-Type=application/json]...
/ [0 files][    0.0 B/  338.0 B]                                                / [1 files][  338.0 B/  338.0 B]                                                
Operation completed over 1 objects/338.0 B.                                      
SKIP (exists): content/voca/en/b2/035/audio/audio.wav
SKIP (exists): content/voca/en/b2/035/data/data.json
UPLOAD: content/voca/en/b2/034/.DS_Store
Copying file://content/voca/en/b2/034/.DS_Store [Content-Type=application/octet-stream]...
/ [0 files][    0.0 B/  6.0 KiB]                                                / [1 files][  6.0 KiB/  6.0 KiB]                                                
Operation completed over 1 objects/6.0 KiB.                                      
SKIP (exists): content/voca/en/b2/034/audio/audio.wav
SKIP (exists): content/voca/en/b2/034/audio/voca_b2_034.cues.json
SKIP (exists): content/voca/en/b2/034/data/data.json
UPLOAD: content/voca/en/b2/033/.DS_Store
Copying file://content/voca/en/b2/033/.DS_Store [Content-Type=application/octet-stream]...
/ [0 files][    0.0 B/  6.0 KiB]                                                / [1 files][  6.0 KiB/  6.0 KiB]                                                
Operation completed over 1 objects/6.0 KiB.                                      
UPLOAD: content/voca/en/b2/033/audio/voca_b2_033.cues.json
Copying file://content/voca/en/b2/033/audio/voca_b2_033.cues.json [Content-Type=application/json]...
/ [0 files][    0.0 B/  338.0 B]                                                / [1 files][  338.0 B/  338.0 B]                                                
Operation completed over 1 objects/338.0 B.                                      
SKIP (exists): content/voca/en/b2/033/audio/audio.wav
SKIP (exists): content/voca/en/b2/033/data/data.json
SKIP (exists): content/voca/en/b2/005/.DS_Store
UPLOAD: content/voca/en/b2/005/audio/voca_b2_005.cues.json
Copying file://content/voca/en/b2/005/audio/voca_b2_005.cues.json [Content-Type=application/json]...
/ [0 files][    0.0 B/  338.0 B]                                                / [1 files][  338.0 B/  338.0 B]                                                
Operation completed over 1 objects/338.0 B.                                      
SKIP (exists): content/voca/en/b2/005/audio/audio.wav
SKIP (exists): content/voca/en/b2/005/data/data.json
UPLOAD: content/voca/en/b2/002/.DS_Store
Copying file://content/voca/en/b2/002/.DS_Store [Content-Type=application/octet-stream]...
/ [0 files][    0.0 B/  6.0 KiB]                                                / [1 files][  6.0 KiB/  6.0 KiB]                                                
Operation completed over 1 objects/6.0 KiB.                                      
UPLOAD: content/voca/en/b2/002/audio/voca_b2_002.cues.json
Copying file://content/voca/en/b2/002/audio/voca_b2_002.cues.json [Content-Type=application/json]...
/ [0 files][    0.0 B/  338.0 B]                                                / [1 files][  338.0 B/  338.0 B]                                                
Operation completed over 1 objects/338.0 B.                                      
SKIP (exists): content/voca/en/b2/002/audio/audio.wav
SKIP (exists): content/voca/en/b2/002/data/data.json
UPLOAD: content/voca/en/a2/024/.DS_Store
Copying file://content/voca/en/a2/024/.DS_Store [Content-Type=application/octet-stream]...
/ [0 files][    0.0 B/  6.0 KiB]                                                / [1 files][  6.0 KiB/  6.0 KiB]                                                
Operation completed over 1 objects/6.0 KiB.                                      
UPLOAD: content/voca/en/a2/024/audio/voca_a2_024.cues.json
Copying file://content/voca/en/a2/024/audio/voca_a2_024.cues.json [Content-Type=application/json]...
/ [0 files][    0.0 B/  338.0 B]                                                / [1 files][  338.0 B/  338.0 B]                                                
Operation completed over 1 objects/338.0 B.                                      
SKIP (exists): content/voca/en/a2/024/audio/audio.wav
SKIP (exists): content/voca/en/a2/024/data/data.json
SKIP (exists): content/voca/en/a2/023/.DS_Store
UPLOAD: content/voca/en/a2/023/audio/voca_a2_023.cues.json
Copying file://content/voca/en/a2/023/audio/voca_a2_023.cues.json [Content-Type=application/json]...
/ [0 files][    0.0 B/  338.0 B]                                                / [1 files][  338.0 B/  338.0 B]                                                
Operation completed over 1 objects/338.0 B.                                      
SKIP (exists): content/voca/en/a2/023/audio/audio.wav
SKIP (exists): content/voca/en/a2/023/data/data.json
UPLOAD: content/voca/en/a2/015/.DS_Store
Copying file://content/voca/en/a2/015/.DS_Store [Content-Type=application/octet-stream]...
/ [0 files][    0.0 B/  6.0 KiB]                                                / [1 files][  6.0 KiB/  6.0 KiB]                                                
Operation completed over 1 objects/6.0 KiB.                                      
UPLOAD: content/voca/en/a2/015/audio/voca_a2_015.cues.json
Copying file://content/voca/en/a2/015/audio/voca_a2_015.cues.json [Content-Type=application/json]...
/ [0 files][    0.0 B/  338.0 B]                                                / [1 files][  338.0 B/  338.0 B]                                                
Operation completed over 1 objects/338.0 B.                                      
SKIP (exists): content/voca/en/a2/015/audio/audio.wav
SKIP (exists): content/voca/en/a2/015/data/data.json
UPLOAD: content/voca/en/a2/.DS_Store
Copying file://content/voca/en/a2/.DS_Store [Content-Type=application/octet-stream]...
/ [0 files][    0.0 B/ 12.0 KiB]                                                / [1 files][ 12.0 KiB/ 12.0 KiB]                                                
Operation completed over 1 objects/12.0 KiB.                                     
UPLOAD: content/voca/en/a2/012/.DS_Store
Copying file://content/voca/en/a2/012/.DS_Store [Content-Type=application/octet-stream]...
/ [0 files][    0.0 B/  6.0 KiB]                                                / [1 files][  6.0 KiB/  6.0 KiB]                                                
Operation completed over 1 objects/6.0 KiB.                                      
UPLOAD: content/voca/en/a2/012/audio/voca_a2_012.cues.json
Copying file://content/voca/en/a2/012/audio/voca_a2_012.cues.json [Content-Type=application/json]...
/ [0 files][    0.0 B/  338.0 B]                                                / [1 files][  338.0 B/  338.0 B]                                                
Operation completed over 1 objects/338.0 B.                                      
SKIP (exists): content/voca/en/a2/012/audio/audio.wav
SKIP (exists): content/voca/en/a2/012/data/data.json
UPLOAD: content/voca/en/a2/013/.DS_Store
Copying file://content/voca/en/a2/013/.DS_Store [Content-Type=application/octet-stream]...
/ [0 files][    0.0 B/  6.0 KiB]                                                / [1 files][  6.0 KiB/  6.0 KiB]                                                
Operation completed over 1 objects/6.0 KiB.                                      
UPLOAD: content/voca/en/a2/013/audio/voca_a2_013.cues.json
Copying file://content/voca/en/a2/013/audio/voca_a2_013.cues.json [Content-Type=application/json]...
/ [0 files][    0.0 B/  338.0 B]                                                / [1 files][  338.0 B/  338.0 B]                                                
Operation completed over 1 objects/338.0 B.                                      
SKIP (exists): content/voca/en/a2/013/audio/audio.wav
SKIP (exists): content/voca/en/a2/013/data/data.json
UPLOAD: content/voca/en/a2/014/.DS_Store
Copying file://content/voca/en/a2/014/.DS_Store [Content-Type=application/octet-stream]...
/ [0 files][    0.0 B/  6.0 KiB]                                                / [1 files][  6.0 KiB/  6.0 KiB]                                                
Operation completed over 1 objects/6.0 KiB.                                      
SKIP (exists): content/voca/en/a2/014/audio/audio.wav
UPLOAD: content/voca/en/a2/014/audio/voca_a2_014.cues.json
Copying file://content/voca/en/a2/014/audio/voca_a2_014.cues.json [Content-Type=application/json]...
/ [0 files][    0.0 B/  338.0 B]                                                / [1 files][  338.0 B/  338.0 B]                                                
Operation completed over 1 objects/338.0 B.                                      
SKIP (exists): content/voca/en/a2/014/data/data.json
SKIP (exists): content/voca/en/a2/022/.DS_Store
UPLOAD: content/voca/en/a2/022/audio/voca_a2_022.cues.json
Copying file://content/voca/en/a2/022/audio/voca_a2_022.cues.json [Content-Type=application/json]...
/ [0 files][    0.0 B/  338.0 B]                                                / [1 files][  338.0 B/  338.0 B]                                                
Operation completed over 1 objects/338.0 B.                                      
SKIP (exists): content/voca/en/a2/022/audio/audio.wav
SKIP (exists): content/voca/en/a2/022/data/data.json
UPLOAD: content/voca/en/a2/025/.DS_Store
Copying file://content/voca/en/a2/025/.DS_Store [Content-Type=application/octet-stream]...
/ [0 files][    0.0 B/  6.0 KiB]                                                / [1 files][  6.0 KiB/  6.0 KiB]                                                
Operation completed over 1 objects/6.0 KiB.                                      
UPLOAD: content/voca/en/a2/025/audio/voca_a2_025.cues.json
Copying file://content/voca/en/a2/025/audio/voca_a2_025.cues.json [Content-Type=application/json]...
/ [0 files][    0.0 B/  338.0 B]                                                / [1 files][  338.0 B/  338.0 B]                                                
Operation completed over 1 objects/338.0 B.                                      
SKIP (exists): content/voca/en/a2/025/audio/audio.wav
SKIP (exists): content/voca/en/a2/025/data/data.json
UPLOAD: content/voca/en/a2/040/.DS_Store
Copying file://content/voca/en/a2/040/.DS_Store [Content-Type=application/octet-stream]...
/ [0 files][    0.0 B/  6.0 KiB]                                                / [1 files][  6.0 KiB/  6.0 KiB]                                                
Operation completed over 1 objects/6.0 KiB.                                      
UPLOAD: content/voca/en/a2/040/audio/voca_a2_040.cues.json
Copying file://content/voca/en/a2/040/audio/voca_a2_040.cues.json [Content-Type=application/json]...
/ [0 files][    0.0 B/  338.0 B]                                                / [1 files][  338.0 B/  338.0 B]                                                
Operation completed over 1 objects/338.0 B.                                      
SKIP (exists): content/voca/en/a2/040/audio/audio.wav
SKIP (exists): content/voca/en/a2/040/data/data.json
UPLOAD: content/voca/en/a2/038/.DS_Store
Copying file://content/voca/en/a2/038/.DS_Store [Content-Type=application/octet-stream]...
/ [0 files][    0.0 B/  6.0 KiB]                                                / [1 files][  6.0 KiB/  6.0 KiB]                                                
Operation completed over 1 objects/6.0 KiB.                                      
UPLOAD: content/voca/en/a2/038/audio/voca_a2_038.cues.json
Copying file://content/voca/en/a2/038/audio/voca_a2_038.cues.json [Content-Type=application/json]...
/ [0 files][    0.0 B/  338.0 B]                                                / [1 files][  338.0 B/  338.0 B]                                                
Operation completed over 1 objects/338.0 B.                                      
SKIP (exists): content/voca/en/a2/038/audio/audio.wav
SKIP (exists): content/voca/en/a2/038/data/data.json
SKIP (exists): content/voca/en/a2/007/.DS_Store
UPLOAD: content/voca/en/a2/007/audio/voca_a2_007.cues.json
Copying file://content/voca/en/a2/007/audio/voca_a2_007.cues.json [Content-Type=application/json]...
/ [0 files][    0.0 B/  338.0 B]                                                / [1 files][  338.0 B/  338.0 B]                                                
Operation completed over 1 objects/338.0 B.                                      
SKIP (exists): content/voca/en/a2/007/audio/audio.wav
SKIP (exists): content/voca/en/a2/007/data/data.json
UPLOAD: content/voca/en/a2/009/.DS_Store
Copying file://content/voca/en/a2/009/.DS_Store [Content-Type=application/octet-stream]...
/ [0 files][    0.0 B/  6.0 KiB]                                                / [1 files][  6.0 KiB/  6.0 KiB]                                                
Operation completed over 1 objects/6.0 KiB.                                      
UPLOAD: content/voca/en/a2/009/audio/voca_a2_009.cues.json
Copying file://content/voca/en/a2/009/audio/voca_a2_009.cues.json [Content-Type=application/json]...
/ [0 files][    0.0 B/  338.0 B]                                                / [1 files][  338.0 B/  338.0 B]                                                
Operation completed over 1 objects/338.0 B.                                      
SKIP (exists): content/voca/en/a2/009/audio/audio.wav
SKIP (exists): content/voca/en/a2/009/data/data.json
UPLOAD: content/voca/en/a2/036/.DS_Store
Copying file://content/voca/en/a2/036/.DS_Store [Content-Type=application/octet-stream]...
/ [0 files][    0.0 B/  6.0 KiB]                                                / [1 files][  6.0 KiB/  6.0 KiB]                                                
Operation completed over 1 objects/6.0 KiB.                                      
UPLOAD: content/voca/en/a2/036/audio/voca_a2_036.cues.json
Copying file://content/voca/en/a2/036/audio/voca_a2_036.cues.json [Content-Type=application/json]...
/ [0 files][    0.0 B/  338.0 B]                                                / [1 files][  338.0 B/  338.0 B]                                                
Operation completed over 1 objects/338.0 B.                                      
SKIP (exists): content/voca/en/a2/036/audio/audio.wav
SKIP (exists): content/voca/en/a2/036/data/data.json
UPLOAD: content/voca/en/a2/031/.DS_Store
Copying file://content/voca/en/a2/031/.DS_Store [Content-Type=application/octet-stream]...
/ [0 files][    0.0 B/  6.0 KiB]                                                / [1 files][  6.0 KiB/  6.0 KiB]                                                
Operation completed over 1 objects/6.0 KiB.                                      
UPLOAD: content/voca/en/a2/031/audio/voca_a2_031.cues.json
Copying file://content/voca/en/a2/031/audio/voca_a2_031.cues.json [Content-Type=application/json]...
/ [0 files][    0.0 B/  338.0 B]                                                / [1 files][  338.0 B/  338.0 B]                                                
Operation completed over 1 objects/338.0 B.                                      
SKIP (exists): content/voca/en/a2/031/audio/audio.wav
SKIP (exists): content/voca/en/a2/031/data/data.json
SKIP (exists): content/voca/en/a2/030/.DS_Store
UPLOAD: content/voca/en/a2/030/audio/voca_a2_030.cues.json
Copying file://content/voca/en/a2/030/audio/voca_a2_030.cues.json [Content-Type=application/json]...
/ [0 files][    0.0 B/  338.0 B]                                                / [1 files][  338.0 B/  338.0 B]                                                
Operation completed over 1 objects/338.0 B.                                      
SKIP (exists): content/voca/en/a2/030/audio/audio.wav
SKIP (exists): content/voca/en/a2/030/data/data.json
UPLOAD: content/voca/en/a2/008/.DS_Store
Copying file://content/voca/en/a2/008/.DS_Store [Content-Type=application/octet-stream]...
/ [0 files][    0.0 B/  6.0 KiB]                                                / [1 files][  6.0 KiB/  6.0 KiB]                                                
Operation completed over 1 objects/6.0 KiB.                                      
UPLOAD: content/voca/en/a2/008/audio/voca_a2_008.cues.json
Copying file://content/voca/en/a2/008/audio/voca_a2_008.cues.json [Content-Type=application/json]...
/ [0 files][    0.0 B/  338.0 B]                                                / [1 files][  338.0 B/  338.0 B]                                                
Operation completed over 1 objects/338.0 B.                                      
SKIP (exists): content/voca/en/a2/008/audio/audio.wav
SKIP (exists): content/voca/en/a2/008/data/data.json
UPLOAD: content/voca/en/a2/037/.DS_Store
Copying file://content/voca/en/a2/037/.DS_Store [Content-Type=application/octet-stream]...
/ [0 files][    0.0 B/  6.0 KiB]                                                / [1 files][  6.0 KiB/  6.0 KiB]                                                
Operation completed over 1 objects/6.0 KiB.                                      
UPLOAD: content/voca/en/a2/037/audio/voca_a2_037.cues.json
Copying file://content/voca/en/a2/037/audio/voca_a2_037.cues.json [Content-Type=application/json]...
/ [0 files][    0.0 B/  338.0 B]                                                / [1 files][  338.0 B/  338.0 B]                                                
Operation completed over 1 objects/338.0 B.                                      
SKIP (exists): content/voca/en/a2/037/audio/audio.wav
SKIP (exists): content/voca/en/a2/037/data/data.json
UPLOAD: content/voca/en/a2/001/.DS_Store
Copying file://content/voca/en/a2/001/.DS_Store [Content-Type=application/octet-stream]...
/ [0 files][    0.0 B/  6.0 KiB]                                                / [1 files][  6.0 KiB/  6.0 KiB]                                                
Operation completed over 1 objects/6.0 KiB.                                      
UPLOAD: content/voca/en/a2/001/audio/voca_a2_001.cues.json
Copying file://content/voca/en/a2/001/audio/voca_a2_001.cues.json [Content-Type=application/json]...
/ [0 files][    0.0 B/  338.0 B]                                                / [1 files][  338.0 B/  338.0 B]                                                
Operation completed over 1 objects/338.0 B.                                      
SKIP (exists): content/voca/en/a2/001/audio/audio.wav
SKIP (exists): content/voca/en/a2/001/data/data.json
UPLOAD: content/voca/en/a2/039/.DS_Store
Copying file://content/voca/en/a2/039/.DS_Store [Content-Type=application/octet-stream]...
/ [0 files][    0.0 B/  6.0 KiB]                                                / [1 files][  6.0 KiB/  6.0 KiB]                                                
Operation completed over 1 objects/6.0 KiB.                                      
UPLOAD: content/voca/en/a2/039/audio/voca_a2_039.cues.json
Copying file://content/voca/en/a2/039/audio/voca_a2_039.cues.json [Content-Type=application/json]...
/ [0 files][    0.0 B/  338.0 B]                                                / [1 files][  338.0 B/  338.0 B]                                                
Operation completed over 1 objects/338.0 B.                                      
SKIP (exists): content/voca/en/a2/039/audio/audio.wav
SKIP (exists): content/voca/en/a2/039/data/data.json
SKIP (exists): content/voca/en/a2/006/.DS_Store
UPLOAD: content/voca/en/a2/006/audio/voca_a2_006.cues.json
Copying file://content/voca/en/a2/006/audio/voca_a2_006.cues.json [Content-Type=application/json]...
/ [0 files][    0.0 B/  338.0 B]                                                / [1 files][  338.0 B/  338.0 B]                                                
Operation completed over 1 objects/338.0 B.                                      
SKIP (exists): content/voca/en/a2/006/audio/audio.wav
SKIP (exists): content/voca/en/a2/006/data/data.json
UPLOAD: content/voca/en/a2/020/.DS_Store
Copying file://content/voca/en/a2/020/.DS_Store [Content-Type=application/octet-stream]...
/ [0 files][    0.0 B/  6.0 KiB]                                                / [1 files][  6.0 KiB/  6.0 KiB]                                                
Operation completed over 1 objects/6.0 KiB.                                      
UPLOAD: content/voca/en/a2/020/audio/voca_a2_020.cues.json
Copying file://content/voca/en/a2/020/audio/voca_a2_020.cues.json [Content-Type=application/json]...
/ [0 files][    0.0 B/  338.0 B]                                                / [1 files][  338.0 B/  338.0 B]                                                
Operation completed over 1 objects/338.0 B.                                      
SKIP (exists): content/voca/en/a2/020/audio/audio.wav
SKIP (exists): content/voca/en/a2/020/data/data.json
UPLOAD: content/voca/en/a2/027/.DS_Store
Copying file://content/voca/en/a2/027/.DS_Store [Content-Type=application/octet-stream]...
/ [0 files][    0.0 B/  6.0 KiB]                                                / [1 files][  6.0 KiB/  6.0 KiB]                                                
Operation completed over 1 objects/6.0 KiB.                                      
UPLOAD: content/voca/en/a2/027/audio/voca_a2_027.cues.json
Copying file://content/voca/en/a2/027/audio/voca_a2_027.cues.json [Content-Type=application/json]...
/ [0 files][    0.0 B/  338.0 B]                                                / [1 files][  338.0 B/  338.0 B]                                                
Operation completed over 1 objects/338.0 B.                                      
SKIP (exists): content/voca/en/a2/027/audio/audio.wav
SKIP (exists): content/voca/en/a2/027/data/data.json
SKIP (exists): content/voca/en/a2/018/.DS_Store
UPLOAD: content/voca/en/a2/018/audio/voca_a2_018.cues.json
Copying file://content/voca/en/a2/018/audio/voca_a2_018.cues.json [Content-Type=application/json]...
/ [0 files][    0.0 B/  338.0 B]                                                / [1 files][  338.0 B/  338.0 B]                                                
Operation completed over 1 objects/338.0 B.                                      
SKIP (exists): content/voca/en/a2/018/audio/audio.wav
SKIP (exists): content/voca/en/a2/018/data/data.json
UPLOAD: content/voca/en/a2/011/.DS_Store
Copying file://content/voca/en/a2/011/.DS_Store [Content-Type=application/octet-stream]...
/ [0 files][    0.0 B/  6.0 KiB]                                                / [1 files][  6.0 KiB/  6.0 KiB]                                                
Operation completed over 1 objects/6.0 KiB.                                      
UPLOAD: content/voca/en/a2/011/audio/voca_a2_011.cues.json
Copying file://content/voca/en/a2/011/audio/voca_a2_011.cues.json [Content-Type=application/json]...
/ [0 files][    0.0 B/  338.0 B]                                                / [1 files][  338.0 B/  338.0 B]                                                
Operation completed over 1 objects/338.0 B.                                      
SKIP (exists): content/voca/en/a2/011/audio/audio.wav
SKIP (exists): content/voca/en/a2/011/data/data.json
UPLOAD: content/voca/en/a2/016/.DS_Store
Copying file://content/voca/en/a2/016/.DS_Store [Content-Type=application/octet-stream]...
/ [0 files][    0.0 B/  6.0 KiB]                                                / [1 files][  6.0 KiB/  6.0 KiB]                                                
Operation completed over 1 objects/6.0 KiB.                                      
UPLOAD: content/voca/en/a2/016/audio/voca_a2_016.cues.json
Copying file://content/voca/en/a2/016/audio/voca_a2_016.cues.json [Content-Type=application/json]...
/ [0 files][    0.0 B/  338.0 B]                                                / [1 files][  338.0 B/  338.0 B]                                                
Operation completed over 1 objects/338.0 B.                                      
SKIP (exists): content/voca/en/a2/016/audio/audio.wav
SKIP (exists): content/voca/en/a2/016/data/data.json
UPLOAD: content/voca/en/a2/029/.DS_Store
Copying file://content/voca/en/a2/029/.DS_Store [Content-Type=application/octet-stream]...
/ [0 files][    0.0 B/  6.0 KiB]                                                / [1 files][  6.0 KiB/  6.0 KiB]                                                
Operation completed over 1 objects/6.0 KiB.                                      
UPLOAD: content/voca/en/a2/029/audio/voca_a2_029.cues.json
Copying file://content/voca/en/a2/029/audio/voca_a2_029.cues.json [Content-Type=application/json]...
/ [0 files][    0.0 B/  338.0 B]                                                / [1 files][  338.0 B/  338.0 B]                                                
Operation completed over 1 objects/338.0 B.                                      
SKIP (exists): content/voca/en/a2/029/audio/audio.wav
SKIP (exists): content/voca/en/a2/029/data/data.json
SKIP (exists): content/voca/en/a2/017/.DS_Store
UPLOAD: content/voca/en/a2/017/audio/voca_a2_017.cues.json
Copying file://content/voca/en/a2/017/audio/voca_a2_017.cues.json [Content-Type=application/json]...
/ [0 files][    0.0 B/  338.0 B]                                                / [1 files][  338.0 B/  338.0 B]                                                
Operation completed over 1 objects/338.0 B.                                      
SKIP (exists): content/voca/en/a2/017/audio/audio.wav
SKIP (exists): content/voca/en/a2/017/data/data.json
UPLOAD: content/voca/en/a2/028/.DS_Store
Copying file://content/voca/en/a2/028/.DS_Store [Content-Type=application/octet-stream]...
/ [0 files][    0.0 B/  6.0 KiB]                                                / [1 files][  6.0 KiB/  6.0 KiB]                                                
Operation completed over 1 objects/6.0 KiB.                                      
UPLOAD: content/voca/en/a2/028/audio/voca_a2_028.cues.json
Copying file://content/voca/en/a2/028/audio/voca_a2_028.cues.json [Content-Type=application/json]...
/ [0 files][    0.0 B/  338.0 B]                                                / [1 files][  338.0 B/  338.0 B]                                                
Operation completed over 1 objects/338.0 B.                                      
SKIP (exists): content/voca/en/a2/028/audio/audio.wav
SKIP (exists): content/voca/en/a2/028/data/data.json
SKIP (exists): content/voca/en/a2/010/.DS_Store
UPLOAD: content/voca/en/a2/010/audio/voca_a2_010.cues.json
Copying file://content/voca/en/a2/010/audio/voca_a2_010.cues.json [Content-Type=application/json]...
/ [0 files][    0.0 B/  338.0 B]                                                / [1 files][  338.0 B/  338.0 B]                                                
Operation completed over 1 objects/338.0 B.                                      
SKIP (exists): content/voca/en/a2/010/audio/audio.wav
SKIP (exists): content/voca/en/a2/010/data/data.json
UPLOAD: content/voca/en/a2/026/.DS_Store
Copying file://content/voca/en/a2/026/.DS_Store [Content-Type=application/octet-stream]...
/ [0 files][    0.0 B/  6.0 KiB]                                                / [1 files][  6.0 KiB/  6.0 KiB]                                                
Operation completed over 1 objects/6.0 KiB.                                      
UPLOAD: content/voca/en/a2/026/audio/voca_a2_026.cues.json
Copying file://content/voca/en/a2/026/audio/voca_a2_026.cues.json [Content-Type=application/json]...
/ [0 files][    0.0 B/  338.0 B]                                                / [1 files][  338.0 B/  338.0 B]                                                
Operation completed over 1 objects/338.0 B.                                      
SKIP (exists): content/voca/en/a2/026/audio/audio.wav
SKIP (exists): content/voca/en/a2/026/data/data.json
UPLOAD: content/voca/en/a2/019/.DS_Store
Copying file://content/voca/en/a2/019/.DS_Store [Content-Type=application/octet-stream]...
/ [0 files][    0.0 B/  6.0 KiB]                                                / [1 files][  6.0 KiB/  6.0 KiB]                                                
Operation completed over 1 objects/6.0 KiB.                                      
SKIP (exists): content/voca/en/a2/019/audio/audio.wav
SKIP (exists): content/voca/en/a2/019/audio/voca_a2_019.cues.json
SKIP (exists): content/voca/en/a2/019/data/data.json
UPLOAD: content/voca/en/a2/021/.DS_Store
Copying file://content/voca/en/a2/021/.DS_Store [Content-Type=application/octet-stream]...
/ [0 files][    0.0 B/  6.0 KiB]                                                / [1 files][  6.0 KiB/  6.0 KiB]                                                
Operation completed over 1 objects/6.0 KiB.                                      
SKIP (exists): content/voca/en/a2/021/audio/audio.wav
UPLOAD: content/voca/en/a2/021/audio/voca_a2_021.cues.json
Copying file://content/voca/en/a2/021/audio/voca_a2_021.cues.json [Content-Type=application/json]...
/ [0 files][    0.0 B/  338.0 B]                                                / [1 files][  338.0 B/  338.0 B]                                                
Operation completed over 1 objects/338.0 B.                                      
SKIP (exists): content/voca/en/a2/021/data/data.json
UPLOAD: content/voca/en/a2/003/.DS_Store
Copying file://content/voca/en/a2/003/.DS_Store [Content-Type=application/octet-stream]...
/ [0 files][    0.0 B/  6.0 KiB]                                                / [1 files][  6.0 KiB/  6.0 KiB]                                                
Operation completed over 1 objects/6.0 KiB.                                      
UPLOAD: content/voca/en/a2/003/audio/voca_a2_003.cues.json
Copying file://content/voca/en/a2/003/audio/voca_a2_003.cues.json [Content-Type=application/json]...
/ [0 files][    0.0 B/  338.0 B]                                                / [1 files][  338.0 B/  338.0 B]                                                
Operation completed over 1 objects/338.0 B.                                      
SKIP (exists): content/voca/en/a2/003/audio/audio.wav
SKIP (exists): content/voca/en/a2/003/data/data.json
SKIP (exists): content/voca/en/a2/004/.DS_Store
UPLOAD: content/voca/en/a2/004/audio/voca_a2_004.cues.json
Copying file://content/voca/en/a2/004/audio/voca_a2_004.cues.json [Content-Type=application/json]...
/ [0 files][    0.0 B/  338.0 B]                                                / [1 files][  338.0 B/  338.0 B]                                                
Operation completed over 1 objects/338.0 B.                                      
SKIP (exists): content/voca/en/a2/004/audio/audio.wav
SKIP (exists): content/voca/en/a2/004/data/data.json
UPLOAD: content/voca/en/a2/032/.DS_Store
Copying file://content/voca/en/a2/032/.DS_Store [Content-Type=application/octet-stream]...
/ [0 files][    0.0 B/  6.0 KiB]                                                / [1 files][  6.0 KiB/  6.0 KiB]                                                
Operation completed over 1 objects/6.0 KiB.                                      
UPLOAD: content/voca/en/a2/032/audio/voca_a2_032.cues.json
Copying file://content/voca/en/a2/032/audio/voca_a2_032.cues.json [Content-Type=application/json]...
/ [0 files][    0.0 B/  338.0 B]                                                / [1 files][  338.0 B/  338.0 B]                                                
Operation completed over 1 objects/338.0 B.                                      
SKIP (exists): content/voca/en/a2/032/audio/audio.wav
SKIP (exists): content/voca/en/a2/032/data/data.json
UPLOAD: content/voca/en/a2/035/.DS_Store
Copying file://content/voca/en/a2/035/.DS_Store [Content-Type=application/octet-stream]...
/ [0 files][    0.0 B/  6.0 KiB]                                                / [1 files][  6.0 KiB/  6.0 KiB]                                                
Operation completed over 1 objects/6.0 KiB.                                      
SKIP (exists): content/voca/en/a2/035/audio/audio.wav
UPLOAD: content/voca/en/a2/035/audio/voca_a2_035.cues.json
Copying file://content/voca/en/a2/035/audio/voca_a2_035.cues.json [Content-Type=application/json]...
/ [0 files][    0.0 B/  338.0 B]                                                / [1 files][  338.0 B/  338.0 B]                                                
Operation completed over 1 objects/338.0 B.                                      
SKIP (exists): content/voca/en/a2/035/data/data.json
SKIP (exists): content/voca/en/a2/034/.DS_Store
UPLOAD: content/voca/en/a2/034/audio/voca_a2_034.cues.json
Copying file://content/voca/en/a2/034/audio/voca_a2_034.cues.json [Content-Type=application/json]...
/ [0 files][    0.0 B/  338.0 B]                                                / [1 files][  338.0 B/  338.0 B]                                                
Operation completed over 1 objects/338.0 B.                                      
SKIP (exists): content/voca/en/a2/034/audio/audio.wav
SKIP (exists): content/voca/en/a2/034/data/data.json
UPLOAD: content/voca/en/a2/033/.DS_Store
Copying file://content/voca/en/a2/033/.DS_Store [Content-Type=application/octet-stream]...
/ [0 files][    0.0 B/  6.0 KiB]                                                / [1 files][  6.0 KiB/  6.0 KiB]                                                
Operation completed over 1 objects/6.0 KiB.                                      
UPLOAD: content/voca/en/a2/033/audio/voca_a2_033.cues.json
Copying file://content/voca/en/a2/033/audio/voca_a2_033.cues.json [Content-Type=application/json]...
/ [0 files][    0.0 B/  338.0 B]                                                / [1 files][  338.0 B/  338.0 B]                                                
Operation completed over 1 objects/338.0 B.                                      
SKIP (exists): content/voca/en/a2/033/audio/audio.wav
SKIP (exists): content/voca/en/a2/033/data/data.json
UPLOAD: content/voca/en/a2/005/.DS_Store
Copying file://content/voca/en/a2/005/.DS_Store [Content-Type=application/octet-stream]...
/ [0 files][    0.0 B/  6.0 KiB]                                                / [1 files][  6.0 KiB/  6.0 KiB]                                                
Operation completed over 1 objects/6.0 KiB.                                      
UPLOAD: content/voca/en/a2/005/audio/voca_a2_005.cues.json
Copying file://content/voca/en/a2/005/audio/voca_a2_005.cues.json [Content-Type=application/json]...
/ [0 files][    0.0 B/  338.0 B]                                                / [1 files][  338.0 B/  338.0 B]                                                
Operation completed over 1 objects/338.0 B.                                      
SKIP (exists): content/voca/en/a2/005/audio/audio.wav
SKIP (exists): content/voca/en/a2/005/data/data.json
SKIP (exists): content/voca/en/a2/002/.DS_Store
UPLOAD: content/voca/en/a2/002/audio/voca_a2_002.cues.json
Copying file://content/voca/en/a2/002/audio/voca_a2_002.cues.json [Content-Type=application/json]...
/ [0 files][    0.0 B/  338.0 B]                                                / [1 files][  338.0 B/  338.0 B]                                                
Operation completed over 1 objects/338.0 B.                                      
SKIP (exists): content/voca/en/a2/002/audio/audio.wav
SKIP (exists): content/voca/en/a2/002/data/data.json
UPLOAD: content/voca/en/c1/015/.DS_Store
Copying file://content/voca/en/c1/015/.DS_Store [Content-Type=application/octet-stream]...
/ [0 files][    0.0 B/  6.0 KiB]                                                / [1 files][  6.0 KiB/  6.0 KiB]                                                
Operation completed over 1 objects/6.0 KiB.                                      
SKIP (exists): content/voca/en/c1/015/audio/audio.wav
UPLOAD: content/voca/en/c1/015/audio/voca_c1_015.cues.json
Copying file://content/voca/en/c1/015/audio/voca_c1_015.cues.json [Content-Type=application/json]...
/ [0 files][    0.0 B/  338.0 B]                                                / [1 files][  338.0 B/  338.0 B]                                                
Operation completed over 1 objects/338.0 B.                                      
SKIP (exists): content/voca/en/c1/015/data/data.json
SKIP (exists): content/voca/en/c1/.DS_Store
UPLOAD: content/voca/en/c1/012/.DS_Store
Copying file://content/voca/en/c1/012/.DS_Store [Content-Type=application/octet-stream]...
/ [0 files][    0.0 B/  6.0 KiB]                                                / [1 files][  6.0 KiB/  6.0 KiB]                                                
Operation completed over 1 objects/6.0 KiB.                                      
UPLOAD: content/voca/en/c1/012/audio/voca_c1_012.cues.json
Copying file://content/voca/en/c1/012/audio/voca_c1_012.cues.json [Content-Type=application/json]...
/ [0 files][    0.0 B/  338.0 B]                                                / [1 files][  338.0 B/  338.0 B]                                                
Operation completed over 1 objects/338.0 B.                                      
SKIP (exists): content/voca/en/c1/012/audio/audio.wav
SKIP (exists): content/voca/en/c1/012/data/data.json
UPLOAD: content/voca/en/c1/013/.DS_Store
Copying file://content/voca/en/c1/013/.DS_Store [Content-Type=application/octet-stream]...
/ [0 files][    0.0 B/  6.0 KiB]                                                / [1 files][  6.0 KiB/  6.0 KiB]                                                
Operation completed over 1 objects/6.0 KiB.                                      
UPLOAD: content/voca/en/c1/013/audio/voca_c1_013.cues.json
Copying file://content/voca/en/c1/013/audio/voca_c1_013.cues.json [Content-Type=application/json]...
/ [0 files][    0.0 B/  338.0 B]                                                / [1 files][  338.0 B/  338.0 B]                                                
Operation completed over 1 objects/338.0 B.                                      
SKIP (exists): content/voca/en/c1/013/audio/audio.wav
SKIP (exists): content/voca/en/c1/013/data/data.json
SKIP (exists): content/voca/en/c1/014/.DS_Store
UPLOAD: content/voca/en/c1/014/audio/voca_c1_014.cues.json
Copying file://content/voca/en/c1/014/audio/voca_c1_014.cues.json [Content-Type=application/json]...
/ [0 files][    0.0 B/  338.0 B]                                                / [1 files][  338.0 B/  338.0 B]                                                
Operation completed over 1 objects/338.0 B.                                      
SKIP (exists): content/voca/en/c1/014/audio/audio.wav
SKIP (exists): content/voca/en/c1/014/data/data.json
UPLOAD: content/voca/en/c1/007/.DS_Store
Copying file://content/voca/en/c1/007/.DS_Store [Content-Type=application/octet-stream]...
/ [0 files][    0.0 B/  6.0 KiB]                                                / [1 files][  6.0 KiB/  6.0 KiB]                                                
Operation completed over 1 objects/6.0 KiB.                                      
UPLOAD: content/voca/en/c1/007/audio/voca_c1_007.cues.json
Copying file://content/voca/en/c1/007/audio/voca_c1_007.cues.json [Content-Type=application/json]...
/ [0 files][    0.0 B/  338.0 B]                                                / [1 files][  338.0 B/  338.0 B]                                                
Operation completed over 1 objects/338.0 B.                                      
SKIP (exists): content/voca/en/c1/007/audio/audio.wav
SKIP (exists): content/voca/en/c1/007/data/data.json
UPLOAD: content/voca/en/c1/009/.DS_Store
Copying file://content/voca/en/c1/009/.DS_Store [Content-Type=application/octet-stream]...
/ [0 files][    0.0 B/  6.0 KiB]                                                / [1 files][  6.0 KiB/  6.0 KiB]                                                
Operation completed over 1 objects/6.0 KiB.                                      
SKIP (exists): content/voca/en/c1/009/audio/voca_c1_009.cues.json
SKIP (exists): content/voca/en/c1/009/audio/audio.wav
SKIP (exists): content/voca/en/c1/009/data/data.json
UPLOAD: content/voca/en/c1/008/.DS_Store
Copying file://content/voca/en/c1/008/.DS_Store [Content-Type=application/octet-stream]...
/ [0 files][    0.0 B/  6.0 KiB]                                                / [1 files][  6.0 KiB/  6.0 KiB]                                                
Operation completed over 1 objects/6.0 KiB.                                      
UPLOAD: content/voca/en/c1/008/audio/voca_c1_008.cues.json
Copying file://content/voca/en/c1/008/audio/voca_c1_008.cues.json [Content-Type=application/json]...
/ [0 files][    0.0 B/  338.0 B]                                                / [1 files][  338.0 B/  338.0 B]                                                
Operation completed over 1 objects/338.0 B.                                      
SKIP (exists): content/voca/en/c1/008/audio/audio.wav
SKIP (exists): content/voca/en/c1/008/data/data.json
UPLOAD: content/voca/en/c1/001/.DS_Store
Copying file://content/voca/en/c1/001/.DS_Store [Content-Type=application/octet-stream]...
/ [0 files][    0.0 B/  6.0 KiB]                                                / [1 files][  6.0 KiB/  6.0 KiB]                                                
Operation completed over 1 objects/6.0 KiB.                                      
SKIP (exists): content/voca/en/c1/001/audio/audio.wav
UPLOAD: content/voca/en/c1/001/audio/voca_c1_001.cues.json
Copying file://content/voca/en/c1/001/audio/voca_c1_001.cues.json [Content-Type=application/json]...
/ [0 files][    0.0 B/  338.0 B]                                                / [1 files][  338.0 B/  338.0 B]                                                
Operation completed over 1 objects/338.0 B.                                      
SKIP (exists): content/voca/en/c1/001/data/data.json
UPLOAD: content/voca/en/c1/006/.DS_Store
Copying file://content/voca/en/c1/006/.DS_Store [Content-Type=application/octet-stream]...
/ [0 files][    0.0 B/  6.0 KiB]                                                / [1 files][  6.0 KiB/  6.0 KiB]                                                
Operation completed over 1 objects/6.0 KiB.                                      
UPLOAD: content/voca/en/c1/006/audio/voca_c1_006.cues.json
Copying file://content/voca/en/c1/006/audio/voca_c1_006.cues.json [Content-Type=application/json]...
/ [0 files][    0.0 B/  338.0 B]                                                / [1 files][  338.0 B/  338.0 B]                                                
Operation completed over 1 objects/338.0 B.                                      
SKIP (exists): content/voca/en/c1/006/audio/audio.wav
SKIP (exists): content/voca/en/c1/006/data/data.json
SKIP (exists): content/voca/en/c1/020/.DS_Store
SKIP (exists): content/voca/en/c1/020/audio/audio.wav
UPLOAD: content/voca/en/c1/020/audio/voca_c1_020.cues.json
Copying file://content/voca/en/c1/020/audio/voca_c1_020.cues.json [Content-Type=application/json]...
/ [0 files][    0.0 B/  338.0 B]                                                / [1 files][  338.0 B/  338.0 B]                                                
Operation completed over 1 objects/338.0 B.                                      
SKIP (exists): content/voca/en/c1/020/data/data.json
UPLOAD: content/voca/en/c1/018/.DS_Store
Copying file://content/voca/en/c1/018/.DS_Store [Content-Type=application/octet-stream]...
/ [0 files][    0.0 B/  6.0 KiB]                                                / [1 files][  6.0 KiB/  6.0 KiB]                                                
Operation completed over 1 objects/6.0 KiB.                                      
SKIP (exists): content/voca/en/c1/018/audio/audio.wav
UPLOAD: content/voca/en/c1/018/audio/voca_c1_018.cues.json
Copying file://content/voca/en/c1/018/audio/voca_c1_018.cues.json [Content-Type=application/json]...
/ [0 files][    0.0 B/  338.0 B]                                                / [1 files][  338.0 B/  338.0 B]                                                
Operation completed over 1 objects/338.0 B.                                      
SKIP (exists): content/voca/en/c1/018/data/data.json
UPLOAD: content/voca/en/c1/011/.DS_Store
Copying file://content/voca/en/c1/011/.DS_Store [Content-Type=application/octet-stream]...
/ [0 files][    0.0 B/  6.0 KiB]                                                / [1 files][  6.0 KiB/  6.0 KiB]                                                
Operation completed over 1 objects/6.0 KiB.                                      
UPLOAD: content/voca/en/c1/011/audio/voca_c1_011.cues.json
Copying file://content/voca/en/c1/011/audio/voca_c1_011.cues.json [Content-Type=application/json]...
/ [0 files][    0.0 B/  338.0 B]                                                / [1 files][  338.0 B/  338.0 B]                                                
Operation completed over 1 objects/338.0 B.                                      
SKIP (exists): content/voca/en/c1/011/audio/audio.wav
SKIP (exists): content/voca/en/c1/011/data/data.json
UPLOAD: content/voca/en/c1/016/.DS_Store
Copying file://content/voca/en/c1/016/.DS_Store [Content-Type=application/octet-stream]...
/ [0 files][    0.0 B/  6.0 KiB]                                                / [1 files][  6.0 KiB/  6.0 KiB]                                                
Operation completed over 1 objects/6.0 KiB.                                      
SKIP (exists): content/voca/en/c1/016/audio/voca_c1_016.cues.json
SKIP (exists): content/voca/en/c1/016/audio/audio.wav
SKIP (exists): content/voca/en/c1/016/data/data.json
UPLOAD: content/voca/en/c1/017/.DS_Store
Copying file://content/voca/en/c1/017/.DS_Store [Content-Type=application/octet-stream]...
/ [0 files][    0.0 B/  6.0 KiB]                                                / [1 files][  6.0 KiB/  6.0 KiB]                                                
Operation completed over 1 objects/6.0 KiB.                                      
UPLOAD: content/voca/en/c1/017/audio/voca_c1_017.cues.json
Copying file://content/voca/en/c1/017/audio/voca_c1_017.cues.json [Content-Type=application/json]...
/ [0 files][    0.0 B/  338.0 B]                                                / [1 files][  338.0 B/  338.0 B]                                                
Operation completed over 1 objects/338.0 B.                                      
SKIP (exists): content/voca/en/c1/017/audio/audio.wav
SKIP (exists): content/voca/en/c1/017/data/data.json
UPLOAD: content/voca/en/c1/010/.DS_Store
Copying file://content/voca/en/c1/010/.DS_Store [Content-Type=application/octet-stream]...
/ [0 files][    0.0 B/  6.0 KiB]                                                / [1 files][  6.0 KiB/  6.0 KiB]                                                
Operation completed over 1 objects/6.0 KiB.                                      
UPLOAD: content/voca/en/c1/010/audio/voca_c1_010.cues.json
Copying file://content/voca/en/c1/010/audio/voca_c1_010.cues.json [Content-Type=application/json]...
/ [0 files][    0.0 B/  338.0 B]                                                / [1 files][  338.0 B/  338.0 B]                                                
Operation completed over 1 objects/338.0 B.                                      
SKIP (exists): content/voca/en/c1/010/audio/audio.wav
SKIP (exists): content/voca/en/c1/010/data/data.json
UPLOAD: content/voca/en/c1/019/.DS_Store
Copying file://content/voca/en/c1/019/.DS_Store [Content-Type=application/octet-stream]...
/ [0 files][    0.0 B/  6.0 KiB]                                                / [1 files][  6.0 KiB/  6.0 KiB]                                                
Operation completed over 1 objects/6.0 KiB.                                      
UPLOAD: content/voca/en/c1/019/audio/voca_c1_019.cues.json
Copying file://content/voca/en/c1/019/audio/voca_c1_019.cues.json [Content-Type=application/json]...
/ [0 files][    0.0 B/  338.0 B]                                                / [1 files][  338.0 B/  338.0 B]                                                
Operation completed over 1 objects/338.0 B.                                      
SKIP (exists): content/voca/en/c1/019/audio/audio.wav
SKIP (exists): content/voca/en/c1/019/data/data.json
UPLOAD: content/voca/en/c1/003/.DS_Store
Copying file://content/voca/en/c1/003/.DS_Store [Content-Type=application/octet-stream]...
/ [0 files][    0.0 B/  6.0 KiB]                                                / [1 files][  6.0 KiB/  6.0 KiB]                                                
Operation completed over 1 objects/6.0 KiB.                                      
SKIP (exists): content/voca/en/c1/003/audio/voca_c1_003.cues.json
SKIP (exists): content/voca/en/c1/003/audio/audio.wav
SKIP (exists): content/voca/en/c1/003/data/data.json
UPLOAD: content/voca/en/c1/004/.DS_Store
Copying file://content/voca/en/c1/004/.DS_Store [Content-Type=application/octet-stream]...
/ [0 files][    0.0 B/  6.0 KiB]                                                / [1 files][  6.0 KiB/  6.0 KiB]                                                
Operation completed over 1 objects/6.0 KiB.                                      
UPLOAD: content/voca/en/c1/004/audio/voca_c1_004.cues.json
Copying file://content/voca/en/c1/004/audio/voca_c1_004.cues.json [Content-Type=application/json]...
/ [0 files][    0.0 B/  338.0 B]                                                / [1 files][  338.0 B/  338.0 B]                                                
Operation completed over 1 objects/338.0 B.                                      
SKIP (exists): content/voca/en/c1/004/audio/audio.wav
SKIP (exists): content/voca/en/c1/004/data/data.json
UPLOAD: content/voca/en/c1/005/.DS_Store
Copying file://content/voca/en/c1/005/.DS_Store [Content-Type=application/octet-stream]...
/ [0 files][    0.0 B/  6.0 KiB]                                                / [1 files][  6.0 KiB/  6.0 KiB]                                                
Operation completed over 1 objects/6.0 KiB.                                      
UPLOAD: content/voca/en/c1/005/audio/voca_c1_005.cues.json
Copying file://content/voca/en/c1/005/audio/voca_c1_005.cues.json [Content-Type=application/json]...
/ [0 files][    0.0 B/  338.0 B]                                                / [1 files][  338.0 B/  338.0 B]                                                
Operation completed over 1 objects/338.0 B.                                      
SKIP (exists): content/voca/en/c1/005/audio/audio.wav
SKIP (exists): content/voca/en/c1/005/data/data.json
SKIP (exists): content/voca/en/c1/002/.DS_Store
UPLOAD: content/voca/en/c1/002/audio/voca_c1_002.cues.json
Copying file://content/voca/en/c1/002/audio/voca_c1_002.cues.json [Content-Type=application/json]...
/ [0 files][    0.0 B/  338.0 B]                                                / [1 files][  338.0 B/  338.0 B]                                                
Operation completed over 1 objects/338.0 B.                                      
SKIP (exists): content/voca/en/c1/002/audio/audio.wav
SKIP (exists): content/voca/en/c1/002/data/data.json
UPLOAD: content/voca/en/b1/024/.DS_Store
Copying file://content/voca/en/b1/024/.DS_Store [Content-Type=application/octet-stream]...
/ [0 files][    0.0 B/  6.0 KiB]                                                / [1 files][  6.0 KiB/  6.0 KiB]                                                
Operation completed over 1 objects/6.0 KiB.                                      
UPLOAD: content/voca/en/b1/024/audio/voca_b1_024.cues.json
Copying file://content/voca/en/b1/024/audio/voca_b1_024.cues.json [Content-Type=application/json]...
/ [0 files][    0.0 B/  338.0 B]                                                / [1 files][  338.0 B/  338.0 B]                                                
Operation completed over 1 objects/338.0 B.                                      
SKIP (exists): content/voca/en/b1/024/audio/audio.wav
SKIP (exists): content/voca/en/b1/024/data/data.json
UPLOAD: content/voca/en/b1/023/.DS_Store
Copying file://content/voca/en/b1/023/.DS_Store [Content-Type=application/octet-stream]...
/ [0 files][    0.0 B/  6.0 KiB]                                                / [1 files][  6.0 KiB/  6.0 KiB]                                                
Operation completed over 1 objects/6.0 KiB.                                      
UPLOAD: content/voca/en/b1/023/audio/voca_b1_023.cues.json
Copying file://content/voca/en/b1/023/audio/voca_b1_023.cues.json [Content-Type=application/json]...
/ [0 files][    0.0 B/  338.0 B]                                                / [1 files][  338.0 B/  338.0 B]                                                
Operation completed over 1 objects/338.0 B.                                      
SKIP (exists): content/voca/en/b1/023/audio/audio.wav
SKIP (exists): content/voca/en/b1/023/data/data.json
SKIP (exists): content/voca/en/b1/015/.DS_Store
UPLOAD: content/voca/en/b1/015/audio/voca_b1_015.cues.json
Copying file://content/voca/en/b1/015/audio/voca_b1_015.cues.json [Content-Type=application/json]...
/ [0 files][    0.0 B/  338.0 B]                                                / [1 files][  338.0 B/  338.0 B]                                                
Operation completed over 1 objects/338.0 B.                                      
SKIP (exists): content/voca/en/b1/015/audio/audio.wav
SKIP (exists): content/voca/en/b1/015/data/data.json
UPLOAD: content/voca/en/b1/.DS_Store
Copying file://content/voca/en/b1/.DS_Store [Content-Type=application/octet-stream]...
/ [0 files][    0.0 B/ 12.0 KiB]                                                / [1 files][ 12.0 KiB/ 12.0 KiB]                                                
Operation completed over 1 objects/12.0 KiB.                                     
SKIP (exists): content/voca/en/b1/012/.DS_Store
UPLOAD: content/voca/en/b1/012/audio/voca_b1_012.cues.json
Copying file://content/voca/en/b1/012/audio/voca_b1_012.cues.json [Content-Type=application/json]...
/ [0 files][    0.0 B/  338.0 B]                                                / [1 files][  338.0 B/  338.0 B]                                                
Operation completed over 1 objects/338.0 B.                                      
SKIP (exists): content/voca/en/b1/012/audio/audio.wav
SKIP (exists): content/voca/en/b1/012/data/data.json
UPLOAD: content/voca/en/b1/046/.DS_Store
Copying file://content/voca/en/b1/046/.DS_Store [Content-Type=application/octet-stream]...
/ [0 files][    0.0 B/  6.0 KiB]                                                / [1 files][  6.0 KiB/  6.0 KiB]                                                
Operation completed over 1 objects/6.0 KiB.                                      
UPLOAD: content/voca/en/b1/046/audio/voca_b1_046.cues.json
Copying file://content/voca/en/b1/046/audio/voca_b1_046.cues.json [Content-Type=application/json]...
/ [0 files][    0.0 B/  338.0 B]                                                / [1 files][  338.0 B/  338.0 B]                                                
Operation completed over 1 objects/338.0 B.                                      
SKIP (exists): content/voca/en/b1/046/audio/audio.wav
SKIP (exists): content/voca/en/b1/046/data/data.json
UPLOAD: content/voca/en/b1/041/.DS_Store
Copying file://content/voca/en/b1/041/.DS_Store [Content-Type=application/octet-stream]...
/ [0 files][    0.0 B/  6.0 KiB]                                                / [1 files][  6.0 KiB/  6.0 KiB]                                                
Operation completed over 1 objects/6.0 KiB.                                      
UPLOAD: content/voca/en/b1/041/audio/voca_b1_041.cues.json
Copying file://content/voca/en/b1/041/audio/voca_b1_041.cues.json [Content-Type=application/json]...
/ [0 files][    0.0 B/  338.0 B]                                                / [1 files][  338.0 B/  338.0 B]                                                
Operation completed over 1 objects/338.0 B.                                      
SKIP (exists): content/voca/en/b1/041/audio/audio.wav
SKIP (exists): content/voca/en/b1/041/data/data.json
UPLOAD: content/voca/en/b1/048/.DS_Store
Copying file://content/voca/en/b1/048/.DS_Store [Content-Type=application/octet-stream]...
/ [0 files][    0.0 B/  6.0 KiB]                                                / [1 files][  6.0 KiB/  6.0 KiB]                                                
Operation completed over 1 objects/6.0 KiB.                                      
SKIP (exists): content/voca/en/b1/048/audio/voca_b1_048.cues.json
SKIP (exists): content/voca/en/b1/048/audio/audio.wav
SKIP (exists): content/voca/en/b1/048/data/data.json
UPLOAD: content/voca/en/b1/013/.DS_Store
Copying file://content/voca/en/b1/013/.DS_Store [Content-Type=application/octet-stream]...
/ [0 files][    0.0 B/  6.0 KiB]                                                / [1 files][  6.0 KiB/  6.0 KiB]                                                
Operation completed over 1 objects/6.0 KiB.                                      
SKIP (exists): content/voca/en/b1/013/audio/audio.wav
UPLOAD: content/voca/en/b1/013/audio/voca_b1_013.cues.json
Copying file://content/voca/en/b1/013/audio/voca_b1_013.cues.json [Content-Type=application/json]...
/ [0 files][    0.0 B/  338.0 B]                                                / [1 files][  338.0 B/  338.0 B]                                                
Operation completed over 1 objects/338.0 B.                                      
SKIP (exists): content/voca/en/b1/013/data/data.json
UPLOAD: content/voca/en/b1/014/.DS_Store
Copying file://content/voca/en/b1/014/.DS_Store [Content-Type=application/octet-stream]...
/ [0 files][    0.0 B/  6.0 KiB]                                                / [1 files][  6.0 KiB/  6.0 KiB]                                                
Operation completed over 1 objects/6.0 KiB.                                      
UPLOAD: content/voca/en/b1/014/audio/voca_b1_014.cues.json
Copying file://content/voca/en/b1/014/audio/voca_b1_014.cues.json [Content-Type=application/json]...
/ [0 files][    0.0 B/  338.0 B]                                                / [1 files][  338.0 B/  338.0 B]                                                
Operation completed over 1 objects/338.0 B.                                      
SKIP (exists): content/voca/en/b1/014/audio/audio.wav
SKIP (exists): content/voca/en/b1/014/data/data.json
UPLOAD: content/voca/en/b1/022/.DS_Store
Copying file://content/voca/en/b1/022/.DS_Store [Content-Type=application/octet-stream]...
/ [0 files][    0.0 B/  6.0 KiB]                                                / [1 files][  6.0 KiB/  6.0 KiB]                                                
Operation completed over 1 objects/6.0 KiB.                                      
UPLOAD: content/voca/en/b1/022/audio/voca_b1_022.cues.json
Copying file://content/voca/en/b1/022/audio/voca_b1_022.cues.json [Content-Type=application/json]...
/ [0 files][    0.0 B/  338.0 B]                                                / [1 files][  338.0 B/  338.0 B]                                                
Operation completed over 1 objects/338.0 B.                                      
SKIP (exists): content/voca/en/b1/022/audio/audio.wav
SKIP (exists): content/voca/en/b1/022/data/data.json
SKIP (exists): content/voca/en/b1/025/.DS_Store
UPLOAD: content/voca/en/b1/025/audio/voca_b1_025.cues.json
Copying file://content/voca/en/b1/025/audio/voca_b1_025.cues.json [Content-Type=application/json]...
/ [0 files][    0.0 B/  338.0 B]                                                / [1 files][  338.0 B/  338.0 B]                                                
Operation completed over 1 objects/338.0 B.                                      
SKIP (exists): content/voca/en/b1/025/audio/audio.wav
SKIP (exists): content/voca/en/b1/025/data/data.json
UPLOAD: content/voca/en/b1/049/.DS_Store
Copying file://content/voca/en/b1/049/.DS_Store [Content-Type=application/octet-stream]...
/ [0 files][    0.0 B/  6.0 KiB]                                                / [1 files][  6.0 KiB/  6.0 KiB]                                                
Operation completed over 1 objects/6.0 KiB.                                      
UPLOAD: content/voca/en/b1/049/audio/voca_b1_049.cues.json
Copying file://content/voca/en/b1/049/audio/voca_b1_049.cues.json [Content-Type=application/json]...
/ [0 files][    0.0 B/  338.0 B]                                                / [1 files][  338.0 B/  338.0 B]                                                
Operation completed over 1 objects/338.0 B.                                      
SKIP (exists): content/voca/en/b1/049/audio/audio.wav
SKIP (exists): content/voca/en/b1/049/data/data.json
UPLOAD: content/voca/en/b1/040/.DS_Store
Copying file://content/voca/en/b1/040/.DS_Store [Content-Type=application/octet-stream]...
/ [0 files][    0.0 B/  6.0 KiB]                                                / [1 files][  6.0 KiB/  6.0 KiB]                                                
Operation completed over 1 objects/6.0 KiB.                                      
SKIP (exists): content/voca/en/b1/040/audio/voca_b1_040.cues.json
SKIP (exists): content/voca/en/b1/040/audio/audio.wav
SKIP (exists): content/voca/en/b1/040/data/data.json
UPLOAD: content/voca/en/b1/047/.DS_Store
Copying file://content/voca/en/b1/047/.DS_Store [Content-Type=application/octet-stream]...
/ [0 files][    0.0 B/  6.0 KiB]                                                / [1 files][  6.0 KiB/  6.0 KiB]                                                
Operation completed over 1 objects/6.0 KiB.                                      
UPLOAD: content/voca/en/b1/047/audio/voca_b1_047.cues.json
Copying file://content/voca/en/b1/047/audio/voca_b1_047.cues.json [Content-Type=application/json]...
/ [0 files][    0.0 B/  338.0 B]                                                / [1 files][  338.0 B/  338.0 B]                                                
Operation completed over 1 objects/338.0 B.                                      
SKIP (exists): content/voca/en/b1/047/audio/audio.wav
SKIP (exists): content/voca/en/b1/047/data/data.json
UPLOAD: content/voca/en/b1/038/.DS_Store
Copying file://content/voca/en/b1/038/.DS_Store [Content-Type=application/octet-stream]...
/ [0 files][    0.0 B/  6.0 KiB]                                                / [1 files][  6.0 KiB/  6.0 KiB]                                                
Operation completed over 1 objects/6.0 KiB.                                      
UPLOAD: content/voca/en/b1/038/audio/voca_b1_038.cues.json
Copying file://content/voca/en/b1/038/audio/voca_b1_038.cues.json [Content-Type=application/json]...
/ [0 files][    0.0 B/  338.0 B]                                                / [1 files][  338.0 B/  338.0 B]                                                
Operation completed over 1 objects/338.0 B.                                      
SKIP (exists): content/voca/en/b1/038/audio/audio.wav
SKIP (exists): content/voca/en/b1/038/data/data.json
UPLOAD: content/voca/en/b1/007/.DS_Store
Copying file://content/voca/en/b1/007/.DS_Store [Content-Type=application/octet-stream]...
/ [0 files][    0.0 B/  6.0 KiB]                                                / [1 files][  6.0 KiB/  6.0 KiB]                                                
Operation completed over 1 objects/6.0 KiB.                                      
SKIP (exists): content/voca/en/b1/007/audio/audio.wav
UPLOAD: content/voca/en/b1/007/audio/voca_b1_007.cues.json
Copying file://content/voca/en/b1/007/audio/voca_b1_007.cues.json [Content-Type=application/json]...
/ [0 files][    0.0 B/  338.0 B]                                                / [1 files][  338.0 B/  338.0 B]                                                
Operation completed over 1 objects/338.0 B.                                      
SKIP (exists): content/voca/en/b1/007/data/data.json
UPLOAD: content/voca/en/b1/009/.DS_Store
Copying file://content/voca/en/b1/009/.DS_Store [Content-Type=application/octet-stream]...
/ [0 files][    0.0 B/  6.0 KiB]                                                / [1 files][  6.0 KiB/  6.0 KiB]                                                
Operation completed over 1 objects/6.0 KiB.                                      
UPLOAD: content/voca/en/b1/009/audio/voca_b1_009.cues.json
Copying file://content/voca/en/b1/009/audio/voca_b1_009.cues.json [Content-Type=application/json]...
/ [0 files][    0.0 B/  338.0 B]                                                / [1 files][  338.0 B/  338.0 B]                                                
Operation completed over 1 objects/338.0 B.                                      
SKIP (exists): content/voca/en/b1/009/audio/audio.wav
SKIP (exists): content/voca/en/b1/009/data/data.json
UPLOAD: content/voca/en/b1/036/.DS_Store
Copying file://content/voca/en/b1/036/.DS_Store [Content-Type=application/octet-stream]...
/ [0 files][    0.0 B/  6.0 KiB]                                                / [1 files][  6.0 KiB/  6.0 KiB]                                                
Operation completed over 1 objects/6.0 KiB.                                      
UPLOAD: content/voca/en/b1/036/audio/voca_b1_036.cues.json
Copying file://content/voca/en/b1/036/audio/voca_b1_036.cues.json [Content-Type=application/json]...
/ [0 files][    0.0 B/  338.0 B]                                                / [1 files][  338.0 B/  338.0 B]                                                
Operation completed over 1 objects/338.0 B.                                      
SKIP (exists): content/voca/en/b1/036/audio/audio.wav
SKIP (exists): content/voca/en/b1/036/data/data.json
UPLOAD: content/voca/en/b1/031/.DS_Store
Copying file://content/voca/en/b1/031/.DS_Store [Content-Type=application/octet-stream]...
/ [0 files][    0.0 B/  6.0 KiB]                                                / [1 files][  6.0 KiB/  6.0 KiB]                                                
Operation completed over 1 objects/6.0 KiB.                                      
SKIP (exists): content/voca/en/b1/031/audio/voca_b1_031.cues.json
SKIP (exists): content/voca/en/b1/031/audio/audio.wav
SKIP (exists): content/voca/en/b1/031/data/data.json
UPLOAD: content/voca/en/b1/030/.DS_Store
Copying file://content/voca/en/b1/030/.DS_Store [Content-Type=application/octet-stream]...
/ [0 files][    0.0 B/  6.0 KiB]                                                / [1 files][  6.0 KiB/  6.0 KiB]                                                
Operation completed over 1 objects/6.0 KiB.                                      
UPLOAD: content/voca/en/b1/030/audio/voca_b1_030.cues.json
Copying file://content/voca/en/b1/030/audio/voca_b1_030.cues.json [Content-Type=application/json]...
/ [0 files][    0.0 B/  338.0 B]                                                / [1 files][  338.0 B/  338.0 B]                                                
Operation completed over 1 objects/338.0 B.                                      
SKIP (exists): content/voca/en/b1/030/audio/audio.wav
SKIP (exists): content/voca/en/b1/030/data/data.json
UPLOAD: content/voca/en/b1/008/.DS_Store
Copying file://content/voca/en/b1/008/.DS_Store [Content-Type=application/octet-stream]...
/ [0 files][    0.0 B/  6.0 KiB]                                                / [1 files][  6.0 KiB/  6.0 KiB]                                                
Operation completed over 1 objects/6.0 KiB.                                      
UPLOAD: content/voca/en/b1/008/audio/voca_b1_008.cues.json
Copying file://content/voca/en/b1/008/audio/voca_b1_008.cues.json [Content-Type=application/json]...
/ [0 files][    0.0 B/  338.0 B]                                                / [1 files][  338.0 B/  338.0 B]                                                
Operation completed over 1 objects/338.0 B.                                      
SKIP (exists): content/voca/en/b1/008/audio/audio.wav
SKIP (exists): content/voca/en/b1/008/data/data.json
SKIP (exists): content/voca/en/b1/037/.DS_Store
UPLOAD: content/voca/en/b1/037/audio/voca_b1_037.cues.json
Copying file://content/voca/en/b1/037/audio/voca_b1_037.cues.json [Content-Type=application/json]...
/ [0 files][    0.0 B/  338.0 B]                                                / [1 files][  338.0 B/  338.0 B]                                                
Operation completed over 1 objects/338.0 B.                                      
SKIP (exists): content/voca/en/b1/037/audio/audio.wav
SKIP (exists): content/voca/en/b1/037/data/data.json
UPLOAD: content/voca/en/b1/001/.DS_Store
Copying file://content/voca/en/b1/001/.DS_Store [Content-Type=application/octet-stream]...
/ [0 files][    0.0 B/  6.0 KiB]                                                / [1 files][  6.0 KiB/  6.0 KiB]                                                
Operation completed over 1 objects/6.0 KiB.                                      
UPLOAD: content/voca/en/b1/001/audio/voca_b1_001.cues.json
Copying file://content/voca/en/b1/001/audio/voca_b1_001.cues.json [Content-Type=application/json]...
/ [0 files][    0.0 B/  338.0 B]                                                / [1 files][  338.0 B/  338.0 B]                                                -
Operation completed over 1 objects/338.0 B.                                      
SKIP (exists): content/voca/en/b1/001/audio/audio.wav
SKIP (exists): content/voca/en/b1/001/data/data.json
SKIP (exists): content/voca/en/b1/039/.DS_Store
UPLOAD: content/voca/en/b1/039/audio/voca_b1_039.cues.json
Copying file://content/voca/en/b1/039/audio/voca_b1_039.cues.json [Content-Type=application/json]...
/ [0 files][    0.0 B/  338.0 B]                                                / [1 files][  338.0 B/  338.0 B]                                                
Operation completed over 1 objects/338.0 B.                                      
SKIP (exists): content/voca/en/b1/039/audio/audio.wav
SKIP (exists): content/voca/en/b1/039/data/data.json
SKIP (exists): content/voca/en/b1/006/.DS_Store
UPLOAD: content/voca/en/b1/006/audio/voca_b1_006.cues.json
Copying file://content/voca/en/b1/006/audio/voca_b1_006.cues.json [Content-Type=application/json]...
/ [0 files][    0.0 B/  338.0 B]                                                / [1 files][  338.0 B/  338.0 B]                                                
Operation completed over 1 objects/338.0 B.                                      
SKIP (exists): content/voca/en/b1/006/audio/audio.wav
SKIP (exists): content/voca/en/b1/006/data/data.json
UPLOAD: content/voca/en/b1/042/.DS_Store
Copying file://content/voca/en/b1/042/.DS_Store [Content-Type=application/octet-stream]...
/ [0 files][    0.0 B/  6.0 KiB]                                                / [1 files][  6.0 KiB/  6.0 KiB]                                                
Operation completed over 1 objects/6.0 KiB.                                      
UPLOAD: content/voca/en/b1/042/audio/voca_b1_042.cues.json
Copying file://content/voca/en/b1/042/audio/voca_b1_042.cues.json [Content-Type=application/json]...
/ [0 files][    0.0 B/  338.0 B]                                                / [1 files][  338.0 B/  338.0 B]                                                
Operation completed over 1 objects/338.0 B.                                      
SKIP (exists): content/voca/en/b1/042/audio/audio.wav
SKIP (exists): content/voca/en/b1/042/data/data.json
UPLOAD: content/voca/en/b1/045/.DS_Store
Copying file://content/voca/en/b1/045/.DS_Store [Content-Type=application/octet-stream]...
/ [0 files][    0.0 B/  6.0 KiB]                                                / [1 files][  6.0 KiB/  6.0 KiB]                                                
Operation completed over 1 objects/6.0 KiB.                                      
SKIP (exists): content/voca/en/b1/045/audio/audio.wav
SKIP (exists): content/voca/en/b1/045/audio/voca_b1_045.cues.json
SKIP (exists): content/voca/en/b1/045/data/data.json
UPLOAD: content/voca/en/b1/020/.DS_Store
Copying file://content/voca/en/b1/020/.DS_Store [Content-Type=application/octet-stream]...
/ [0 files][    0.0 B/  6.0 KiB]                                                / [1 files][  6.0 KiB/  6.0 KiB]                                                
Operation completed over 1 objects/6.0 KiB.                                      
UPLOAD: content/voca/en/b1/020/audio/voca_b1_020.cues.json
Copying file://content/voca/en/b1/020/audio/voca_b1_020.cues.json [Content-Type=application/json]...
/ [0 files][    0.0 B/  338.0 B]                                                / [1 files][  338.0 B/  338.0 B]                                                
Operation completed over 1 objects/338.0 B.                                      
SKIP (exists): content/voca/en/b1/020/audio/audio.wav
SKIP (exists): content/voca/en/b1/020/data/data.json
UPLOAD: content/voca/en/b1/027/.DS_Store
Copying file://content/voca/en/b1/027/.DS_Store [Content-Type=application/octet-stream]...
/ [0 files][    0.0 B/  6.0 KiB]                                                / [1 files][  6.0 KiB/  6.0 KiB]                                                
Operation completed over 1 objects/6.0 KiB.                                      
UPLOAD: content/voca/en/b1/027/audio/voca_b1_027.cues.json
Copying file://content/voca/en/b1/027/audio/voca_b1_027.cues.json [Content-Type=application/json]...
/ [0 files][    0.0 B/  338.0 B]                                                / [1 files][  338.0 B/  338.0 B]                                                
Operation completed over 1 objects/338.0 B.                                      
SKIP (exists): content/voca/en/b1/027/audio/audio.wav
SKIP (exists): content/voca/en/b1/027/data/data.json
UPLOAD: content/voca/en/b1/018/.DS_Store
Copying file://content/voca/en/b1/018/.DS_Store [Content-Type=application/octet-stream]...
/ [0 files][    0.0 B/  6.0 KiB]                                                / [1 files][  6.0 KiB/  6.0 KiB]                                                
Operation completed over 1 objects/6.0 KiB.                                      
SKIP (exists): content/voca/en/b1/018/audio/voca_b1_018.cues.json
SKIP (exists): content/voca/en/b1/018/audio/audio.wav
SKIP (exists): content/voca/en/b1/018/data/data.json
UPLOAD: content/voca/en/b1/011/.DS_Store
Copying file://content/voca/en/b1/011/.DS_Store [Content-Type=application/octet-stream]...
/ [0 files][    0.0 B/  6.0 KiB]                                                / [1 files][  6.0 KiB/  6.0 KiB]                                                
Operation completed over 1 objects/6.0 KiB.                                      
UPLOAD: content/voca/en/b1/011/audio/voca_b1_011.cues.json
Copying file://content/voca/en/b1/011/audio/voca_b1_011.cues.json [Content-Type=application/json]...
/ [0 files][    0.0 B/  338.0 B]                                                / [1 files][  338.0 B/  338.0 B]                                                
Operation completed over 1 objects/338.0 B.                                      
SKIP (exists): content/voca/en/b1/011/audio/audio.wav
SKIP (exists): content/voca/en/b1/011/data/data.json
UPLOAD: content/voca/en/b1/016/.DS_Store
Copying file://content/voca/en/b1/016/.DS_Store [Content-Type=application/octet-stream]...
/ [0 files][    0.0 B/  6.0 KiB]                                                / [1 files][  6.0 KiB/  6.0 KiB]                                                
Operation completed over 1 objects/6.0 KiB.                                      
UPLOAD: content/voca/en/b1/016/audio/voca_b1_016.cues.json
Copying file://content/voca/en/b1/016/audio/voca_b1_016.cues.json [Content-Type=application/json]...
/ [0 files][    0.0 B/  338.0 B]                                                / [1 files][  338.0 B/  338.0 B]                                                -
Operation completed over 1 objects/338.0 B.                                      
SKIP (exists): content/voca/en/b1/016/audio/audio.wav
SKIP (exists): content/voca/en/b1/016/data/data.json
SKIP (exists): content/voca/en/b1/029/.DS_Store
UPLOAD: content/voca/en/b1/029/audio/voca_b1_029.cues.json
Copying file://content/voca/en/b1/029/audio/voca_b1_029.cues.json [Content-Type=application/json]...
/ [0 files][    0.0 B/  338.0 B]                                                / [1 files][  338.0 B/  338.0 B]                                                
Operation completed over 1 objects/338.0 B.                                      
SKIP (exists): content/voca/en/b1/029/audio/audio.wav
SKIP (exists): content/voca/en/b1/029/data/data.json
UPLOAD: content/voca/en/b1/044/.DS_Store
Copying file://content/voca/en/b1/044/.DS_Store [Content-Type=application/octet-stream]...
/ [0 files][    0.0 B/  6.0 KiB]                                                / [1 files][  6.0 KiB/  6.0 KiB]                                                
Operation completed over 1 objects/6.0 KiB.                                      
UPLOAD: content/voca/en/b1/044/audio/voca_b1_044.cues.json
Copying file://content/voca/en/b1/044/audio/voca_b1_044.cues.json [Content-Type=application/json]...
/ [0 files][    0.0 B/  338.0 B]                                                / [1 files][  338.0 B/  338.0 B]                                                
Operation completed over 1 objects/338.0 B.                                      
SKIP (exists): content/voca/en/b1/044/audio/audio.wav
SKIP (exists): content/voca/en/b1/044/data/data.json
SKIP (exists): content/voca/en/b1/043/.DS_Store
UPLOAD: content/voca/en/b1/043/audio/voca_b1_043.cues.json
Copying file://content/voca/en/b1/043/audio/voca_b1_043.cues.json [Content-Type=application/json]...
/ [0 files][    0.0 B/  338.0 B]                                                / [1 files][  338.0 B/  338.0 B]                                                
Operation completed over 1 objects/338.0 B.                                      
SKIP (exists): content/voca/en/b1/043/audio/audio.wav
SKIP (exists): content/voca/en/b1/043/data/data.json
UPLOAD: content/voca/en/b1/017/.DS_Store
Copying file://content/voca/en/b1/017/.DS_Store [Content-Type=application/octet-stream]...
/ [0 files][    0.0 B/  6.0 KiB]                                                / [1 files][  6.0 KiB/  6.0 KiB]                                                
Operation completed over 1 objects/6.0 KiB.                                      
UPLOAD: content/voca/en/b1/017/audio/voca_b1_017.cues.json
Copying file://content/voca/en/b1/017/audio/voca_b1_017.cues.json [Content-Type=application/json]...
/ [0 files][    0.0 B/  338.0 B]                                                / [1 files][  338.0 B/  338.0 B]                                                
Operation completed over 1 objects/338.0 B.                                      
SKIP (exists): content/voca/en/b1/017/audio/audio.wav
SKIP (exists): content/voca/en/b1/017/data/data.json
UPLOAD: content/voca/en/b1/028/.DS_Store
Copying file://content/voca/en/b1/028/.DS_Store [Content-Type=application/octet-stream]...
/ [0 files][    0.0 B/  6.0 KiB]                                                / [1 files][  6.0 KiB/  6.0 KiB]                                                
Operation completed over 1 objects/6.0 KiB.                                      
SKIP (exists): content/voca/en/b1/028/audio/voca_b1_028.cues.json
SKIP (exists): content/voca/en/b1/028/audio/audio.wav
SKIP (exists): content/voca/en/b1/028/data/data.json
UPLOAD: content/voca/en/b1/010/.DS_Store
Copying file://content/voca/en/b1/010/.DS_Store [Content-Type=application/octet-stream]...
/ [0 files][    0.0 B/  6.0 KiB]                                                / [1 files][  6.0 KiB/  6.0 KiB]                                                
Operation completed over 1 objects/6.0 KiB.                                      
UPLOAD: content/voca/en/b1/010/audio/voca_b1_010.cues.json
Copying file://content/voca/en/b1/010/audio/voca_b1_010.cues.json [Content-Type=application/json]...
/ [0 files][    0.0 B/  338.0 B]                                                / [1 files][  338.0 B/  338.0 B]                                                
Operation completed over 1 objects/338.0 B.                                      
SKIP (exists): content/voca/en/b1/010/audio/audio.wav
SKIP (exists): content/voca/en/b1/010/data/data.json
UPLOAD: content/voca/en/b1/026/.DS_Store
Copying file://content/voca/en/b1/026/.DS_Store [Content-Type=application/octet-stream]...
/ [0 files][    0.0 B/  6.0 KiB]                                                / [1 files][  6.0 KiB/  6.0 KiB]                                                
Operation completed over 1 objects/6.0 KiB.                                      
UPLOAD: content/voca/en/b1/026/audio/voca_b1_026.cues.json
Copying file://content/voca/en/b1/026/audio/voca_b1_026.cues.json [Content-Type=application/json]...
/ [0 files][    0.0 B/  338.0 B]                                                / [1 files][  338.0 B/  338.0 B]                                                
Operation completed over 1 objects/338.0 B.                                      
SKIP (exists): content/voca/en/b1/026/audio/audio.wav
SKIP (exists): content/voca/en/b1/026/data/data.json
UPLOAD: content/voca/en/b1/019/.DS_Store
Copying file://content/voca/en/b1/019/.DS_Store [Content-Type=application/octet-stream]...
/ [0 files][    0.0 B/  6.0 KiB]                                                / [1 files][  6.0 KiB/  6.0 KiB]                                                
Operation completed over 1 objects/6.0 KiB.                                      
SKIP (exists): content/voca/en/b1/019/audio/voca_b1_019.cues.json
SKIP (exists): content/voca/en/b1/019/audio/audio.wav
SKIP (exists): content/voca/en/b1/019/data/data.json
UPLOAD: content/voca/en/b1/021/.DS_Store
Copying file://content/voca/en/b1/021/.DS_Store [Content-Type=application/octet-stream]...
/ [0 files][    0.0 B/  6.0 KiB]                                                / [1 files][  6.0 KiB/  6.0 KiB]                                                
Operation completed over 1 objects/6.0 KiB.                                      
UPLOAD: content/voca/en/b1/021/audio/voca_b1_021.cues.json
Copying file://content/voca/en/b1/021/audio/voca_b1_021.cues.json [Content-Type=application/json]...
/ [0 files][    0.0 B/  338.0 B]                                                / [1 files][  338.0 B/  338.0 B]                                                
Operation completed over 1 objects/338.0 B.                                      
SKIP (exists): content/voca/en/b1/021/audio/audio.wav
SKIP (exists): content/voca/en/b1/021/data/data.json
UPLOAD: content/voca/en/b1/003/.DS_Store
Copying file://content/voca/en/b1/003/.DS_Store [Content-Type=application/octet-stream]...
/ [0 files][    0.0 B/  6.0 KiB]                                                / [1 files][  6.0 KiB/  6.0 KiB]                                                
Operation completed over 1 objects/6.0 KiB.                                      
UPLOAD: content/voca/en/b1/003/audio/voca_b1_003.cues.json
Copying file://content/voca/en/b1/003/audio/voca_b1_003.cues.json [Content-Type=application/json]...
/ [0 files][    0.0 B/  338.0 B]                                                / [1 files][  338.0 B/  338.0 B]                                                
Operation completed over 1 objects/338.0 B.                                      
SKIP (exists): content/voca/en/b1/003/audio/audio.wav
SKIP (exists): content/voca/en/b1/003/data/data.json
UPLOAD: content/voca/en/b1/004/.DS_Store
Copying file://content/voca/en/b1/004/.DS_Store [Content-Type=application/octet-stream]...
/ [0 files][    0.0 B/  6.0 KiB]                                                / [1 files][  6.0 KiB/  6.0 KiB]                                                
Operation completed over 1 objects/6.0 KiB.                                      
SKIP (exists): content/voca/en/b1/004/audio/voca_b1_004.cues.json
SKIP (exists): content/voca/en/b1/004/audio/audio.wav
SKIP (exists): content/voca/en/b1/004/data/data.json
UPLOAD: content/voca/en/b1/032/.DS_Store
Copying file://content/voca/en/b1/032/.DS_Store [Content-Type=application/octet-stream]...
/ [0 files][    0.0 B/  6.0 KiB]                                                / [1 files][  6.0 KiB/  6.0 KiB]                                                
Operation completed over 1 objects/6.0 KiB.                                      
UPLOAD: content/voca/en/b1/032/audio/voca_b1_032.cues.json
Copying file://content/voca/en/b1/032/audio/voca_b1_032.cues.json [Content-Type=application/json]...
/ [0 files][    0.0 B/  338.0 B]                                                / [1 files][  338.0 B/  338.0 B]                                                
Operation completed over 1 objects/338.0 B.                                      
SKIP (exists): content/voca/en/b1/032/audio/audio.wav
SKIP (exists): content/voca/en/b1/032/data/data.json
UPLOAD: content/voca/en/b1/035/.DS_Store
Copying file://content/voca/en/b1/035/.DS_Store [Content-Type=application/octet-stream]...
/ [0 files][    0.0 B/  6.0 KiB]                                                / [1 files][  6.0 KiB/  6.0 KiB]                                                
Operation completed over 1 objects/6.0 KiB.                                      
UPLOAD: content/voca/en/b1/035/audio/voca_b1_035.cues.json
Copying file://content/voca/en/b1/035/audio/voca_b1_035.cues.json [Content-Type=application/json]...
/ [0 files][    0.0 B/  338.0 B]                                                / [1 files][  338.0 B/  338.0 B]                                                
Operation completed over 1 objects/338.0 B.                                      
SKIP (exists): content/voca/en/b1/035/audio/audio.wav
SKIP (exists): content/voca/en/b1/035/data/data.json
UPLOAD: content/voca/en/b1/050/.DS_Store
Copying file://content/voca/en/b1/050/.DS_Store [Content-Type=application/octet-stream]...
/ [0 files][    0.0 B/  6.0 KiB]                                                / [1 files][  6.0 KiB/  6.0 KiB]                                                
Operation completed over 1 objects/6.0 KiB.                                      
UPLOAD: content/voca/en/b1/050/audio/voca_b1_050.cues.json
Copying file://content/voca/en/b1/050/audio/voca_b1_050.cues.json [Content-Type=application/json]...
/ [0 files][    0.0 B/  338.0 B]                                                / [1 files][  338.0 B/  338.0 B]                                                
Operation completed over 1 objects/338.0 B.                                      
SKIP (exists): content/voca/en/b1/050/audio/audio.wav
SKIP (exists): content/voca/en/b1/050/data/data.json
SKIP (exists): content/voca/en/b1/034/.DS_Store
UPLOAD: content/voca/en/b1/034/audio/voca_b1_034.cues.json
Copying file://content/voca/en/b1/034/audio/voca_b1_034.cues.json [Content-Type=application/json]...
/ [0 files][    0.0 B/  338.0 B]                                                / [1 files][  338.0 B/  338.0 B]                                                
Operation completed over 1 objects/338.0 B.                                      
SKIP (exists): content/voca/en/b1/034/audio/audio.wav
SKIP (exists): content/voca/en/b1/034/data/data.json
UPLOAD: content/voca/en/b1/033/.DS_Store
Copying file://content/voca/en/b1/033/.DS_Store [Content-Type=application/octet-stream]...
/ [0 files][    0.0 B/  6.0 KiB]                                                / [1 files][  6.0 KiB/  6.0 KiB]                                                
Operation completed over 1 objects/6.0 KiB.                                      
SKIP (exists): content/voca/en/b1/033/audio/voca_b1_033.cues.json
SKIP (exists): content/voca/en/b1/033/audio/audio.wav
SKIP (exists): content/voca/en/b1/033/data/data.json
UPLOAD: content/voca/en/b1/005/.DS_Store
Copying file://content/voca/en/b1/005/.DS_Store [Content-Type=application/octet-stream]...
/ [0 files][    0.0 B/  6.0 KiB]                                                / [1 files][  6.0 KiB/  6.0 KiB]                                                -
Operation completed over 1 objects/6.0 KiB.                                      
SKIP (exists): content/voca/en/b1/005/audio/voca_b1_005.cues.json
SKIP (exists): content/voca/en/b1/005/audio/audio.wav
SKIP (exists): content/voca/en/b1/005/data/data.json
UPLOAD: content/voca/en/b1/002/.DS_Store
Copying file://content/voca/en/b1/002/.DS_Store [Content-Type=application/octet-stream]...
/ [0 files][    0.0 B/  6.0 KiB]                                                / [1 files][  6.0 KiB/  6.0 KiB]                                                -
Operation completed over 1 objects/6.0 KiB.                                      
SKIP (exists): content/voca/en/b1/002/audio/voca_b1_002.cues.json
SKIP (exists): content/voca/en/b1/002/audio/audio.wav
SKIP (exists): content/voca/en/b1/002/data/data.json
UPLOAD: content/voca/en/a1/024/.DS_Store
Copying file://content/voca/en/a1/024/.DS_Store [Content-Type=application/octet-stream]...
/ [0 files][    0.0 B/  6.0 KiB]                                                / [1 files][  6.0 KiB/  6.0 KiB]                                                -
Operation completed over 1 objects/6.0 KiB.                                      
UPLOAD: content/voca/en/a1/024/audio/voca_a1_024.cues.json
Copying file://content/voca/en/a1/024/audio/voca_a1_024.cues.json [Content-Type=application/json]...
/ [0 files][    0.0 B/  338.0 B]                                                / [1 files][  338.0 B/  338.0 B]                                                
Operation completed over 1 objects/338.0 B.                                      
SKIP (exists): content/voca/en/a1/024/audio/audio.wav
SKIP (exists): content/voca/en/a1/024/data/data.json
UPLOAD: content/voca/en/a1/023/.DS_Store
Copying file://content/voca/en/a1/023/.DS_Store [Content-Type=application/octet-stream]...
/ [0 files][    0.0 B/  6.0 KiB]                                                / [1 files][  6.0 KiB/  6.0 KiB]                                                
Operation completed over 1 objects/6.0 KiB.                                      
UPLOAD: content/voca/en/a1/023/audio/voca_a1_023.cues.json
Copying file://content/voca/en/a1/023/audio/voca_a1_023.cues.json [Content-Type=application/json]...
/ [0 files][    0.0 B/  338.0 B]                                                / [1 files][  338.0 B/  338.0 B]                                                
Operation completed over 1 objects/338.0 B.                                      
SKIP (exists): content/voca/en/a1/023/audio/audio.wav
SKIP (exists): content/voca/en/a1/023/data/data.json
UPLOAD: content/voca/en/a1/015/.DS_Store
Copying file://content/voca/en/a1/015/.DS_Store [Content-Type=application/octet-stream]...
/ [0 files][    0.0 B/  6.0 KiB]                                                / [1 files][  6.0 KiB/  6.0 KiB]                                                
Operation completed over 1 objects/6.0 KiB.                                      
UPLOAD: content/voca/en/a1/015/audio/voca_a1_015.cues.json
Copying file://content/voca/en/a1/015/audio/voca_a1_015.cues.json [Content-Type=application/json]...
/ [0 files][    0.0 B/  338.0 B]                                                / [1 files][  338.0 B/  338.0 B]                                                
Operation completed over 1 objects/338.0 B.                                      
SKIP (exists): content/voca/en/a1/015/audio/audio.wav
SKIP (exists): content/voca/en/a1/015/data/data.json
SKIP (exists): content/voca/en/a1/.DS_Store
SKIP (exists): content/voca/en/a1/012/.DS_Store
UPLOAD: content/voca/en/a1/012/audio/voca_a1_012.cues.json
Copying file://content/voca/en/a1/012/audio/voca_a1_012.cues.json [Content-Type=application/json]...
/ [0 files][    0.0 B/  338.0 B]                                                / [1 files][  338.0 B/  338.0 B]                                                
Operation completed over 1 objects/338.0 B.                                      
SKIP (exists): content/voca/en/a1/012/audio/audio.wav
SKIP (exists): content/voca/en/a1/012/data/data.json
UPLOAD: content/voca/en/a1/013/.DS_Store
Copying file://content/voca/en/a1/013/.DS_Store [Content-Type=application/octet-stream]...
/ [0 files][    0.0 B/  6.0 KiB]                                                / [1 files][  6.0 KiB/  6.0 KiB]                                                
Operation completed over 1 objects/6.0 KiB.                                      
UPLOAD: content/voca/en/a1/013/audio/voca_a1_013.cues.json
Copying file://content/voca/en/a1/013/audio/voca_a1_013.cues.json [Content-Type=application/json]...
/ [0 files][    0.0 B/  338.0 B]                                                / [1 files][  338.0 B/  338.0 B]                                                
Operation completed over 1 objects/338.0 B.                                      
SKIP (exists): content/voca/en/a1/013/audio/audio.wav
SKIP (exists): content/voca/en/a1/013/data/data.json
UPLOAD: content/voca/en/a1/014/.DS_Store
Copying file://content/voca/en/a1/014/.DS_Store [Content-Type=application/octet-stream]...
/ [0 files][    0.0 B/  6.0 KiB]                                                / [1 files][  6.0 KiB/  6.0 KiB]                                                
Operation completed over 1 objects/6.0 KiB.                                      
UPLOAD: content/voca/en/a1/014/audio/voca_a1_014.cues.json
Copying file://content/voca/en/a1/014/audio/voca_a1_014.cues.json [Content-Type=application/json]...
/ [0 files][    0.0 B/  338.0 B]                                                / [1 files][  338.0 B/  338.0 B]                                                
Operation completed over 1 objects/338.0 B.                                      
SKIP (exists): content/voca/en/a1/014/audio/audio.wav
SKIP (exists): content/voca/en/a1/014/data/data.json
SKIP (exists): content/voca/en/a1/022/.DS_Store
UPLOAD: content/voca/en/a1/022/audio/voca_a1_022.cues.json
Copying file://content/voca/en/a1/022/audio/voca_a1_022.cues.json [Content-Type=application/json]...
/ [0 files][    0.0 B/  338.0 B]                                                / [1 files][  338.0 B/  338.0 B]                                                -
Operation completed over 1 objects/338.0 B.                                      
SKIP (exists): content/voca/en/a1/022/audio/audio.wav
SKIP (exists): content/voca/en/a1/022/data/data.json
UPLOAD: content/voca/en/a1/025/.DS_Store
Copying file://content/voca/en/a1/025/.DS_Store [Content-Type=application/octet-stream]...
/ [0 files][    0.0 B/  6.0 KiB]                                                / [1 files][  6.0 KiB/  6.0 KiB]                                                -
Operation completed over 1 objects/6.0 KiB.                                      
UPLOAD: content/voca/en/a1/025/audio/voca_a1_025.cues.json
Copying file://content/voca/en/a1/025/audio/voca_a1_025.cues.json [Content-Type=application/json]...
/ [0 files][    0.0 B/  338.0 B]                                                / [1 files][  338.0 B/  338.0 B]                                                
Operation completed over 1 objects/338.0 B.                                      
SKIP (exists): content/voca/en/a1/025/audio/audio.wav
SKIP (exists): content/voca/en/a1/025/data/data.json
UPLOAD: content/voca/en/a1/040/.DS_Store
Copying file://content/voca/en/a1/040/.DS_Store [Content-Type=application/octet-stream]...
/ [0 files][    0.0 B/  6.0 KiB]                                                / [1 files][  6.0 KiB/  6.0 KiB]                                                -
Operation completed over 1 objects/6.0 KiB.                                      
UPLOAD: content/voca/en/a1/040/audio/voca_a1_040.cues.json
Copying file://content/voca/en/a1/040/audio/voca_a1_040.cues.json [Content-Type=application/json]...
/ [0 files][    0.0 B/  338.0 B]                                                / [1 files][  338.0 B/  338.0 B]                                                
Operation completed over 1 objects/338.0 B.                                      
SKIP (exists): content/voca/en/a1/040/audio/audio.wav
SKIP (exists): content/voca/en/a1/040/data/data.json
SKIP (exists): content/voca/en/a1/038/.DS_Store
UPLOAD: content/voca/en/a1/038/audio/voca_a1_038.cues.json
Copying file://content/voca/en/a1/038/audio/voca_a1_038.cues.json [Content-Type=application/json]...
/ [0 files][    0.0 B/  338.0 B]                                                / [1 files][  338.0 B/  338.0 B]                                                
Operation completed over 1 objects/338.0 B.                                      
SKIP (exists): content/voca/en/a1/038/audio/audio.wav
SKIP (exists): content/voca/en/a1/038/data/data.json
UPLOAD: content/voca/en/a1/007/.DS_Store
Copying file://content/voca/en/a1/007/.DS_Store [Content-Type=application/octet-stream]...
/ [0 files][    0.0 B/  6.0 KiB]                                                / [1 files][  6.0 KiB/  6.0 KiB]                                                
Operation completed over 1 objects/6.0 KiB.                                      
UPLOAD: content/voca/en/a1/007/audio/voca_a1_007.cues.json
Copying file://content/voca/en/a1/007/audio/voca_a1_007.cues.json [Content-Type=application/json]...
/ [0 files][    0.0 B/  338.0 B]                                                / [1 files][  338.0 B/  338.0 B]                                                
Operation completed over 1 objects/338.0 B.                                      
SKIP (exists): content/voca/en/a1/007/audio/audio.wav
SKIP (exists): content/voca/en/a1/007/data/data.json
UPLOAD: content/voca/en/a1/009/.DS_Store
Copying file://content/voca/en/a1/009/.DS_Store [Content-Type=application/octet-stream]...
/ [0 files][    0.0 B/  6.0 KiB]                                                / [1 files][  6.0 KiB/  6.0 KiB]                                                
Operation completed over 1 objects/6.0 KiB.                                      
UPLOAD: content/voca/en/a1/009/audio/voca_a1_009.cues.json
Copying file://content/voca/en/a1/009/audio/voca_a1_009.cues.json [Content-Type=application/json]...
/ [0 files][    0.0 B/  338.0 B]                                                / [1 files][  338.0 B/  338.0 B]                                                
Operation completed over 1 objects/338.0 B.                                      
SKIP (exists): content/voca/en/a1/009/audio/audio.wav
SKIP (exists): content/voca/en/a1/009/data/data.json
UPLOAD: content/voca/en/a1/036/.DS_Store
Copying file://content/voca/en/a1/036/.DS_Store [Content-Type=application/octet-stream]...
/ [0 files][    0.0 B/  6.0 KiB]                                                / [1 files][  6.0 KiB/  6.0 KiB]                                                
Operation completed over 1 objects/6.0 KiB.                                      
UPLOAD: content/voca/en/a1/036/audio/voca_a1_036.cues.json
Copying file://content/voca/en/a1/036/audio/voca_a1_036.cues.json [Content-Type=application/json]...
/ [0 files][    0.0 B/  338.0 B]                                                / [1 files][  338.0 B/  338.0 B]                                                
Operation completed over 1 objects/338.0 B.                                      
SKIP (exists): content/voca/en/a1/036/audio/audio.wav
SKIP (exists): content/voca/en/a1/036/data/data.json
UPLOAD: content/voca/en/a1/031/.DS_Store
Copying file://content/voca/en/a1/031/.DS_Store [Content-Type=application/octet-stream]...
/ [0 files][    0.0 B/  6.0 KiB]                                                / [1 files][  6.0 KiB/  6.0 KiB]                                                
Operation completed over 1 objects/6.0 KiB.                                      
UPLOAD: content/voca/en/a1/031/audio/voca_a1_031.cues.json
Copying file://content/voca/en/a1/031/audio/voca_a1_031.cues.json [Content-Type=application/json]...
/ [0 files][    0.0 B/  338.0 B]                                                / [1 files][  338.0 B/  338.0 B]                                                -
Operation completed over 1 objects/338.0 B.                                      
SKIP (exists): content/voca/en/a1/031/audio/audio.wav
SKIP (exists): content/voca/en/a1/031/data/data.json
SKIP (exists): content/voca/en/a1/030/.DS_Store
UPLOAD: content/voca/en/a1/030/audio/voca_a1_030.cues.json
Copying file://content/voca/en/a1/030/audio/voca_a1_030.cues.json [Content-Type=application/json]...
/ [0 files][    0.0 B/  338.0 B]                                                / [1 files][  338.0 B/  338.0 B]                                                
Operation completed over 1 objects/338.0 B.                                      
SKIP (exists): content/voca/en/a1/030/audio/audio.wav
SKIP (exists): content/voca/en/a1/030/data/data.json
UPLOAD: content/voca/en/a1/008/.DS_Store
Copying file://content/voca/en/a1/008/.DS_Store [Content-Type=application/octet-stream]...
/ [0 files][    0.0 B/  6.0 KiB]                                                / [1 files][  6.0 KiB/  6.0 KiB]                                                -
Operation completed over 1 objects/6.0 KiB.                                      
UPLOAD: content/voca/en/a1/008/audio/voca_a1_008.cues.json
Copying file://content/voca/en/a1/008/audio/voca_a1_008.cues.json [Content-Type=application/json]...
/ [0 files][    0.0 B/  338.0 B]                                                / [1 files][  338.0 B/  338.0 B]                                                
Operation completed over 1 objects/338.0 B.                                      
SKIP (exists): content/voca/en/a1/008/audio/audio.wav
SKIP (exists): content/voca/en/a1/008/data/data.json
UPLOAD: content/voca/en/a1/037/.DS_Store
Copying file://content/voca/en/a1/037/.DS_Store [Content-Type=application/octet-stream]...
/ [0 files][    0.0 B/  6.0 KiB]                                                / [1 files][  6.0 KiB/  6.0 KiB]                                                -
Operation completed over 1 objects/6.0 KiB.                                      
SKIP (exists): content/voca/en/a1/037/audio/voca_a1_037.cues.json
SKIP (exists): content/voca/en/a1/037/audio/audio.wav
SKIP (exists): content/voca/en/a1/037/data/data.json
SKIP (exists): content/voca/en/a1/001/.DS_Store
UPLOAD: content/voca/en/a1/001/audio/voca_a1_001.cues.json
Copying file://content/voca/en/a1/001/audio/voca_a1_001.cues.json [Content-Type=application/json]...
/ [0 files][    0.0 B/  338.0 B]                                                / [1 files][  338.0 B/  338.0 B]                                                
Operation completed over 1 objects/338.0 B.                                      
SKIP (exists): content/voca/en/a1/001/audio/audio.wav
SKIP (exists): content/voca/en/a1/001/data/data.json
UPLOAD: content/voca/en/a1/039/.DS_Store
Copying file://content/voca/en/a1/039/.DS_Store [Content-Type=application/octet-stream]...
/ [0 files][    0.0 B/  6.0 KiB]                                                / [1 files][  6.0 KiB/  6.0 KiB]                                                
Operation completed over 1 objects/6.0 KiB.                                      
UPLOAD: content/voca/en/a1/039/audio/voca_a1_039.cues.json
Copying file://content/voca/en/a1/039/audio/voca_a1_039.cues.json [Content-Type=application/json]...
/ [0 files][    0.0 B/  338.0 B]                                                / [1 files][  338.0 B/  338.0 B]                                                
Operation completed over 1 objects/338.0 B.                                      
SKIP (exists): content/voca/en/a1/039/audio/audio.wav
SKIP (exists): content/voca/en/a1/039/data/data.json
UPLOAD: content/voca/en/a1/006/.DS_Store
Copying file://content/voca/en/a1/006/.DS_Store [Content-Type=application/octet-stream]...
/ [0 files][    0.0 B/  6.0 KiB]                                                / [1 files][  6.0 KiB/  6.0 KiB]                                                
Operation completed over 1 objects/6.0 KiB.                                      
UPLOAD: content/voca/en/a1/006/audio/voca_a1_006.cues.json
Copying file://content/voca/en/a1/006/audio/voca_a1_006.cues.json [Content-Type=application/json]...
/ [0 files][    0.0 B/  338.0 B]                                                / [1 files][  338.0 B/  338.0 B]                                                
Operation completed over 1 objects/338.0 B.                                      
SKIP (exists): content/voca/en/a1/006/audio/audio.wav
SKIP (exists): content/voca/en/a1/006/data/data.json
UPLOAD: content/voca/en/a1/020/.DS_Store
Copying file://content/voca/en/a1/020/.DS_Store [Content-Type=application/octet-stream]...
/ [0 files][    0.0 B/  6.0 KiB]                                                / [1 files][  6.0 KiB/  6.0 KiB]                                                
Operation completed over 1 objects/6.0 KiB.                                      
UPLOAD: content/voca/en/a1/020/audio/voca_a1_020.cues.json
Copying file://content/voca/en/a1/020/audio/voca_a1_020.cues.json [Content-Type=application/json]...
/ [0 files][    0.0 B/  338.0 B]                                                / [1 files][  338.0 B/  338.0 B]                                                
Operation completed over 1 objects/338.0 B.                                      
SKIP (exists): content/voca/en/a1/020/audio/audio.wav
SKIP (exists): content/voca/en/a1/020/data/data.json
UPLOAD: content/voca/en/a1/027/.DS_Store
Copying file://content/voca/en/a1/027/.DS_Store [Content-Type=application/octet-stream]...
/ [0 files][    0.0 B/  6.0 KiB]                                                / [1 files][  6.0 KiB/  6.0 KiB]                                                
Operation completed over 1 objects/6.0 KiB.                                      
SKIP (exists): content/voca/en/a1/027/audio/audio.wav
UPLOAD: content/voca/en/a1/027/audio/voca_a1_027.cues.json
Copying file://content/voca/en/a1/027/audio/voca_a1_027.cues.json [Content-Type=application/json]...
/ [0 files][    0.0 B/  338.0 B]                                                / [1 files][  338.0 B/  338.0 B]                                                
Operation completed over 1 objects/338.0 B.                                      
SKIP (exists): content/voca/en/a1/027/data/data.json
UPLOAD: content/voca/en/a1/018/.DS_Store
Copying file://content/voca/en/a1/018/.DS_Store [Content-Type=application/octet-stream]...
/ [0 files][    0.0 B/  6.0 KiB]                                                / [1 files][  6.0 KiB/  6.0 KiB]                                                
Operation completed over 1 objects/6.0 KiB.                                      
UPLOAD: content/voca/en/a1/018/audio/voca_a1_018.cues.json
Copying file://content/voca/en/a1/018/audio/voca_a1_018.cues.json [Content-Type=application/json]...
/ [0 files][    0.0 B/  338.0 B]                                                / [1 files][  338.0 B/  338.0 B]                                                
Operation completed over 1 objects/338.0 B.                                      
SKIP (exists): content/voca/en/a1/018/audio/audio.wav
SKIP (exists): content/voca/en/a1/018/data/data.json
UPLOAD: content/voca/en/a1/011/.DS_Store
Copying file://content/voca/en/a1/011/.DS_Store [Content-Type=application/octet-stream]...
/ [0 files][    0.0 B/  6.0 KiB]                                                / [1 files][  6.0 KiB/  6.0 KiB]                                                
Operation completed over 1 objects/6.0 KiB.                                      
UPLOAD: content/voca/en/a1/011/audio/voca_a1_011.cues.json
Copying file://content/voca/en/a1/011/audio/voca_a1_011.cues.json [Content-Type=application/json]...
/ [0 files][    0.0 B/  338.0 B]                                                / [1 files][  338.0 B/  338.0 B]                                                
Operation completed over 1 objects/338.0 B.                                      
SKIP (exists): content/voca/en/a1/011/audio/audio.wav
SKIP (exists): content/voca/en/a1/011/data/data.json
UPLOAD: content/voca/en/a1/016/.DS_Store
Copying file://content/voca/en/a1/016/.DS_Store [Content-Type=application/octet-stream]...
/ [0 files][    0.0 B/  6.0 KiB]                                                / [1 files][  6.0 KiB/  6.0 KiB]                                                
Operation completed over 1 objects/6.0 KiB.                                      
UPLOAD: content/voca/en/a1/016/audio/voca_a1_016.cues.json
Copying file://content/voca/en/a1/016/audio/voca_a1_016.cues.json [Content-Type=application/json]...
/ [0 files][    0.0 B/  338.0 B]                                                / [1 files][  338.0 B/  338.0 B]                                                
Operation completed over 1 objects/338.0 B.                                      
SKIP (exists): content/voca/en/a1/016/audio/audio.wav
SKIP (exists): content/voca/en/a1/016/data/data.json
UPLOAD: content/voca/en/a1/029/.DS_Store
Copying file://content/voca/en/a1/029/.DS_Store [Content-Type=application/octet-stream]...
/ [0 files][    0.0 B/  6.0 KiB]                                                / [1 files][  6.0 KiB/  6.0 KiB]                                                
Operation completed over 1 objects/6.0 KiB.                                      
UPLOAD: content/voca/en/a1/029/audio/voca_a1_029.cues.json
Copying file://content/voca/en/a1/029/audio/voca_a1_029.cues.json [Content-Type=application/json]...
/ [0 files][    0.0 B/  338.0 B]                                                / [1 files][  338.0 B/  338.0 B]                                                
Operation completed over 1 objects/338.0 B.                                      
SKIP (exists): content/voca/en/a1/029/audio/audio.wav
SKIP (exists): content/voca/en/a1/029/data/data.json
UPLOAD: content/voca/en/a1/017/.DS_Store
Copying file://content/voca/en/a1/017/.DS_Store [Content-Type=application/octet-stream]...
/ [0 files][    0.0 B/  6.0 KiB]                                                / [1 files][  6.0 KiB/  6.0 KiB]                                                
Operation completed over 1 objects/6.0 KiB.                                      
SKIP (exists): content/voca/en/a1/017/audio/voca_a1_017.cues.json
SKIP (exists): content/voca/en/a1/017/audio/audio.wav
SKIP (exists): content/voca/en/a1/017/data/data.json
UPLOAD: content/voca/en/a1/028/.DS_Store
Copying file://content/voca/en/a1/028/.DS_Store [Content-Type=application/octet-stream]...
/ [0 files][    0.0 B/  6.0 KiB]                                                / [1 files][  6.0 KiB/  6.0 KiB]                                                
Operation completed over 1 objects/6.0 KiB.                                      
UPLOAD: content/voca/en/a1/028/audio/voca_a1_028.cues.json
Copying file://content/voca/en/a1/028/audio/voca_a1_028.cues.json [Content-Type=application/json]...
/ [0 files][    0.0 B/  338.0 B]                                                / [1 files][  338.0 B/  338.0 B]                                                
Operation completed over 1 objects/338.0 B.                                      
SKIP (exists): content/voca/en/a1/028/audio/audio.wav
SKIP (exists): content/voca/en/a1/028/data/data.json
UPLOAD: content/voca/en/a1/010/.DS_Store
Copying file://content/voca/en/a1/010/.DS_Store [Content-Type=application/octet-stream]...
/ [0 files][    0.0 B/  6.0 KiB]                                                / [1 files][  6.0 KiB/  6.0 KiB]                                                
Operation completed over 1 objects/6.0 KiB.                                      
UPLOAD: content/voca/en/a1/010/audio/voca_a1_010.cues.json
Copying file://content/voca/en/a1/010/audio/voca_a1_010.cues.json [Content-Type=application/json]...
/ [0 files][    0.0 B/  338.0 B]                                                / [1 files][  338.0 B/  338.0 B]                                                
Operation completed over 1 objects/338.0 B.                                      
SKIP (exists): content/voca/en/a1/010/audio/audio.wav
SKIP (exists): content/voca/en/a1/010/data/data.json
UPLOAD: content/voca/en/a1/026/.DS_Store
Copying file://content/voca/en/a1/026/.DS_Store [Content-Type=application/octet-stream]...
/ [0 files][    0.0 B/  6.0 KiB]                                                / [1 files][  6.0 KiB/  6.0 KiB]                                                
Operation completed over 1 objects/6.0 KiB.                                      
SKIP (exists): content/voca/en/a1/026/audio/voca_a1_026.cues.json
SKIP (exists): content/voca/en/a1/026/audio/audio.wav
SKIP (exists): content/voca/en/a1/026/data/data.json
UPLOAD: content/voca/en/a1/019/.DS_Store
Copying file://content/voca/en/a1/019/.DS_Store [Content-Type=application/octet-stream]...
/ [0 files][    0.0 B/  6.0 KiB]                                                / [1 files][  6.0 KiB/  6.0 KiB]                                                
Operation completed over 1 objects/6.0 KiB.                                      
UPLOAD: content/voca/en/a1/019/audio/voca_a1_019.cues.json
Copying file://content/voca/en/a1/019/audio/voca_a1_019.cues.json [Content-Type=application/json]...
/ [0 files][    0.0 B/  338.0 B]                                                / [1 files][  338.0 B/  338.0 B]                                                
Operation completed over 1 objects/338.0 B.                                      
SKIP (exists): content/voca/en/a1/019/audio/audio.wav
SKIP (exists): content/voca/en/a1/019/data/data.json
UPLOAD: content/voca/en/a1/021/.DS_Store
Copying file://content/voca/en/a1/021/.DS_Store [Content-Type=application/octet-stream]...
/ [0 files][    0.0 B/  6.0 KiB]                                                / [1 files][  6.0 KiB/  6.0 KiB]                                                
Operation completed over 1 objects/6.0 KiB.                                      
UPLOAD: content/voca/en/a1/021/audio/voca_a1_021.cues.json
Copying file://content/voca/en/a1/021/audio/voca_a1_021.cues.json [Content-Type=application/json]...
/ [0 files][    0.0 B/  338.0 B]                                                / [1 files][  338.0 B/  338.0 B]                                                
Operation completed over 1 objects/338.0 B.                                      
SKIP (exists): content/voca/en/a1/021/audio/audio.wav
SKIP (exists): content/voca/en/a1/021/data/data.json
UPLOAD: content/voca/en/a1/003/.DS_Store
Copying file://content/voca/en/a1/003/.DS_Store [Content-Type=application/octet-stream]...
/ [0 files][    0.0 B/  6.0 KiB]                                                / [1 files][  6.0 KiB/  6.0 KiB]                                                
Operation completed over 1 objects/6.0 KiB.                                      
SKIP (exists): content/voca/en/a1/003/audio/voca_a1_003.cues.json
SKIP (exists): content/voca/en/a1/003/audio/audio.wav
SKIP (exists): content/voca/en/a1/003/data/data.json
UPLOAD: content/voca/en/a1/004/.DS_Store
Copying file://content/voca/en/a1/004/.DS_Store [Content-Type=application/octet-stream]...
/ [0 files][    0.0 B/  6.0 KiB]                                                / [1 files][  6.0 KiB/  6.0 KiB]                                                
Operation completed over 1 objects/6.0 KiB.                                      
UPLOAD: content/voca/en/a1/004/audio/voca_a1_004.cues.json
Copying file://content/voca/en/a1/004/audio/voca_a1_004.cues.json [Content-Type=application/json]...
/ [0 files][    0.0 B/  338.0 B]                                                / [1 files][  338.0 B/  338.0 B]                                                
Operation completed over 1 objects/338.0 B.                                      
SKIP (exists): content/voca/en/a1/004/audio/audio.wav
SKIP (exists): content/voca/en/a1/004/data/data.json
UPLOAD: content/voca/en/a1/032/.DS_Store
Copying file://content/voca/en/a1/032/.DS_Store [Content-Type=application/octet-stream]...
/ [0 files][    0.0 B/  6.0 KiB]                                                / [1 files][  6.0 KiB/  6.0 KiB]                                                
Operation completed over 1 objects/6.0 KiB.                                      
UPLOAD: content/voca/en/a1/032/audio/voca_a1_032.cues.json
Copying file://content/voca/en/a1/032/audio/voca_a1_032.cues.json [Content-Type=application/json]...
/ [0 files][    0.0 B/  338.0 B]                                                / [1 files][  338.0 B/  338.0 B]                                                
Operation completed over 1 objects/338.0 B.                                      
SKIP (exists): content/voca/en/a1/032/audio/audio.wav
SKIP (exists): content/voca/en/a1/032/data/data.json
UPLOAD: content/voca/en/a1/035/.DS_Store
Copying file://content/voca/en/a1/035/.DS_Store [Content-Type=application/octet-stream]...
/ [0 files][    0.0 B/  6.0 KiB]                                                / [1 files][  6.0 KiB/  6.0 KiB]                                                
Operation completed over 1 objects/6.0 KiB.                                      
UPLOAD: content/voca/en/a1/035/audio/voca_a1_035.cues.json
Copying file://content/voca/en/a1/035/audio/voca_a1_035.cues.json [Content-Type=application/json]...
/ [0 files][    0.0 B/  338.0 B]                                                / [1 files][  338.0 B/  338.0 B]                                                
Operation completed over 1 objects/338.0 B.                                      
SKIP (exists): content/voca/en/a1/035/audio/audio.wav
SKIP (exists): content/voca/en/a1/035/data/data.json
UPLOAD: content/voca/en/a1/034/.DS_Store
Copying file://content/voca/en/a1/034/.DS_Store [Content-Type=application/octet-stream]...
/ [0 files][    0.0 B/  6.0 KiB]                                                / [1 files][  6.0 KiB/  6.0 KiB]                                                
Operation completed over 1 objects/6.0 KiB.                                      
UPLOAD: content/voca/en/a1/034/audio/voca_a1_034.cues.json
Copying file://content/voca/en/a1/034/audio/voca_a1_034.cues.json [Content-Type=application/json]...
/ [0 files][    0.0 B/  338.0 B]                                                / [1 files][  338.0 B/  338.0 B]                                                
Operation completed over 1 objects/338.0 B.                                      
SKIP (exists): content/voca/en/a1/034/audio/audio.wav
SKIP (exists): content/voca/en/a1/034/data/data.json
UPLOAD: content/voca/en/a1/033/.DS_Store
Copying file://content/voca/en/a1/033/.DS_Store [Content-Type=application/octet-stream]...
/ [0 files][    0.0 B/  6.0 KiB]                                                / [1 files][  6.0 KiB/  6.0 KiB]                                                
Operation completed over 1 objects/6.0 KiB.                                      
SKIP (exists): content/voca/en/a1/033/audio/audio.wav
UPLOAD: content/voca/en/a1/033/audio/voca_a1_033.cues.json
Copying file://content/voca/en/a1/033/audio/voca_a1_033.cues.json [Content-Type=application/json]...
/ [0 files][    0.0 B/  338.0 B]                                                / [1 files][  338.0 B/  338.0 B]                                                
Operation completed over 1 objects/338.0 B.                                      
SKIP (exists): content/voca/en/a1/033/data/data.json
UPLOAD: content/voca/en/a1/005/.DS_Store
Copying file://content/voca/en/a1/005/.DS_Store [Content-Type=application/octet-stream]...
/ [0 files][    0.0 B/  6.0 KiB]                                                / [1 files][  6.0 KiB/  6.0 KiB]                                                
Operation completed over 1 objects/6.0 KiB.                                      
UPLOAD: content/voca/en/a1/005/audio/voca_a1_005.cues.json
Copying file://content/voca/en/a1/005/audio/voca_a1_005.cues.json [Content-Type=application/json]...
/ [0 files][    0.0 B/  338.0 B]                                                / [1 files][  338.0 B/  338.0 B]                                                
Operation completed over 1 objects/338.0 B.                                      
SKIP (exists): content/voca/en/a1/005/audio/audio.wav
SKIP (exists): content/voca/en/a1/005/data/data.json
SKIP (exists): content/voca/en/a1/002/.DS_Store
UPLOAD: content/voca/en/a1/002/audio/voca_a1_002.cues.json
Copying file://content/voca/en/a1/002/audio/voca_a1_002.cues.json [Content-Type=application/json]...
/ [0 files][    0.0 B/  338.0 B]                                                / [1 files][  338.0 B/  338.0 B]                                                
Operation completed over 1 objects/338.0 B.                                      
SKIP (exists): content/voca/en/a1/002/audio/audio.wav
SKIP (exists): content/voca/en/a1/002/data/data.json
UPLOAD: content/voca/en/c2/.DS_Store
Copying file://content/voca/en/c2/.DS_Store [Content-Type=application/octet-stream]...
/ [0 files][    0.0 B/  8.0 KiB]                                                / [1 files][  8.0 KiB/  8.0 KiB]                                                
Operation completed over 1 objects/8.0 KiB.                                      
UPLOAD: content/voca/en/c2/007/.DS_Store
Copying file://content/voca/en/c2/007/.DS_Store [Content-Type=application/octet-stream]...
/ [0 files][    0.0 B/  6.0 KiB]                                                / [1 files][  6.0 KiB/  6.0 KiB]                                                
Operation completed over 1 objects/6.0 KiB.                                      
UPLOAD: content/voca/en/c2/007/audio/voca_c2_007.cues.json
Copying file://content/voca/en/c2/007/audio/voca_c2_007.cues.json [Content-Type=application/json]...
/ [0 files][    0.0 B/  338.0 B]                                                / [1 files][  338.0 B/  338.0 B]                                                
Operation completed over 1 objects/338.0 B.                                      
SKIP (exists): content/voca/en/c2/007/audio/audio.wav
SKIP (exists): content/voca/en/c2/007/data/data.json
UPLOAD: content/voca/en/c2/009/.DS_Store
Copying file://content/voca/en/c2/009/.DS_Store [Content-Type=application/octet-stream]...
/ [0 files][    0.0 B/  6.0 KiB]                                                / [1 files][  6.0 KiB/  6.0 KiB]                                                
Operation completed over 1 objects/6.0 KiB.                                      
SKIP (exists): content/voca/en/c2/009/audio/voca_c2_009.cues.json
SKIP (exists): content/voca/en/c2/009/audio/audio.wav
SKIP (exists): content/voca/en/c2/009/data/data.json
UPLOAD: content/voca/en/c2/008/.DS_Store
Copying file://content/voca/en/c2/008/.DS_Store [Content-Type=application/octet-stream]...
/ [0 files][    0.0 B/  6.0 KiB]                                                / [1 files][  6.0 KiB/  6.0 KiB]                                                
Operation completed over 1 objects/6.0 KiB.                                      
UPLOAD: content/voca/en/c2/008/audio/voca_c2_008.cues.json
Copying file://content/voca/en/c2/008/audio/voca_c2_008.cues.json [Content-Type=application/json]...
/ [0 files][    0.0 B/  338.0 B]                                                / [1 files][  338.0 B/  338.0 B]                                                
Operation completed over 1 objects/338.0 B.                                      
SKIP (exists): content/voca/en/c2/008/audio/audio.wav
SKIP (exists): content/voca/en/c2/008/data/data.json
UPLOAD: content/voca/en/c2/001/.DS_Store
Copying file://content/voca/en/c2/001/.DS_Store [Content-Type=application/octet-stream]...
/ [0 files][    0.0 B/  6.0 KiB]                                                / [1 files][  6.0 KiB/  6.0 KiB]                                                
Operation completed over 1 objects/6.0 KiB.                                      
UPLOAD: content/voca/en/c2/001/audio/voca_c2_001.cues.json
Copying file://content/voca/en/c2/001/audio/voca_c2_001.cues.json [Content-Type=application/json]...
/ [0 files][    0.0 B/  338.0 B]                                                / [1 files][  338.0 B/  338.0 B]                                                
Operation completed over 1 objects/338.0 B.                                      
SKIP (exists): content/voca/en/c2/001/audio/audio.wav
SKIP (exists): content/voca/en/c2/001/data/data.json
UPLOAD: content/voca/en/c2/006/.DS_Store
Copying file://content/voca/en/c2/006/.DS_Store [Content-Type=application/octet-stream]...
/ [0 files][    0.0 B/  6.0 KiB]                                                / [1 files][  6.0 KiB/  6.0 KiB]                                                
Operation completed over 1 objects/6.0 KiB.                                      
SKIP (exists): content/voca/en/c2/006/audio/voca_c2_006.cues.json
SKIP (exists): content/voca/en/c2/006/audio/audio.wav
SKIP (exists): content/voca/en/c2/006/data/data.json
UPLOAD: content/voca/en/c2/010/.DS_Store
Copying file://content/voca/en/c2/010/.DS_Store [Content-Type=application/octet-stream]...
/ [0 files][    0.0 B/  6.0 KiB]                                                / [1 files][  6.0 KiB/  6.0 KiB]                                                
Operation completed over 1 objects/6.0 KiB.                                      
UPLOAD: content/voca/en/c2/010/audio/voca_c2_010.cues.json
Copying file://content/voca/en/c2/010/audio/voca_c2_010.cues.json [Content-Type=application/json]...
/ [0 files][    0.0 B/  338.0 B]                                                / [1 files][  338.0 B/  338.0 B]                                                
Operation completed over 1 objects/338.0 B.                                      
SKIP (exists): content/voca/en/c2/010/audio/audio.wav
SKIP (exists): content/voca/en/c2/010/data/data.json
UPLOAD: content/voca/en/c2/003/.DS_Store
Copying file://content/voca/en/c2/003/.DS_Store [Content-Type=application/octet-stream]...
/ [0 files][    0.0 B/  6.0 KiB]                                                / [1 files][  6.0 KiB/  6.0 KiB]                                                
Operation completed over 1 objects/6.0 KiB.                                      
UPLOAD: content/voca/en/c2/003/audio/voca_c2_003.cues.json
Copying file://content/voca/en/c2/003/audio/voca_c2_003.cues.json [Content-Type=application/json]...
/ [0 files][    0.0 B/  338.0 B]                                                / [1 files][  338.0 B/  338.0 B]                                                
Operation completed over 1 objects/338.0 B.                                      
SKIP (exists): content/voca/en/c2/003/audio/audio.wav
SKIP (exists): content/voca/en/c2/003/data/data.json
UPLOAD: content/voca/en/c2/004/.DS_Store
Copying file://content/voca/en/c2/004/.DS_Store [Content-Type=application/octet-stream]...
/ [0 files][    0.0 B/  6.0 KiB]                                                / [1 files][  6.0 KiB/  6.0 KiB]                                                
Operation completed over 1 objects/6.0 KiB.                                      
SKIP (exists): content/voca/en/c2/004/audio/voca_c2_004.cues.json
SKIP (exists): content/voca/en/c2/004/audio/audio.wav
SKIP (exists): content/voca/en/c2/004/data/data.json
UPLOAD: content/voca/en/c2/005/.DS_Store
Copying file://content/voca/en/c2/005/.DS_Store [Content-Type=application/octet-stream]...
/ [0 files][    0.0 B/  6.0 KiB]                                                / [1 files][  6.0 KiB/  6.0 KiB]                                                
Operation completed over 1 objects/6.0 KiB.                                      
UPLOAD: content/voca/en/c2/005/audio/voca_c2_005.cues.json
Copying file://content/voca/en/c2/005/audio/voca_c2_005.cues.json [Content-Type=application/json]...
/ [0 files][    0.0 B/  338.0 B]                                                / [1 files][  338.0 B/  338.0 B]                                                
Operation completed over 1 objects/338.0 B.                                      
SKIP (exists): content/voca/en/c2/005/audio/audio.wav
SKIP (exists): content/voca/en/c2/005/data/data.json
UPLOAD: content/voca/en/c2/002/.DS_Store
Copying file://content/voca/en/c2/002/.DS_Store [Content-Type=application/octet-stream]...
/ [0 files][    0.0 B/  6.0 KiB]                                                / [1 files][  6.0 KiB/  6.0 KiB]                                                
Operation completed over 1 objects/6.0 KiB.                                      
UPLOAD: content/voca/en/c2/002/audio/voca_c2_002.cues.json
Copying file://content/voca/en/c2/002/audio/voca_c2_002.cues.json [Content-Type=application/json]...
/ [0 files][    0.0 B/  338.0 B]                                                / [1 files][  338.0 B/  338.0 B]                                                
Operation completed over 1 objects/338.0 B.                                      
SKIP (exists): content/voca/en/c2/002/audio/audio.wav
SKIP (exists): content/voca/en/c2/002/data/data.json
UPLOAD: content/real/.DS_Store
Copying file://content/real/.DS_Store [Content-Type=application/octet-stream]...
/ [0 files][    0.0 B/  6.0 KiB]                                                / [1 files][  6.0 KiB/  6.0 KiB]                                                
Operation completed over 1 objects/6.0 KiB.                                      
SKIP (exists): content/real/pt/.DS_Store
SKIP (exists): content/real/pt/b2/015/.DS_Store
SKIP (exists): content/real/pt/b2/015/images/b8ffe67275bf8783a85a68fa458cb1f6e65318aad7ba23e584394cb13736bf0d.png
SKIP (exists): content/real/pt/b2/015/audio/1644520a91e63391e9f07a3a2bf4b6b8ddd06cf03b0d7b95177ecec467e735b9.wav
SKIP (exists): content/real/pt/b2/015/data/87036ad5cd84035ff2e8e46c67532c78aef8728332b15455a5bb59fbbb01cffb.json
SKIP (exists): content/real/pt/b2/.DS_Store
SKIP (exists): content/real/pt/b2/012/.DS_Store
SKIP (exists): content/real/pt/b2/012/images/d09d2a86fe04d9d15cdd041d68386f9c7ae18663f345d46cd37a3139cc7b1e21.png
SKIP (exists): content/real/pt/b2/012/audio/2be444f68d42ea92a9c0c398c9873f22a5e34fdc307809b4e9e6772ab33c8551.wav
SKIP (exists): content/real/pt/b2/012/data/90aa7fb6249391a24ad713a67cb9a95415df332407f0d5e6c3d65b1b72160799.json
SKIP (exists): content/real/pt/b2/013/.DS_Store
SKIP (exists): content/real/pt/b2/013/images/e21cb954b1705b086336be6ae149cd01e79222b4ca43403656dfa6baf5c00e02.png
SKIP (exists): content/real/pt/b2/013/audio/c50d2add04215cba0ea12ba6b5da6679e70341eadfbc8c4d7d28be1a39ce2504.wav
SKIP (exists): content/real/pt/b2/013/data/a2ba75781d348bdb54b76dbb0d1b48ebc6fc289ae2ba2c3655eee5d5cb7a7e1d.json
SKIP (exists): content/real/pt/b2/014/.DS_Store
SKIP (exists): content/real/pt/b2/014/images/92bf0ad21cd8547ff5ef214073c54a7d487d8b405990827801ec2ee7e6eefe57.png
SKIP (exists): content/real/pt/b2/014/audio/571c8c37448c1a5e109ffbf1e268c1cf2406cf38ed2367c3b478dac771453de7.wav
SKIP (exists): content/real/pt/b2/014/data/77d5f49f4cef2c6060c9600a80134656d750d72666cfad01139f8c5139dcff82.json
SKIP (exists): content/real/pt/b2/007/.DS_Store
SKIP (exists): content/real/pt/b2/007/images/e79d030927da3008ddb1b996ece983e679ddb1a169021736cf2c42e555e501ab.png
SKIP (exists): content/real/pt/b2/007/audio/4f5f71c9bf40810ce3ae4c0adf67afc5d986a6ce4f6c4a972a7926c6fea63c8e.wav
SKIP (exists): content/real/pt/b2/007/data/16e1a878ce48d4bde20355aa3a0d4d5599c39cef51ca1d2cc19ae262009062a3.json
SKIP (exists): content/real/pt/b2/009/.DS_Store
SKIP (exists): content/real/pt/b2/009/images/2db48a40a5a5407418ee0bd4edfba28ee85f8331cc78838cbe93b11a3b1363a6.png
SKIP (exists): content/real/pt/b2/009/audio/1e34aa2e88e6f234307e5a398cf96a3a887281840e8af8356743b4b2b9d41b8d.wav
SKIP (exists): content/real/pt/b2/009/data/552c2c73f58ff1e91973f60bfb3774069f518a71657a0851874d29094dbb7d32.json
SKIP (exists): content/real/pt/b2/008/.DS_Store
SKIP (exists): content/real/pt/b2/008/images/68946d682bea89aa730928099130e87c26be0e1269facead9ea2b904b74b6e49.png
SKIP (exists): content/real/pt/b2/008/audio/93015535c24ce542c296da0f20d4bf34e2a25d110a84ab2348bc2b6fccba5c34.wav
SKIP (exists): content/real/pt/b2/008/data/c6281fbc905133ccc93e5b00b7933a297fe6287a1e8ba096c80369432c39c0c1.json
SKIP (exists): content/real/pt/b2/001/.DS_Store
SKIP (exists): content/real/pt/b2/001/images/0c7d0d23ced9ea50595bc7eae6ab634559b524b3380f661b6e63a7daf73cb60c.png
SKIP (exists): content/real/pt/b2/001/audio/d52a6051dc7b131fce84f07e1ddf8cae5934543690b1859cb793092cf0b99283.wav
SKIP (exists): content/real/pt/b2/001/data/1d814999a81659bd325064f26b0061ede2a975f02caf3a957772a849fcf74c95.json
SKIP (exists): content/real/pt/b2/006/.DS_Store
SKIP (exists): content/real/pt/b2/006/images/778d49a83c7f4814f0df33b861ea83f8ca424528fc3aaadf8b91f87fe26b4b96.png
SKIP (exists): content/real/pt/b2/006/audio/20a7149f1f9499e80d75960c30b12860169f2e29df4d29fd50fc98ec07a622b7.wav
SKIP (exists): content/real/pt/b2/006/data/a3b2be2197a026c6e1d831ce123b2c02a0477ac1247defc3437984c12bd10c3c.json
SKIP (exists): content/real/pt/b2/020/.DS_Store
SKIP (exists): content/real/pt/b2/020/images/1687c45f74ce170c5edff5d268ec68ad8cd000cedafba42b5e189a9995391222.png
SKIP (exists): content/real/pt/b2/020/audio/b75f18117931b2fa0f33f9083c7c8800380089b1f6be83b11234b5c966c4ef63.wav
SKIP (exists): content/real/pt/b2/020/data/dd7c336fea440877046e08155e5219091bdbbcc04c7f99c4446499779aa789c0.json
SKIP (exists): content/real/pt/b2/018/.DS_Store
SKIP (exists): content/real/pt/b2/018/images/a7745653a617677e17ed7c9a7b862956ef35a5ec9a491152afbf5fd76c6d2f3b.png
SKIP (exists): content/real/pt/b2/018/audio/678ff066a2aed1b03a6b318dce45f7aba5918cf841aab8e6674ad32928256f6b.wav
SKIP (exists): content/real/pt/b2/018/data/e8aef969f574d26a678233183c870648ac93be2284fcb4c682a1530452836017.json
SKIP (exists): content/real/pt/b2/011/.DS_Store
SKIP (exists): content/real/pt/b2/011/images/363268b08f82864f3f4a049413979576381fca2506fc08fe4cbf45998d4c8da0.png
SKIP (exists): content/real/pt/b2/011/audio/911c51056341be4f206bf8504579b632fa2e473b7bbd27a80d0cf434b09a1997.wav
SKIP (exists): content/real/pt/b2/011/data/dd74eef22a7fa0a79ad0140874870718319976b929944fa7c7dd2c660deab339.json
SKIP (exists): content/real/pt/b2/016/.DS_Store
SKIP (exists): content/real/pt/b2/016/images/1143e97dab67874589ee7a33482d0b91d597bedb9be36140b97efe7145279b80.png
SKIP (exists): content/real/pt/b2/016/audio/062600497250a43bb1f49f2c9528a2253050432da6f940024b3656d414d652d2.wav
SKIP (exists): content/real/pt/b2/016/data/df34eae98ec6815e6489eb567ca5d61b76bcf8718ae6a420f77222ec1d9a9e09.json
SKIP (exists): content/real/pt/b2/017/.DS_Store
SKIP (exists): content/real/pt/b2/017/images/3a5bc1d0f8873cd7dc3ac2535f7a3bc407ccc179e2ba4c6734f06d715afb6673.png
SKIP (exists): content/real/pt/b2/017/audio/a2e097ef5acae55aa58f6c9a21f3da850198a1e61782cf47f5158508e46439ee.wav
SKIP (exists): content/real/pt/b2/017/data/e61928d1b67ab60f96c12381f79395d491cb682283c35c4c669e8e488a5b692d.json
SKIP (exists): content/real/pt/b2/010/.DS_Store
SKIP (exists): content/real/pt/b2/010/images/cc2be27b94898f8c5b8968ab0d9f76b41fb2c9c15c49d433b4bc96863855cbc2.png
SKIP (exists): content/real/pt/b2/010/audio/5cfe40c4d96bb3440c30ada8536319af10e0ae9a60af0f3705267ba0c1c27139.wav
SKIP (exists): content/real/pt/b2/010/data/7cca488425332a2052e8499be85e3b78f2b249ba4b94f20cb285891ac4e59d28.json
SKIP (exists): content/real/pt/b2/019/.DS_Store
SKIP (exists): content/real/pt/b2/019/images/924f911cb93bcc4fdf3125126f3ee02b368dc1066376e1a00dcaf294d70db754.png
SKIP (exists): content/real/pt/b2/019/audio/95e63464d00d60cd3d17e3bed84327033aa541d668349c547c36dd2734fe02c4.wav
SKIP (exists): content/real/pt/b2/019/data/cb4b846dc6bdfda4a406641cc9d5ad6e21c4937c2217695678e9463e6635426d.json
SKIP (exists): content/real/pt/b2/003/.DS_Store
SKIP (exists): content/real/pt/b2/003/images/7507b8e28a289ae768df25984fb0c0c2d7dd875c0a8c9289d7563b0443ac575a.png
SKIP (exists): content/real/pt/b2/003/audio/56714e6a5c27af21e262be8a1c7fe3a2007ede4a18123833c18300e170eff1fa.wav
SKIP (exists): content/real/pt/b2/003/data/b638b07da09a21db9aad67eb270cdaa8889352f5c31ac20ecbc7ca9074ecf9c2.json
SKIP (exists): content/real/pt/b2/004/.DS_Store
SKIP (exists): content/real/pt/b2/004/images/275989786c5e84e203c261a61def0b07e9ba3ee2e44eb3badea2d8abdc82fa80.png
SKIP (exists): content/real/pt/b2/004/audio/6e8bd964ff23a0cdb67e4bc332b7920fd3758cc799558eacdc31a3cf87a3b812.wav
SKIP (exists): content/real/pt/b2/004/data/a712d4bcc908e08efbdf56ec5b20188463fbf4d12111285be0080c0cb5b3065a.json
SKIP (exists): content/real/pt/b2/005/.DS_Store
SKIP (exists): content/real/pt/b2/005/images/d39bca741d6be57dbd6a91ae42c3fb5a9d7fcbd796ef3ef62b772903e3d58a9f.png
SKIP (exists): content/real/pt/b2/005/audio/39123edd60bab26d4702321282d69d75be5171097f6f809d11547fbd97cea1a7.wav
SKIP (exists): content/real/pt/b2/005/data/b89bbc3d316cc6b08a5d487ebd344a6255b457f73155c8be0f2947a5a15db6d6.json
SKIP (exists): content/real/pt/b2/002/.DS_Store
SKIP (exists): content/real/pt/b2/002/images/c2eca23a83766e2636c7f1b96bbb6d74f9b24967b185736dfd03782a9345f56d.png
SKIP (exists): content/real/pt/b2/002/audio/34dafefe7e334a94e9edfa5cc62c62accf5cb38c1c5fdae6208e9d0989309d8b.wav
SKIP (exists): content/real/pt/b2/002/data/0c0975eb1bed1d5dbe2422541716cfba673635ffa9ca0d2e363e14f4640fc88f.json
SKIP (exists): content/real/pt/a2/015/.DS_Store
SKIP (exists): content/real/pt/a2/015/images/1179cbd23124aaab36b3b22ea498e2d5e222fa7a2398cd89ae83eb489488aed2.png
SKIP (exists): content/real/pt/a2/015/audio/a87582508512410df6630358e75ba018d13bc7e3b6f23ee42fe1cbefcf8a1f4b.wav
SKIP (exists): content/real/pt/a2/015/data/1f23cb321222db3afa6d1aab3ad4a01b2668c824fbc7643608a3613e12cfec9a.json
SKIP (exists): content/real/pt/a2/.DS_Store
SKIP (exists): content/real/pt/a2/012/.DS_Store
SKIP (exists): content/real/pt/a2/012/images/c1df836a9c5f560267cdb0a8b3b0daa6fc1a8bc7fb5026d5abc1e32caae91df8.png
SKIP (exists): content/real/pt/a2/012/audio/8a2b4a33363433fb93397ae565f1b5f579ca47c617a1c2534aa82cfae4b0380e.wav
SKIP (exists): content/real/pt/a2/012/data/73116adcdc17cb6078b1bf5cccc12cad01dc6a37e9c995b27a25636a3fed1b12.json
SKIP (exists): content/real/pt/a2/013/.DS_Store
SKIP (exists): content/real/pt/a2/013/images/97a96edb4ab3e106dcfce6f5665e8767a1252b3664b07c3f30034dc4871de7df.png
SKIP (exists): content/real/pt/a2/013/audio/7ae12b3c827f483996dbf4180f5c51d76a9dfb66b96842e6677c21d075c57cf9.wav
SKIP (exists): content/real/pt/a2/013/data/ee53945dc17ad438e2491004d8121d35b6f19e881ff194fef917f6238a4ce9d5.json
SKIP (exists): content/real/pt/a2/014/.DS_Store
SKIP (exists): content/real/pt/a2/014/images/1784b15614dd8a038125f5eecdee88908766050f3f1eaf219ebfab98c01b1650.png
SKIP (exists): content/real/pt/a2/014/audio/15328f0874908c814ea0133df1493b5a2de494d3784f76d26bfb3c987e11a91d.wav
SKIP (exists): content/real/pt/a2/014/data/5d0414dca3d572248185ea9fa9b506d4254f1b2bc8ae731101e2afa2fa5ec172.json
SKIP (exists): content/real/pt/a2/007/.DS_Store
SKIP (exists): content/real/pt/a2/007/images/b81be82f55e48c0cd3b8443e1eb2caa475f562ad2b6d4131176dc732617f4a66.png
SKIP (exists): content/real/pt/a2/007/audio/e086ae4268a5f441ee096be2d3b782362eecb06c5f455f1883559d94e9835f1b.wav
SKIP (exists): content/real/pt/a2/007/data/7c00072114d125ad95d0abbaaaad184be111e7c5c9aec4c54055c3ea88c08e2e.json
SKIP (exists): content/real/pt/a2/009/.DS_Store
SKIP (exists): content/real/pt/a2/009/images/f9e6bc3c74f874dfa02a7471b98ad727d8543996162d370fd59d5f40dcfb1338.png
SKIP (exists): content/real/pt/a2/009/audio/97b2bbadabdfeebc8174b2e113ef61c0b4e17f23e820824ee2cbdb28b35aab95.wav
SKIP (exists): content/real/pt/a2/009/data/e9ba16847b7e4a33932f7872a8a4dff41fd8d2bd64b670c966158f2dadb8b3d0.json
SKIP (exists): content/real/pt/a2/008/.DS_Store
SKIP (exists): content/real/pt/a2/008/images/0b70560a2aaf75665c3ce5d05f9e91dd07ea409eef458660a199f151b662ab87.png
SKIP (exists): content/real/pt/a2/008/audio/e88e9369b5d9a043caf45f17448f039c68e80b077a96b49030c505daafc74d27.wav
SKIP (exists): content/real/pt/a2/008/data/40ff663b83a5a4c16c96b162e47cd6fff9f75eea5a697a6b06210bd329f91732.json
SKIP (exists): content/real/pt/a2/001/.DS_Store
SKIP (exists): content/real/pt/a2/001/images/9ebb655cc04834dce7d8c4cb40d26b5f7588eb1a0deb92c0701be8b86200c263.png
SKIP (exists): content/real/pt/a2/001/audio/0cf4c47049abde27a09e0523db1ec0aa4f345f539b881d8209763188f29c247b.wav
SKIP (exists): content/real/pt/a2/001/data/221f95d4017c7624b1803f4b3c49f5af7dbde39e95cf473c9e0683cdd19facef.json
SKIP (exists): content/real/pt/a2/006/.DS_Store
SKIP (exists): content/real/pt/a2/006/images/b85639e142469d003ae22ff85568011264e9ed288894f01c8ce6e1bae72f5522.png
SKIP (exists): content/real/pt/a2/006/audio/76698261b5d958ba8dddfb23a79e9d1340fd1fed06e7300dffe69509ad5fbf86.wav
SKIP (exists): content/real/pt/a2/006/data/60a629338b2f12d8d2953bd3c51f3eaa8250166e0df94742b012796322dc00da.json
SKIP (exists): content/real/pt/a2/020/.DS_Store
SKIP (exists): content/real/pt/a2/020/images/5be63d41d9cf6b99b777831459540aedfe7a1498918f7b8ec6a498a68444ce05.png
SKIP (exists): content/real/pt/a2/020/audio/538b30cd3bc0de3457f1bcbec72cc3d301fe19f33f67260b6cbb162a4f5b72a8.wav
SKIP (exists): content/real/pt/a2/020/data/d1b5550b0d3632c583b871a20ef8d21d2b0d597bee5626c08022c902d703bc1e.json
SKIP (exists): content/real/pt/a2/018/.DS_Store
SKIP (exists): content/real/pt/a2/018/images/df65d06d2f54c257c76d8d8d947f2b786a4a43ff5aaddea939a514a8882c13ae.png
SKIP (exists): content/real/pt/a2/018/audio/f0166ad978d454901836cb2d06cf9f8aadcce74a1d0af9b67ea7f4e76065c851.wav
SKIP (exists): content/real/pt/a2/018/data/8cb59c84d76cfb46d85455d9197786586db8078593ac62b37be12b400f9bc8c4.json
SKIP (exists): content/real/pt/a2/011/.DS_Store
SKIP (exists): content/real/pt/a2/011/images/323ce68b1db7443677f78e582cc5e0b6c25bdc0cd4f083eb14f074bfa8910107.png
SKIP (exists): content/real/pt/a2/011/audio/034b3e8aae2bd1aa3bf96aa608e3ee4e37036ef7a67b7db0d4240c12fc01ea59.wav
SKIP (exists): content/real/pt/a2/011/data/6a2bb488b9a48cd58acf7921cf9b0941c4f07d9370904b1ebcadedf7f27da635.json
SKIP (exists): content/real/pt/a2/016/.DS_Store
SKIP (exists): content/real/pt/a2/016/images/86b3b966146891f13f6b6dc069450ebe7d23913721b07127ec091eaec709fa8b.png
SKIP (exists): content/real/pt/a2/016/audio/ccf439f286cc2ddb26aab079cdc1cc26c5b00db4d21ef08fc71493892d8391a8.wav
SKIP (exists): content/real/pt/a2/016/data/ed2c94c18115d306eef0c84388d0e4b0083a5388ab1431d5114249d958a50e53.json
SKIP (exists): content/real/pt/a2/017/.DS_Store
SKIP (exists): content/real/pt/a2/017/images/6d896cb049c30277fe7e53acc5ba1a7ace7d618381cd214f89a381602974506c.png
SKIP (exists): content/real/pt/a2/017/audio/cc8e5a54fb224fc15f8b9e01f84de526a0391d46a11af446475a1f160a66acd9.wav
SKIP (exists): content/real/pt/a2/017/data/c17a6b94e825bf370baf548a77babeabab0898eb2bb31e5a7b5caaf1b757ad3a.json
SKIP (exists): content/real/pt/a2/010/.DS_Store
SKIP (exists): content/real/pt/a2/010/images/5e19ab226ff4dc166bb761f8160ac49c925cc19e054faa0b5d2c79c386619b41.png
SKIP (exists): content/real/pt/a2/010/audio/808856f731d910a65a826ff7a455ce9aa38cf5a854f9213493c31d9f44d97397.wav
SKIP (exists): content/real/pt/a2/010/data/13a6cbb05cb9cb004939c770c5ecdc8c1d3e5e3cdce98131ceef3386128cc2c0.json
SKIP (exists): content/real/pt/a2/019/.DS_Store
SKIP (exists): content/real/pt/a2/019/images/b7cc328bbdb4dd25618b5ef15f63c1a19b9dc5f31902de7c927e1becc4c492be.png
SKIP (exists): content/real/pt/a2/019/audio/0ea2968a539a1f47139bf41720c496b02a06085eba1bc84f7fee66d25efc1a02.wav
SKIP (exists): content/real/pt/a2/019/data/7fb2954ebc941e7616f6be367c612181bd644f4f2437e8001a44f9fbc9e15078.json
SKIP (exists): content/real/pt/a2/003/.DS_Store
SKIP (exists): content/real/pt/a2/003/images/4ec60525f6e0d010256ecb4111d7c576c2b60b0ffd68fa0fd96e152c11818f13.png
SKIP (exists): content/real/pt/a2/003/audio/210e3482bb66b6186228c030f39db220f78f61af23ef706db2b93a1eb0c296dc.wav
SKIP (exists): content/real/pt/a2/003/data/9b5e68eab423932e80f769f12ae1e3919c2053126c3564abae789199eb6a29f2.json
SKIP (exists): content/real/pt/a2/004/.DS_Store
SKIP (exists): content/real/pt/a2/004/images/2c946bb44f872ed73cf9d8713ced3eb5204d1f77483e9848dd5058493ecefabe.png
SKIP (exists): content/real/pt/a2/004/audio/1c5568fb2a810e15469c9cd7dda2d47ee9af1824793ae67f464b3ab05ac8d915.wav
SKIP (exists): content/real/pt/a2/004/data/337b69f910364543da72c7ef95a8ab011418500bcdda1b71fc257ab4e1ddfc9e.json
SKIP (exists): content/real/pt/a2/005/.DS_Store
SKIP (exists): content/real/pt/a2/005/images/a470537da324fe2d8b7b758fdb1314793ed6ffb44f9e1a97f208e3f3ab94a8c7.png
SKIP (exists): content/real/pt/a2/005/audio/151d0e92669e79a4068dde84d6622de68373e2e3b57e63d9d74cac2d74171131.wav
SKIP (exists): content/real/pt/a2/005/data/d2d5e96e5feb3c5d0951c7d4ab79917fad6d615cedb40ed5b4372934194f8510.json
SKIP (exists): content/real/pt/a2/002/.DS_Store
SKIP (exists): content/real/pt/a2/002/images/6a0b00a03ab8fd97c96e046c183f256ad0ba0f1b64a91748cabf260c48f5ba08.png
SKIP (exists): content/real/pt/a2/002/audio/703da2b884629498396d0d50c55706e955af2fe63b71fe296918a6c262f6fa8f.wav
SKIP (exists): content/real/pt/a2/002/data/be9ab410698163436dd943f88fa58e7307a17955bbb2185e72bf4609370bc81d.json
SKIP (exists): content/real/pt/c1/015/.DS_Store
SKIP (exists): content/real/pt/c1/015/images/34e81c919da34281a6a915605776281c2f67ab807199806ffb74e248b39eee4d.png
SKIP (exists): content/real/pt/c1/015/audio/a94c80d86055de0d5b80c1638fc0f26943d39167bc81e2ce1a474d6b0d987eed.wav
SKIP (exists): content/real/pt/c1/015/data/d8af8d436fb60c09c650013b38daf82955320fb4680577360240488a3e62e6c3.json
SKIP (exists): content/real/pt/c1/.DS_Store
SKIP (exists): content/real/pt/c1/012/.DS_Store
SKIP (exists): content/real/pt/c1/012/images/84049f3d8a0a946afa1bee9378b59d1cbef9bb0a7a3300e6ac4e615efc97dd17.png
SKIP (exists): content/real/pt/c1/012/audio/7561ca15fd6d7b298ee7a07090130223efb13cf8dcaa8af5f00bbcb6599ff904.wav
SKIP (exists): content/real/pt/c1/012/data/e248c6af9a976576de9c901bf7b5aabc035dfb0ae9cdfe8a05d092cbabada264.json
SKIP (exists): content/real/pt/c1/013/.DS_Store
SKIP (exists): content/real/pt/c1/013/images/1081f590b71125d7440a80446e006ccc00def12a7706976d76c4c4aeb667f1c5.png
SKIP (exists): content/real/pt/c1/013/audio/2b03570f791c5a1478617201b01b9da8d7d9f57ea6b56f7053b4bbbdf056d795.wav
SKIP (exists): content/real/pt/c1/013/data/a63c7cd8d6700b4a2f29087009e5bc5f0df865b2b4e40b80fbbd2e692152afea.json
SKIP (exists): content/real/pt/c1/014/.DS_Store
SKIP (exists): content/real/pt/c1/014/images/48daea09df4c3b0afa93315acb05ca584acf8f86b5d2933829d1fceac359bf3b.png
SKIP (exists): content/real/pt/c1/014/audio/8bdfb50854b0a5cacaa30da6399776dbfc56feb37e36d0b4bf8c612ad36e27ee.wav
SKIP (exists): content/real/pt/c1/014/data/a0f0b333191f5b7b758a8b3e831d31983bb2e7b13dd032e780ef7703342131f5.json
SKIP (exists): content/real/pt/c1/007/.DS_Store
SKIP (exists): content/real/pt/c1/007/images/b7311bc9a8cb09ba31ac23ac79dd178fbbc4d10c0bde1ee82eadd2eba2f6651d.png
SKIP (exists): content/real/pt/c1/007/audio/e111bccdd9d1d51800d75e00d99021cbdf6accb4a47f8c454826df7b1b86e0ad.wav
SKIP (exists): content/real/pt/c1/007/data/a92696aad7d79014fbe0fd336d3e8f82c38ba20875f67bff1521b0d032a92216.json
SKIP (exists): content/real/pt/c1/009/.DS_Store
SKIP (exists): content/real/pt/c1/009/images/88671d5ced7909e14c611e9efff1bae4b7186832ab77de54ccb2ab4bb0cdee7e.png
SKIP (exists): content/real/pt/c1/009/audio/84782f8d64b8401058fe69b5edece55ed5b6d761ba01f9ed01a8d00ae903490c.wav
SKIP (exists): content/real/pt/c1/009/data/a0ad5eb5193f762659297108b22e6bda23c758feb6a3b92cf2d30156f6561a53.json
SKIP (exists): content/real/pt/c1/008/.DS_Store
SKIP (exists): content/real/pt/c1/008/images/78d8ad39b02ef6c1589fa15a23fbaac94e4acff13c5a993837a12675e2a1c32c.png
SKIP (exists): content/real/pt/c1/008/audio/b117d20a0cc10657d954762dd537461ff2565db9929543fa76357c4406d04b36.wav
SKIP (exists): content/real/pt/c1/008/data/cbe052f58e08d8c87394e3311ffc048a8293b0c79df5935d21a7d929e9827a4d.json
SKIP (exists): content/real/pt/c1/001/.DS_Store
SKIP (exists): content/real/pt/c1/001/images/00fbe21a9f55e6aae509d3193c0dcf9eb07152e0761981748f9600ac9ea427ff.png
SKIP (exists): content/real/pt/c1/001/audio/b8bd6e26b57ffe998ba4b096583a19589246b7900635303880fd95ba4dedcee7.wav
SKIP (exists): content/real/pt/c1/001/data/2ce232f00eaf0d6697a7a722746d2a81dee5083be794802a3b1e4074648c8fae.json
SKIP (exists): content/real/pt/c1/006/.DS_Store
SKIP (exists): content/real/pt/c1/006/images/d1aeefb2c3d8cc84717895f51c30585a24e270a70ee4f90aabb3509d0cd26eab.png
SKIP (exists): content/real/pt/c1/006/audio/2a07fbb1cdd786d85c974eac0dbb47dc0b1846aff91b6ba60c3015d8479208ad.wav
SKIP (exists): content/real/pt/c1/006/data/bd98599f582957e5b64d6d00ea202ac4bab4bfaf0a100a64a42817c6ab4c26e6.json
SKIP (exists): content/real/pt/c1/020/.DS_Store
SKIP (exists): content/real/pt/c1/020/images/1e567216a08852b95846bfb4c1afe4eec726dc6f146f948a5562e4abfbdaacd0.png
SKIP (exists): content/real/pt/c1/020/audio/200008c6e3b6a4db9122b67267f6aae789e62790ccd1cd1e345100f2f8a1e9ad.wav
SKIP (exists): content/real/pt/c1/020/data/9b88c8a71737ab44f24a3eb9427e343e64db267ffa8023b37a720096c521362f.json
SKIP (exists): content/real/pt/c1/018/.DS_Store
SKIP (exists): content/real/pt/c1/018/images/578e90d486eece6b0e02c3c8fd1da59f9b314c2bcde5cb1260dc6ff15626358d.png
SKIP (exists): content/real/pt/c1/018/audio/288db571739775a087981628437b6a3d4a70291bb84dae63fe8271b4cc917328.wav
SKIP (exists): content/real/pt/c1/018/data/d46effcce927c6e3323f180509d1416fcace5e621756f8a6b4bcd70e81c1835a.json
SKIP (exists): content/real/pt/c1/011/.DS_Store
SKIP (exists): content/real/pt/c1/011/images/1dbeb269e129c6a932f4c8acf9167c24ede2e69642f5d52b110d72207d9697d4.png
SKIP (exists): content/real/pt/c1/011/audio/ed520aaab233706eae7a8d8d38ce4ae08b04d9f077caef000f21031a31e3bf8e.wav
SKIP (exists): content/real/pt/c1/011/data/82adf5edab08004cd8b962c47bfef331d9d0f1295c36907db49e68db796bb7ea.json
SKIP (exists): content/real/pt/c1/016/.DS_Store
SKIP (exists): content/real/pt/c1/016/images/485cc8b57ce67643d28fccf97d77f3d02326261e376fee9475fa30203a0e76b7.png
SKIP (exists): content/real/pt/c1/016/audio/f97b85fecacef690cce27fef74e02cf2f84dfe28ae9cfc0d5be8fae5dfbc7ddd.wav
SKIP (exists): content/real/pt/c1/016/data/8701daea41e0237f2449640cb467207d48a7fe308066d8b11f1c47aa8cc5fd72.json
SKIP (exists): content/real/pt/c1/017/.DS_Store
SKIP (exists): content/real/pt/c1/017/images/65e8a71c516ed546cf35b2b76b2f02909af2f83541cbacb18688b8eb792960ec.png
SKIP (exists): content/real/pt/c1/017/audio/3f612fa6476d0aa87cd7d7330236e1c74e1209f3b6903cca53ca352ca06d9f09.wav
SKIP (exists): content/real/pt/c1/017/data/aa2ecb2b7a73fc8ff1cfe4d007c0900565eaa4e23277869fc10e56f7e45a10be.json
SKIP (exists): content/real/pt/c1/010/.DS_Store
SKIP (exists): content/real/pt/c1/010/images/3c45313e173e03ef962ab40bcd6bebd76f5286d67b3493bb6b03b8ce09326058.png
SKIP (exists): content/real/pt/c1/010/audio/57043f7398a391ecf5771602ab3944336d61ef3c5086dd1a73a2a91f5e36b46e.wav
SKIP (exists): content/real/pt/c1/010/data/e773ca14d517ad05504c65239ad6b066991058d8a0a739ee32a1b830747b8699.json
SKIP (exists): content/real/pt/c1/019/.DS_Store
SKIP (exists): content/real/pt/c1/019/images/18ca9d037ff5e4d424c3f7b3cab8f08f6f7bd391ae328a83129aa3443ebddef0.png
SKIP (exists): content/real/pt/c1/019/audio/bccdda6d8228777b2b6aa5319966a36d75f7a7a7117cd0640f10e16b4aa2d165.wav
SKIP (exists): content/real/pt/c1/019/data/57b725d0b0272a639c7c4aec9c1491f0f19025bcac010ef44822efbb4b5e7fb7.json
SKIP (exists): content/real/pt/c1/003/.DS_Store
SKIP (exists): content/real/pt/c1/003/images/14cd4d3e7da697daa1436f1477843605a4834cf0286b68a046cd0aa4acd19d11.png
SKIP (exists): content/real/pt/c1/003/audio/21bdcd7722ffcd615fa488ec7c0c614fc0090c8925855b288de256133771fa37.wav
SKIP (exists): content/real/pt/c1/003/data/c0aa662d4172ebb4adfe0e7219a611b90d75798ca7a6b5c1ca012ccce261e287.json
SKIP (exists): content/real/pt/c1/004/.DS_Store
SKIP (exists): content/real/pt/c1/004/images/9913a160352247e0af004b3c4fe0486dd84812855a78143b2e8fd52dc69fe88f.png
SKIP (exists): content/real/pt/c1/004/audio/eabc9536ec069f0aee9b4e580a7cb9cdf30ab56f12f7333250cd250fafd9586c.wav
SKIP (exists): content/real/pt/c1/004/data/569109fd974c9c01becfaf19c516532c84b36018f23c04fab03f5d3c07bd90a5.json
SKIP (exists): content/real/pt/c1/005/.DS_Store
SKIP (exists): content/real/pt/c1/005/images/45cf17b3182280f01cc3a9b6e65394849b4509202c1d05b1bace4d0f43a25dc6.png
SKIP (exists): content/real/pt/c1/005/audio/c522d1b1adcbc1ce51951b645da7bb3e877f3f13b7cca767dfe52184f2bbd9c5.wav
SKIP (exists): content/real/pt/c1/005/data/c0e13677b8000c85e620d54a475d65f31c5aa4f1a5d11502578d20cd89183c1e.json
SKIP (exists): content/real/pt/c1/002/.DS_Store
SKIP (exists): content/real/pt/c1/002/images/75974b80497da301952b2c9e3aed1be23fdcd3c5832e7d2aff4228cadf3c4eaf.png
SKIP (exists): content/real/pt/c1/002/audio/f9380b586c353f233c17717aebcee6777b5d9c0b31032e4be73a52f4cf491e79.wav
SKIP (exists): content/real/pt/c1/002/data/bd46d12b8e8015d2f8bec26141422cdd612c83b7e59265b68e43bfee1c979191.json
SKIP (exists): content/real/pt/b1/015/.DS_Store
SKIP (exists): content/real/pt/b1/015/images/46b415c18630072eb6167337aed64386924509eba43e02eea2ba0cf8e3a5bbeb.png
SKIP (exists): content/real/pt/b1/015/audio/3bf72a93fa288ecd405c1871d6737a2d19ca80b8197da5ff7cdeda4f6a4151a8.wav
SKIP (exists): content/real/pt/b1/015/data/c56f105ad3b3eedcefc1d1892281d4d2d6262257c6bc6562edc9cf42878cf51e.json
SKIP (exists): content/real/pt/b1/.DS_Store
SKIP (exists): content/real/pt/b1/012/.DS_Store
SKIP (exists): content/real/pt/b1/012/images/45cb2953db1b8704bda38b245438dcede59fbc69aa06724c43ea29fcd3dfb28b.png
SKIP (exists): content/real/pt/b1/012/audio/18d93a5a89ce032b6e60fe6e449772c43d79172a0ddb94b481742cd3b3ba87b7.wav
SKIP (exists): content/real/pt/b1/012/data/54234406a8833e30b77185b2d3682abcbcfd18dddfccfe65e4a71e0f4bfef1c3.json
SKIP (exists): content/real/pt/b1/013/.DS_Store
SKIP (exists): content/real/pt/b1/013/images/24e2845f9c24e9d1072b7fce995cb26f5ede82bd80000acef04d94eb565f5c53.png
SKIP (exists): content/real/pt/b1/013/audio/3e452ea4ed41ee82621d35f043fa04196616a98db9027ab9feca67da691a1972.wav
SKIP (exists): content/real/pt/b1/013/data/9a265d799298ed8db2af6013cbae396bc775bda2108bbef7cb5705f68a6d7648.json
SKIP (exists): content/real/pt/b1/014/.DS_Store
SKIP (exists): content/real/pt/b1/014/images/233f59697f6a858eda58434fa06290671f4a1d43e31952f04cbb8835edcbafe0.png
SKIP (exists): content/real/pt/b1/014/audio/f2faef0ea38784696f4b2a520dbe7cfaf46cee4e819ca395cba8107501519c9d.wav
SKIP (exists): content/real/pt/b1/014/data/02e00c14f187885e8c066b0ad8c8baa23925ef4e294cb80a07892a7cb32f7e8a.json
SKIP (exists): content/real/pt/b1/007/.DS_Store
SKIP (exists): content/real/pt/b1/007/images/1a16f352bcf69eb66f971ed724a4c5c838f906b9604f25200a75e85f94959a3f.png
SKIP (exists): content/real/pt/b1/007/audio/363c5949996265121a74087ceb30ee3b680d28d43339ab3eb2244c27ccf8cf73.wav
SKIP (exists): content/real/pt/b1/007/data/252a07aed9cb4f74301e2b54da1a56b101a0531e42624a5f74e308e53d8a998f.json
SKIP (exists): content/real/pt/b1/009/.DS_Store
SKIP (exists): content/real/pt/b1/009/images/88f1d75054edea560e7f98fea48a1f1ce5cb16690c21c8e48493af0a42332b47.png
SKIP (exists): content/real/pt/b1/009/audio/f0e0a0abd681348a077072991dab34381ef179ebde6ef0e113613e4312e0ef2d.wav
SKIP (exists): content/real/pt/b1/009/data/66a94e6437172ebf03bc97a7d2b0c028c1cb7b9f09e227832cc0a0630cf0366d.json
SKIP (exists): content/real/pt/b1/008/.DS_Store
SKIP (exists): content/real/pt/b1/008/images/a7fd87ce56aab298b95bbf0747a0dc6e32361ec3965696331979ca2fa834bc9c.png
SKIP (exists): content/real/pt/b1/008/audio/3ab393fd97c642a2ad1af2fca9983d6df2f323d66e7266da56cc6f6e38db43c4.wav
SKIP (exists): content/real/pt/b1/008/data/cef1457b75ec449065f8a67bc2d0acf19ef368d632ce6b83374abc126f112a50.json
SKIP (exists): content/real/pt/b1/001/.DS_Store
SKIP (exists): content/real/pt/b1/001/images/1b728a0b5347f284b04e58256092439a586ab072bc44adcd7431b6fb19b5b458.png
SKIP (exists): content/real/pt/b1/001/audio/5aa4d3c1cea5176946db74a2721592e8661b94a130951ae8dd83abeceb75f26e.wav
SKIP (exists): content/real/pt/b1/001/data/f901f01b4d1c9004acaccfebadb42a68164745c598f7203e5ea9aca78ad773e6.json
SKIP (exists): content/real/pt/b1/006/.DS_Store
SKIP (exists): content/real/pt/b1/006/images/9b5798da31393afe3fdc99b443192e6ddf615f37c369794d188999fb64bc5c09.png
SKIP (exists): content/real/pt/b1/006/audio/4df337fc4750e8db7eb0db2cb6d6aa28cd05084f70a3d223f3f7b8626aceabcb.wav
SKIP (exists): content/real/pt/b1/006/data/731e02c4237822a0fce40ddc9b1f17acff908acc469423f3ed51c424b8442b0e.json
SKIP (exists): content/real/pt/b1/020/.DS_Store
SKIP (exists): content/real/pt/b1/020/images/ba8a1ee0d0982ce1c57d6d36406e822d587ddffb00f1c0414f2f8941351f293c.png
SKIP (exists): content/real/pt/b1/020/audio/fc23e1332ee45a49c5f555be8aec2fdc4c5c93866e17b2a9faacdd0fc281c426.wav
SKIP (exists): content/real/pt/b1/020/data/22373c85437c067d21625febc4315ba583e27a418ea6ee858973d3355094af49.json
SKIP (exists): content/real/pt/b1/018/.DS_Store
SKIP (exists): content/real/pt/b1/018/images/d4a5f3769810fabef1109690ffac0da4c828f93900e7d45f98cc15569ea1f994.png
SKIP (exists): content/real/pt/b1/018/audio/0e3780529e0a3a61a319f64ff31fd65392e16371acfb408b7ca63190c6a3afa0.wav
SKIP (exists): content/real/pt/b1/018/data/8f6b4be099f9c4f37c927a133ff8d71e97a11613c49d09121da8b1556d2e78cf.json
SKIP (exists): content/real/pt/b1/011/.DS_Store
SKIP (exists): content/real/pt/b1/011/images/efaaef9849386b8890309079a0c94b8e673c133452f4185ccb5e88e8d95b752d.png
SKIP (exists): content/real/pt/b1/011/audio/7a2c7bb71efe2aadcc9ceb32a1566ff38e88cea58b612e8e197721274e5a6d44.wav
SKIP (exists): content/real/pt/b1/011/data/66719965b434ff7b59e12522802eebd9acc49f6ff0b124beab8c6a4db65c2ae9.json
SKIP (exists): content/real/pt/b1/016/.DS_Store
SKIP (exists): content/real/pt/b1/016/images/53e0ee7b4f7e7bfe816fe27c887ae888660a8d291a83b04327860f148fe80f4b.png
SKIP (exists): content/real/pt/b1/016/audio/6ac217c2bf28cc85445f4d24569a56ab06eae916734ec0cb8e27f5cfe01abc4d.wav
SKIP (exists): content/real/pt/b1/016/data/efa7b09d3bbdc9a0f922ae7cef6b52d506ccd18ecfcfcda56cfcf8f2c6d9a45d.json
SKIP (exists): content/real/pt/b1/017/.DS_Store
SKIP (exists): content/real/pt/b1/017/images/8126989c72a51b781fbdfe959fb92b9ba4a92cd8a2e501a7be476ceb260ce119.png
SKIP (exists): content/real/pt/b1/017/audio/0d6da1b2e67c13a55677fe0bba5883ef075ea9a08ce09d076070feadf14df7a6.wav
SKIP (exists): content/real/pt/b1/017/data/3c03cb04462a9aa3a5280b2b9905b448eb0a0901437d75d93ffb7cef004228a4.json
SKIP (exists): content/real/pt/b1/010/.DS_Store
SKIP (exists): content/real/pt/b1/010/images/d9079710b9378fd54c97a6135b438eb31672976b6fe05553be7586b188cee2ab.png
SKIP (exists): content/real/pt/b1/010/audio/0105a49de1fda6657d5dc34e2cf5b3652e15ad5a1c0883b6f7807338f3ff186f.wav
SKIP (exists): content/real/pt/b1/010/data/9dcfb216538e9b4e99d4792536b90a768e738715cdf359699d05594317ffaaaa.json
SKIP (exists): content/real/pt/b1/019/.DS_Store
SKIP (exists): content/real/pt/b1/019/images/b215e3c6616946457207932dec99a372635971ba211669fe9868f1307b0b3d84.png
SKIP (exists): content/real/pt/b1/019/audio/a7daf5c520623e2c02feebdc1ee350ba9239cc11c6d40c259a4d83840e2fc534.wav
SKIP (exists): content/real/pt/b1/019/data/5b23929f7fa6cb7520ab0c42fe294dfbf0122e4b5b4d0383a59248eebb801490.json
SKIP (exists): content/real/pt/b1/003/.DS_Store
SKIP (exists): content/real/pt/b1/003/images/f7f1ccd5ad9c2b5bcf5c4cb651cee790754a53b0ab6fbab6cc7e14943231cef4.png
SKIP (exists): content/real/pt/b1/003/audio/8e6714cef02a33a1988a6ac54f2b96a4c42c4fbf87279b7f8833fb789ba58513.wav
SKIP (exists): content/real/pt/b1/003/data/fb900ee74c0c91223e6a440fa4c844d33544ccfa0c660fb665ccca5f514003da.json
SKIP (exists): content/real/pt/b1/004/.DS_Store
SKIP (exists): content/real/pt/b1/004/images/e0e5756ccc1134bf460bd5b9835f52e770e92fe7a49b50f9bc8574aca39e026b.png
SKIP (exists): content/real/pt/b1/004/audio/27bdedde5d482ebaac21ade86eed0c7aa922eaa5b2462ff3cd7656bfe35dee5a.wav
SKIP (exists): content/real/pt/b1/004/data/71ac26e7c9db14e5200d95babf09e2c9a6aba78eb985195338c75d37aa368bf5.json
SKIP (exists): content/real/pt/b1/005/.DS_Store
SKIP (exists): content/real/pt/b1/005/images/4d829b88f85b363bf945c64bfea46da3cdb59ecfdff559a29b50fb35d9e2775f.png
SKIP (exists): content/real/pt/b1/005/audio/cfb113d68e11663bfe5950d767c97422246bbe7b29901b6d121f4fd7c2654dc1.wav
SKIP (exists): content/real/pt/b1/005/data/116ce6d0dbb27ab67e643e27867e541bc11eaed4e88fae49ce61d7b293be8ecf.json
SKIP (exists): content/real/pt/b1/002/.DS_Store
SKIP (exists): content/real/pt/b1/002/images/2ac3db4028785a7a7122de0b01fddd50e6363a8edcadc9c5ad3904da106b7461.png
SKIP (exists): content/real/pt/b1/002/audio/6b007c48461e48cc2d9f2f2ae94ef78b41acbba0398e22376a0af9155d5ce156.wav
SKIP (exists): content/real/pt/b1/002/data/eb61a44e1663fe5c845caee4c0f10e348c4aef53942e5d5ea99e15f56a36a9e0.json
SKIP (exists): content/real/pt/a1/015/.DS_Store
SKIP (exists): content/real/pt/a1/015/images/015.png
SKIP (exists): content/real/pt/a1/015/images/c42f2fa922aa77e3dc5a9adc87561dbc32cee4b9573e414c5887e23fa0e9a913.png
SKIP (exists): content/real/pt/a1/015/audio/db60ad3f5bbf7b3ba36a2c979224afc1ca2ee95e0b8ee19d73ab181827ed3ab9.wav
SKIP (exists): content/real/pt/a1/015/data/174a9b315e3e561b7c02c54f4ffb10c41d90e7683988c2c91b6a2c3f03fc1a67.json
SKIP (exists): content/real/pt/a1/.DS_Store
SKIP (exists): content/real/pt/a1/012/.DS_Store
SKIP (exists): content/real/pt/a1/012/images/012.png
SKIP (exists): content/real/pt/a1/012/images/5b83a3578f33d675562887c1a5ba12259e7d4551067ce0668e2a9cff8c0e7e47.png
SKIP (exists): content/real/pt/a1/012/audio/f4a47eb8e2248e5f162111055977a6ca51ad4f42a0192b518484ceecbd197274.wav
SKIP (exists): content/real/pt/a1/012/data/96ebee62ea04b5b35023ada218c22d1e5a47e64442465fc1e3c34ceafba2b2c9.json
SKIP (exists): content/real/pt/a1/013/.DS_Store
SKIP (exists): content/real/pt/a1/013/images/013.png
SKIP (exists): content/real/pt/a1/013/images/784a04b1decc9fd3d87ddaf287c64f07140330b343ce49ffae5046e4f554c3c2.png
SKIP (exists): content/real/pt/a1/013/audio/657a805de72e62e5e1c00b58b08f1d82ed15714ccbde0974f9299e6cbd87d2af.wav
SKIP (exists): content/real/pt/a1/013/data/f08330f6c84ccbdb903476d74e4d13604bb817be91cbde383cf8087018ca92c4.json
SKIP (exists): content/real/pt/a1/014/.DS_Store
SKIP (exists): content/real/pt/a1/014/images/014.png
SKIP (exists): content/real/pt/a1/014/images/2a60a10b24aad4a1ca0cb7d657237251640e211938e59af0b2aee1c9faf5034b.png
SKIP (exists): content/real/pt/a1/014/audio/8b59e83044993199d009328dc0f97955454f5321f1f6617469d68d82f11e3a47.wav
SKIP (exists): content/real/pt/a1/014/data/52ed698002cc675fb57f1d120a106f23b52db1c812790227f94d6a63654adf67.json
SKIP (exists): content/real/pt/a1/007/.DS_Store
SKIP (exists): content/real/pt/a1/007/images/93d8966c26c3d64dc8c0e767f84ca8c5815e13d936c68222cfeb52fc53b60a5d.png
SKIP (exists): content/real/pt/a1/007/images/007.png
SKIP (exists): content/real/pt/a1/007/audio/b36c3204a2219b8df50247f7dacbb34a1f40813b714653eca24751fdd03b33c1.wav
SKIP (exists): content/real/pt/a1/007/data/41eb51fd9c55f578635ee3b14725c3fd5dde76b184a23cf360fd258a5be28ca2.json
SKIP (exists): content/real/pt/a1/009/.DS_Store
SKIP (exists): content/real/pt/a1/009/images/5ffc2f743350ad793d0322b7ba464d24541eff7fc8111b409a602fc967bec0f4.png
SKIP (exists): content/real/pt/a1/009/images/009.png
SKIP (exists): content/real/pt/a1/009/audio/75c57f06bbe44b2b0a18667e14cdf9f7d98f75b029312b3d3e67c09599ead15a.wav
SKIP (exists): content/real/pt/a1/009/data/92a268b6c8acbbab94fc2b7dd653e60b840a97d6026568d415531aecb30b5605.json
SKIP (exists): content/real/pt/a1/008/.DS_Store
SKIP (exists): content/real/pt/a1/008/images/008.png
SKIP (exists): content/real/pt/a1/008/images/9770329906665fc67bd4f7af9861079a83075342b10d325bb805f58808d22a7d.png
SKIP (exists): content/real/pt/a1/008/audio/7493acaf79537ef2c7e96d2892d145702384cbbda3e400cc6a431162889c6ad6.wav
SKIP (exists): content/real/pt/a1/008/data/eb915c18d861f7247c11c9ff08cbd0865178c8dd0cb62a3f22f2d5477d9c396d.json
SKIP (exists): content/real/pt/a1/001/.DS_Store
SKIP (exists): content/real/pt/a1/001/images/001.png
SKIP (exists): content/real/pt/a1/001/images/dcfc4de9cfdbd7fa9765b9142dab6ff034c2a66578835bd17655b56481acd836.png
SKIP (exists): content/real/pt/a1/001/audio/042d2050d99903b1d6020374de0a4782f1d904522e76e60dd1588223db9f0454.wav
SKIP (exists): content/real/pt/a1/001/data/4906be159b084144a2ce58d2203187608da28d3fa37f8c20646f0b8777904955.json
SKIP (exists): content/real/pt/a1/006/.DS_Store
SKIP (exists): content/real/pt/a1/006/images/006.png
SKIP (exists): content/real/pt/a1/006/images/4181fb53115942a97034391d757cbc2f889a5a7ea70278375a3741a89ee87119.png
SKIP (exists): content/real/pt/a1/006/audio/cefb32c60f3e29266981be65fad9db9ccad6582b8e0efdc84ac8814f3b8d56f1.wav
SKIP (exists): content/real/pt/a1/006/data/c56b56fc4f34a6fbaa6af5040e9a2b864a345293b4cfb1ff810f004a979c432f.json
SKIP (exists): content/real/pt/a1/020/.DS_Store
SKIP (exists): content/real/pt/a1/020/images/020.png
SKIP (exists): content/real/pt/a1/020/images/0c4e0234eb1019b872f671fbc2bb3ffdc5e232915e31d4075235688aca73abc4.png
SKIP (exists): content/real/pt/a1/020/audio/90d82964bba5a0fd1b987648d849786408f813351f48496c203640881c02aa80.wav
SKIP (exists): content/real/pt/a1/020/data/7f8e5104548459515d34ce57f1ce9f222652944cd3001148cf74305a447afb13.json
SKIP (exists): content/real/pt/a1/018/.DS_Store
SKIP (exists): content/real/pt/a1/018/images/f434bd679657a4498e0512ea2e7023911457d3b30027d868b6d756a8eac37af0.png
SKIP (exists): content/real/pt/a1/018/images/018.png
SKIP (exists): content/real/pt/a1/018/audio/75a8bafa00612e9f140dc863ce1841dce5db4fca8efab4cc82939e1fcee73453.wav
SKIP (exists): content/real/pt/a1/018/data/3d8ce23a772a142e7fe484022ef5887e6ad89920a6a5054bafe2ce7837644363.json
SKIP (exists): content/real/pt/a1/011/.DS_Store
SKIP (exists): content/real/pt/a1/011/images/011.png
SKIP (exists): content/real/pt/a1/011/images/812810ecf5436fb54bd6d3534929da3774c77048e13a5f3a47df45e19cb6731d.png
SKIP (exists): content/real/pt/a1/011/audio/6d4eff7a0e39c85a4367adb2c740977b160ed0d6f2409c4dac84e66edf17941a.wav
SKIP (exists): content/real/pt/a1/011/data/81c09fdec139fc2e5600bc4989b8f5faa8feeb78796c4bd56793723f308fc845.json
SKIP (exists): content/real/pt/a1/016/.DS_Store
SKIP (exists): content/real/pt/a1/016/images/016.png
SKIP (exists): content/real/pt/a1/016/images/f5354d370c4a42f45324fa6a122bfb55568694e6f13633fdfb2b217a580d3074.png
SKIP (exists): content/real/pt/a1/016/audio/f6f123a08990b2f76b936f3048d2ce16e024b5052e5142c8d82b7b1ef4be2951.wav
SKIP (exists): content/real/pt/a1/016/data/534135e56aefd4db9306acf68ec46b51a6e8296ed57f600217cd5d422e38727e.json
SKIP (exists): content/real/pt/a1/017/.DS_Store
SKIP (exists): content/real/pt/a1/017/images/017.png
SKIP (exists): content/real/pt/a1/017/images/0b72e9963aa9c4c4b737e4093c113d04f486050973ada5ada9db88497a638e1d.png
SKIP (exists): content/real/pt/a1/017/audio/e15e118dcfe9f7e7bc204946a7c4273b43c41a9b70bea3c8f91f73d331214200.wav
SKIP (exists): content/real/pt/a1/017/data/bcee1067e0db8ca64f789f512f3b219dea2e0fc359c6f5d5374cab004e968ec2.json
SKIP (exists): content/real/pt/a1/010/.DS_Store
SKIP (exists): content/real/pt/a1/010/images/010.png
SKIP (exists): content/real/pt/a1/010/images/020beae9241d8e905e6aa109180208fbb6a8b3a0c3d84975b674a6b23983590a.png
SKIP (exists): content/real/pt/a1/010/audio/618f3e731bdac0da0e9cad9ef595648f50b28d78550217a53dd70cd6d565874e.wav
SKIP (exists): content/real/pt/a1/010/data/90098c6c62eea2b28feb492845c5044694d6461c2af679599f56ff3efbcca1c3.json
SKIP (exists): content/real/pt/a1/019/.DS_Store
SKIP (exists): content/real/pt/a1/019/images/ac1b96f2775df985809c6b46fe4f0d7b753859b2c42541c160e1f27ccf9021e2.png
SKIP (exists): content/real/pt/a1/019/images/019.png
SKIP (exists): content/real/pt/a1/019/audio/863179a8c8a958d090388a87b5a124850cc2174297592b8ff5a190c64aefec6e.wav
SKIP (exists): content/real/pt/a1/019/data/d6b51564fdb35c321e08e70b65f858a34ca1884ace37abfd03ed4ccd4db4cfee.json
SKIP (exists): content/real/pt/a1/003/.DS_Store
SKIP (exists): content/real/pt/a1/003/images/003.png
SKIP (exists): content/real/pt/a1/003/images/3d6fa300c9228a1e0693b9b0ff4de84f0cf441b37d2e5353835ae38eec936b0a.png
SKIP (exists): content/real/pt/a1/003/audio/b1e6ac148db4ca2e05bb4daa18d97409cef8c972c4f9eece81c7cab319691e82.wav
SKIP (exists): content/real/pt/a1/003/data/9175d4831cdb8bdef8bcbff7838ac55f4597e793a0d0060481769852a8bc8e83.json
SKIP (exists): content/real/pt/a1/004/.DS_Store
SKIP (exists): content/real/pt/a1/004/images/004.png
SKIP (exists): content/real/pt/a1/004/images/60b8ba2b650e09d1857f57bedc85ac72b0acc0d986403f710879011b163b0fba.png
SKIP (exists): content/real/pt/a1/004/audio/4f4ab8801e8674bdb63575d42d67498f55e114b95d89bcda6df1f039f73b6f80.wav
SKIP (exists): content/real/pt/a1/004/data/8fb0ad6996ec199eeeba46e35e3c82a84f6297ef38b642815564e25002574878.json
SKIP (exists): content/real/pt/a1/005/.DS_Store
SKIP (exists): content/real/pt/a1/005/images/005.png
SKIP (exists): content/real/pt/a1/005/images/f3603b5385a2b65fcf12e234fd0f84e3e1e6fae8bce8139c7e370be91d66ab28.png
SKIP (exists): content/real/pt/a1/005/audio/c2d011ec99dd5705e940f35e1352e94098ac03327c65b4e24ca4017101fc4d24.wav
SKIP (exists): content/real/pt/a1/005/data/1c3da00155dc54958f157e55002dcf259657695db110b97823c65d95ee18a0f2.json
SKIP (exists): content/real/pt/a1/002/.DS_Store
SKIP (exists): content/real/pt/a1/002/images/002.png
SKIP (exists): content/real/pt/a1/002/images/825ec903af31b557c55181bb84e5a805dcaf37b5857511d402ebc77592ca2448.png
SKIP (exists): content/real/pt/a1/002/audio/db173b7bae1675a2d6ce11c9474596323d12b467a62b2e729df7014dbf018542.wav
SKIP (exists): content/real/pt/a1/002/data/02a4d537a10f208cab528b78dfcf459ea73c10b355a709eeda399bb853557a84.json
SKIP (exists): content/real/pt/c2/015/.DS_Store
SKIP (exists): content/real/pt/c2/015/images/5c3d3f1d0d8f77d92ebdcbdd16a84b24da19cb77ba63b945b381ac752324de6c.png
SKIP (exists): content/real/pt/c2/015/audio/13cc70f0b4f2775ac75092af95b1cb6785e2ee645103881469a1e1c0f06e32ad.wav
SKIP (exists): content/real/pt/c2/015/data/c7b4f4b2e50b6e4efce7b074118791dfc6171742b864c5280467ae6c41d3714d.json
SKIP (exists): content/real/pt/c2/.DS_Store
SKIP (exists): content/real/pt/c2/012/.DS_Store
SKIP (exists): content/real/pt/c2/012/images/fe3a53b24e92b03f8c9f7952f1da82641d042bf72bac8fd4d60b0a3cfe4f0552.png
SKIP (exists): content/real/pt/c2/012/audio/d52cdc7849c04920168d3c37e091fe439535b6f4d37bdda9455052aadb50e8c0.wav
SKIP (exists): content/real/pt/c2/012/data/660a28db82a6ef507d5e6145dbf2e07f36cd5b991fc8f7a6a9a166c61c21b5a6.json
SKIP (exists): content/real/pt/c2/013/.DS_Store
SKIP (exists): content/real/pt/c2/013/images/9245c83f376a36ba4f1df15bfcd6525515bf261db12622420b877490c26ce39a.png
SKIP (exists): content/real/pt/c2/013/audio/ec5afe951313a6ca0535e421987ffc9e2c9f87c6adfd8b1a98c0465d16028eed.wav
SKIP (exists): content/real/pt/c2/013/data/12f47eb23d2326901d5e335df8cb14c0bbee86662504cdba025fd42e21294353.json
SKIP (exists): content/real/pt/c2/014/.DS_Store
SKIP (exists): content/real/pt/c2/014/images/a3a2eb88843b637d671331aa72aec9da6691f9265c256493ef63fe7b7fcf7fa0.png
SKIP (exists): content/real/pt/c2/014/audio/9b3b5231e881e71127766334e1daed93eba40367c38019b07be4bee46aeacca7.wav
SKIP (exists): content/real/pt/c2/014/data/11739ff18c6049476e0d54deedf9e034cf1b6d4906fb1546c5557412c0701af4.json
SKIP (exists): content/real/pt/c2/007/.DS_Store
SKIP (exists): content/real/pt/c2/007/images/73fe9e7b0f55ae46e89fe4f8a3a876cd250c7fab959f01ad75d4af0392c13a5b.png
SKIP (exists): content/real/pt/c2/007/audio/d10cd7234770f4cfd67ba236fe82ac6363a64759b7552d0cb074a743818aecd5.wav
SKIP (exists): content/real/pt/c2/007/data/94ee964db8be1d735d2397bcf7e114a6cd5afd8b7b48026d18615ccca78e5862.json
SKIP (exists): content/real/pt/c2/009/.DS_Store
SKIP (exists): content/real/pt/c2/009/images/d19f8345ec136cafd47531a634a4f313858ca00f9504964753f15dafe8914d41.png
SKIP (exists): content/real/pt/c2/009/audio/8e3cd4f8114b3f34dc7a398407c742da8db38e92e3d3b8a9459f43e8c6adadcf.wav
SKIP (exists): content/real/pt/c2/009/data/483871b77b4cbded846791ae868a0acae5108cad06cee443ce0f7619f2cd0909.json
SKIP (exists): content/real/pt/c2/008/.DS_Store
SKIP (exists): content/real/pt/c2/008/images/3cb4c265655baa592e3a1f9af74bd5f909c6eec1d2ffcfd57948b39de4d7c3b2.png
SKIP (exists): content/real/pt/c2/008/audio/49d190ef594b6363005184d88953f5e3cfab4a30f56d5513a9ae1f5009e8f72e.wav
SKIP (exists): content/real/pt/c2/008/data/344b77161f8b3920bc42c95b0b1aac489ed719af90e74038e519625d10e603c5.json
SKIP (exists): content/real/pt/c2/001/.DS_Store
SKIP (exists): content/real/pt/c2/001/images/9ba28af02fdd408a832062609ea166746b8c4f9eb37e6c4ff49f8a6c5dc81714.png
SKIP (exists): content/real/pt/c2/001/audio/d2abf8fb60516d4c38fe557530b8f39c068abf6d4e32cbbdae5c33131bc10aef.wav
SKIP (exists): content/real/pt/c2/001/data/9f24ffc575fb6f162b9aeb0f95e8c9257f910ebbdd21d92e5ed6f2e8e39a272b.json
SKIP (exists): content/real/pt/c2/006/.DS_Store
SKIP (exists): content/real/pt/c2/006/images/7dab63d4f0187b995efc3c8e4650fae2d86f952a3155113c8cc6dec0221e87fe.png
SKIP (exists): content/real/pt/c2/006/audio/218caeb7e4b69c63c88b5d4d59069d0c7fb8646a1a28fd32af004e9193a4b3f1.wav
SKIP (exists): content/real/pt/c2/006/data/64af8b08ad2a1310b5ab73c7f0710ce1747963ae0e1964f084d6e284031f3927.json
SKIP (exists): content/real/pt/c2/020/.DS_Store
SKIP (exists): content/real/pt/c2/020/images/0a55f1946f2427a0c9a90258576f0587f2a229967bbc7396c3fc03d6d4ab94ba.png
SKIP (exists): content/real/pt/c2/020/audio/3823ba52e3c6f999106ff8b5cffdefdc05006ac8e8b20dd1b41077a74331ca29.wav
SKIP (exists): content/real/pt/c2/020/data/8632e52910babec4843fcc1a0cf9b4d09d36abd4dcf52cc4750f4e8a620c90a3.json
SKIP (exists): content/real/pt/c2/018/.DS_Store
SKIP (exists): content/real/pt/c2/018/images/4c680c403fd44cd064a3ef9f19275d06c8de8bf80e9b7a30fd0fe6a21c0f0558.png
SKIP (exists): content/real/pt/c2/018/audio/c60d3122d15509b0b8f19bdfe657c9b5a2e0966eae7d9aae57ff8ea87457b65e.wav
SKIP (exists): content/real/pt/c2/018/data/61be7262f28176d3dc1f12f69cd1d2d66f8250dccc760b746e1a8c887f33a525.json
SKIP (exists): content/real/pt/c2/011/.DS_Store
SKIP (exists): content/real/pt/c2/011/images/5e8b0691c12593d0212bb16602793000a7578eaf9dcc98bc55410ff14f85797c.png
SKIP (exists): content/real/pt/c2/011/audio/4097451ce73f15e09e4b62ddbc829216ee12173e2a4d417cdc8e195d0cd411d7.wav
SKIP (exists): content/real/pt/c2/011/data/d64eebff207cab21294636402f351515f9e55b039db08ff452b64f674dcc0732.json
SKIP (exists): content/real/pt/c2/016/.DS_Store
SKIP (exists): content/real/pt/c2/016/images/cf6b6f2bbd1fb85f360504351d48da0e8019e28140eb184babf8be759e2f536b.png
SKIP (exists): content/real/pt/c2/016/audio/d5f5d838ea418539bf0595ae82029fb72d9a2bc6dc8da0a37589118466a0b347.wav
SKIP (exists): content/real/pt/c2/016/data/7b337b078ca1e86a6e4dc3992d5e109f5f2311f47ab4a2de06ddbfaa5cd6f15c.json
SKIP (exists): content/real/pt/c2/017/.DS_Store
SKIP (exists): content/real/pt/c2/017/images/679f4fabf3ae86ba7b887802725b2a8f80e492fdfb2505755dccb0722a76a033.png
SKIP (exists): content/real/pt/c2/017/audio/77ecf07fb907b2e158ac24fae60772c2f1a91d0f8609d15f5c1316435f81912f.wav
SKIP (exists): content/real/pt/c2/017/data/c81ac68de6eb5d0ba5ce3b3545f4c7e6f1bf906259db8065728544bc79359a43.json
SKIP (exists): content/real/pt/c2/010/.DS_Store
SKIP (exists): content/real/pt/c2/010/images/3876ed4d204407c24136b03e39f89d0b3908bffbcadb876dba5268d8989666a3.png
SKIP (exists): content/real/pt/c2/010/audio/622a5c2581e5136650411413821c8786ecd19e566cadbedfb04b93ec11552441.wav
SKIP (exists): content/real/pt/c2/010/data/bc8f3fb1ca594bc4ed2ff50bad4f81fb3c1a2af45fb4e3688f3ded1d083803ed.json
SKIP (exists): content/real/pt/c2/019/.DS_Store
SKIP (exists): content/real/pt/c2/019/images/44bcac4c1c95c6f983e979e6d5789241da0c1e0dffc51a427bcaad82ec1f3091.png
SKIP (exists): content/real/pt/c2/019/audio/90dd8dad4f03c58271ac9754f2ce234d9260fe821a5ea73c34a771d7d9966549.wav
SKIP (exists): content/real/pt/c2/019/data/d5492054bf20638e95346209e8b94d2b633875340fa5a864a00eb072a84d717e.json
SKIP (exists): content/real/pt/c2/003/.DS_Store
SKIP (exists): content/real/pt/c2/003/images/1b2dba91f6125dd1f4bc7ffed77cc23ddf24a243a8884872438bff8bed32eb17.png
SKIP (exists): content/real/pt/c2/003/audio/4d31d2a876d46357cc838f1742150648e91b8f13a69658c2c5b272e10445335d.wav
SKIP (exists): content/real/pt/c2/003/data/e60f1557c3e9bb8d9c6faa2b4e7db20d8b3a3cc6d286425c717abb0fc84f9504.json
SKIP (exists): content/real/pt/c2/004/.DS_Store
SKIP (exists): content/real/pt/c2/004/images/047127e049f2cf415281be7a8f1c23cbe6cbc55326270d439122ac18d858943e.png
SKIP (exists): content/real/pt/c2/004/audio/59ed1c9c7a91728541704676f3cc0f831d7c498f0b74e768cbc1058a2dff883b.wav
SKIP (exists): content/real/pt/c2/004/data/e697be87bfb937c03b68866fe7d5da3e1fe4d8e5e342ccc54a23265aec24ea7e.json
SKIP (exists): content/real/pt/c2/005/.DS_Store
SKIP (exists): content/real/pt/c2/005/images/65cb3173fba0a9bde476fc65551ea4211bfc50861f567f68a44d3564d340efe1.png
SKIP (exists): content/real/pt/c2/005/audio/b746d4288d6caacabb0521929e7c22818964009011a7264fe087f32ab1f15772.wav
SKIP (exists): content/real/pt/c2/005/data/a15df6f936d50f1e13712140b27fc7bcb4659eb8601d7f2b6871465576d7e206.json
SKIP (exists): content/real/pt/c2/002/.DS_Store
SKIP (exists): content/real/pt/c2/002/images/6c67cb984d4dec3b2fd269ac0a8230f18b087e39f9b6d1ce825dbd849b789e78.png
SKIP (exists): content/real/pt/c2/002/audio/034e7006b539211584013d61aac774e9199fe556675d52404a8d30d60405a3c0.wav
SKIP (exists): content/real/pt/c2/002/data/9c5cda861e230cc3d63c31ec90113e38cd86cc4a24e26236611b09f1d4a2eb47.json
SKIP (exists): content/real/kr/.DS_Store
SKIP (exists): content/real/kr/b2/015/.DS_Store
SKIP (exists): content/real/kr/b2/015/images/b8ffe67275bf8783a85a68fa458cb1f6e65318aad7ba23e584394cb13736bf0d.png
SKIP (exists): content/real/kr/b2/015/audio/1644520a91e63391e9f07a3a2bf4b6b8ddd06cf03b0d7b95177ecec467e735b9.wav
SKIP (exists): content/real/kr/b2/015/data/87036ad5cd84035ff2e8e46c67532c78aef8728332b15455a5bb59fbbb01cffb.json
SKIP (exists): content/real/kr/b2/.DS_Store
SKIP (exists): content/real/kr/b2/012/.DS_Store
SKIP (exists): content/real/kr/b2/012/images/d09d2a86fe04d9d15cdd041d68386f9c7ae18663f345d46cd37a3139cc7b1e21.png
SKIP (exists): content/real/kr/b2/012/audio/2be444f68d42ea92a9c0c398c9873f22a5e34fdc307809b4e9e6772ab33c8551.wav
SKIP (exists): content/real/kr/b2/012/data/90aa7fb6249391a24ad713a67cb9a95415df332407f0d5e6c3d65b1b72160799.json
SKIP (exists): content/real/kr/b2/013/.DS_Store
SKIP (exists): content/real/kr/b2/013/images/e21cb954b1705b086336be6ae149cd01e79222b4ca43403656dfa6baf5c00e02.png
SKIP (exists): content/real/kr/b2/013/audio/c50d2add04215cba0ea12ba6b5da6679e70341eadfbc8c4d7d28be1a39ce2504.wav
SKIP (exists): content/real/kr/b2/013/data/a2ba75781d348bdb54b76dbb0d1b48ebc6fc289ae2ba2c3655eee5d5cb7a7e1d.json
SKIP (exists): content/real/kr/b2/014/.DS_Store
SKIP (exists): content/real/kr/b2/014/images/92bf0ad21cd8547ff5ef214073c54a7d487d8b405990827801ec2ee7e6eefe57.png
SKIP (exists): content/real/kr/b2/014/audio/571c8c37448c1a5e109ffbf1e268c1cf2406cf38ed2367c3b478dac771453de7.wav
SKIP (exists): content/real/kr/b2/014/data/77d5f49f4cef2c6060c9600a80134656d750d72666cfad01139f8c5139dcff82.json
SKIP (exists): content/real/kr/b2/007/.DS_Store
SKIP (exists): content/real/kr/b2/007/images/e79d030927da3008ddb1b996ece983e679ddb1a169021736cf2c42e555e501ab.png
SKIP (exists): content/real/kr/b2/007/audio/4f5f71c9bf40810ce3ae4c0adf67afc5d986a6ce4f6c4a972a7926c6fea63c8e.wav
SKIP (exists): content/real/kr/b2/007/data/16e1a878ce48d4bde20355aa3a0d4d5599c39cef51ca1d2cc19ae262009062a3.json
SKIP (exists): content/real/kr/b2/009/.DS_Store
SKIP (exists): content/real/kr/b2/009/images/2db48a40a5a5407418ee0bd4edfba28ee85f8331cc78838cbe93b11a3b1363a6.png
SKIP (exists): content/real/kr/b2/009/audio/1e34aa2e88e6f234307e5a398cf96a3a887281840e8af8356743b4b2b9d41b8d.wav
SKIP (exists): content/real/kr/b2/009/data/552c2c73f58ff1e91973f60bfb3774069f518a71657a0851874d29094dbb7d32.json
SKIP (exists): content/real/kr/b2/008/.DS_Store
SKIP (exists): content/real/kr/b2/008/images/68946d682bea89aa730928099130e87c26be0e1269facead9ea2b904b74b6e49.png
SKIP (exists): content/real/kr/b2/008/audio/93015535c24ce542c296da0f20d4bf34e2a25d110a84ab2348bc2b6fccba5c34.wav
SKIP (exists): content/real/kr/b2/008/data/c6281fbc905133ccc93e5b00b7933a297fe6287a1e8ba096c80369432c39c0c1.json
SKIP (exists): content/real/kr/b2/001/.DS_Store
SKIP (exists): content/real/kr/b2/001/images/0c7d0d23ced9ea50595bc7eae6ab634559b524b3380f661b6e63a7daf73cb60c.png
SKIP (exists): content/real/kr/b2/001/audio/d52a6051dc7b131fce84f07e1ddf8cae5934543690b1859cb793092cf0b99283.wav
SKIP (exists): content/real/kr/b2/001/data/1d814999a81659bd325064f26b0061ede2a975f02caf3a957772a849fcf74c95.json
SKIP (exists): content/real/kr/b2/006/.DS_Store
SKIP (exists): content/real/kr/b2/006/images/778d49a83c7f4814f0df33b861ea83f8ca424528fc3aaadf8b91f87fe26b4b96.png
SKIP (exists): content/real/kr/b2/006/audio/20a7149f1f9499e80d75960c30b12860169f2e29df4d29fd50fc98ec07a622b7.wav
SKIP (exists): content/real/kr/b2/006/data/a3b2be2197a026c6e1d831ce123b2c02a0477ac1247defc3437984c12bd10c3c.json
SKIP (exists): content/real/kr/b2/020/.DS_Store
SKIP (exists): content/real/kr/b2/020/images/1687c45f74ce170c5edff5d268ec68ad8cd000cedafba42b5e189a9995391222.png
SKIP (exists): content/real/kr/b2/020/audio/b75f18117931b2fa0f33f9083c7c8800380089b1f6be83b11234b5c966c4ef63.wav
SKIP (exists): content/real/kr/b2/020/data/dd7c336fea440877046e08155e5219091bdbbcc04c7f99c4446499779aa789c0.json
SKIP (exists): content/real/kr/b2/018/.DS_Store
SKIP (exists): content/real/kr/b2/018/images/a7745653a617677e17ed7c9a7b862956ef35a5ec9a491152afbf5fd76c6d2f3b.png
SKIP (exists): content/real/kr/b2/018/audio/678ff066a2aed1b03a6b318dce45f7aba5918cf841aab8e6674ad32928256f6b.wav
SKIP (exists): content/real/kr/b2/018/data/e8aef969f574d26a678233183c870648ac93be2284fcb4c682a1530452836017.json
SKIP (exists): content/real/kr/b2/011/.DS_Store
SKIP (exists): content/real/kr/b2/011/images/363268b08f82864f3f4a049413979576381fca2506fc08fe4cbf45998d4c8da0.png
SKIP (exists): content/real/kr/b2/011/audio/911c51056341be4f206bf8504579b632fa2e473b7bbd27a80d0cf434b09a1997.wav
SKIP (exists): content/real/kr/b2/011/data/dd74eef22a7fa0a79ad0140874870718319976b929944fa7c7dd2c660deab339.json
SKIP (exists): content/real/kr/b2/016/.DS_Store
SKIP (exists): content/real/kr/b2/016/images/1143e97dab67874589ee7a33482d0b91d597bedb9be36140b97efe7145279b80.png
SKIP (exists): content/real/kr/b2/016/audio/062600497250a43bb1f49f2c9528a2253050432da6f940024b3656d414d652d2.wav
SKIP (exists): content/real/kr/b2/016/data/df34eae98ec6815e6489eb567ca5d61b76bcf8718ae6a420f77222ec1d9a9e09.json
SKIP (exists): content/real/kr/b2/017/.DS_Store
SKIP (exists): content/real/kr/b2/017/images/3a5bc1d0f8873cd7dc3ac2535f7a3bc407ccc179e2ba4c6734f06d715afb6673.png
SKIP (exists): content/real/kr/b2/017/audio/a2e097ef5acae55aa58f6c9a21f3da850198a1e61782cf47f5158508e46439ee.wav
SKIP (exists): content/real/kr/b2/017/data/e61928d1b67ab60f96c12381f79395d491cb682283c35c4c669e8e488a5b692d.json
SKIP (exists): content/real/kr/b2/010/.DS_Store
SKIP (exists): content/real/kr/b2/010/images/cc2be27b94898f8c5b8968ab0d9f76b41fb2c9c15c49d433b4bc96863855cbc2.png
SKIP (exists): content/real/kr/b2/010/audio/5cfe40c4d96bb3440c30ada8536319af10e0ae9a60af0f3705267ba0c1c27139.wav
SKIP (exists): content/real/kr/b2/010/data/7cca488425332a2052e8499be85e3b78f2b249ba4b94f20cb285891ac4e59d28.json
SKIP (exists): content/real/kr/b2/019/.DS_Store
SKIP (exists): content/real/kr/b2/019/images/924f911cb93bcc4fdf3125126f3ee02b368dc1066376e1a00dcaf294d70db754.png
SKIP (exists): content/real/kr/b2/019/audio/95e63464d00d60cd3d17e3bed84327033aa541d668349c547c36dd2734fe02c4.wav
SKIP (exists): content/real/kr/b2/019/data/cb4b846dc6bdfda4a406641cc9d5ad6e21c4937c2217695678e9463e6635426d.json
SKIP (exists): content/real/kr/b2/003/.DS_Store
SKIP (exists): content/real/kr/b2/003/images/7507b8e28a289ae768df25984fb0c0c2d7dd875c0a8c9289d7563b0443ac575a.png
SKIP (exists): content/real/kr/b2/003/audio/56714e6a5c27af21e262be8a1c7fe3a2007ede4a18123833c18300e170eff1fa.wav
SKIP (exists): content/real/kr/b2/003/data/b638b07da09a21db9aad67eb270cdaa8889352f5c31ac20ecbc7ca9074ecf9c2.json
SKIP (exists): content/real/kr/b2/004/.DS_Store
SKIP (exists): content/real/kr/b2/004/images/275989786c5e84e203c261a61def0b07e9ba3ee2e44eb3badea2d8abdc82fa80.png
SKIP (exists): content/real/kr/b2/004/audio/6e8bd964ff23a0cdb67e4bc332b7920fd3758cc799558eacdc31a3cf87a3b812.wav
SKIP (exists): content/real/kr/b2/004/data/a712d4bcc908e08efbdf56ec5b20188463fbf4d12111285be0080c0cb5b3065a.json
SKIP (exists): content/real/kr/b2/005/.DS_Store
SKIP (exists): content/real/kr/b2/005/images/d39bca741d6be57dbd6a91ae42c3fb5a9d7fcbd796ef3ef62b772903e3d58a9f.png
SKIP (exists): content/real/kr/b2/005/audio/39123edd60bab26d4702321282d69d75be5171097f6f809d11547fbd97cea1a7.wav
SKIP (exists): content/real/kr/b2/005/data/b89bbc3d316cc6b08a5d487ebd344a6255b457f73155c8be0f2947a5a15db6d6.json
SKIP (exists): content/real/kr/b2/002/.DS_Store
SKIP (exists): content/real/kr/b2/002/images/c2eca23a83766e2636c7f1b96bbb6d74f9b24967b185736dfd03782a9345f56d.png
SKIP (exists): content/real/kr/b2/002/audio/34dafefe7e334a94e9edfa5cc62c62accf5cb38c1c5fdae6208e9d0989309d8b.wav
SKIP (exists): content/real/kr/b2/002/data/0c0975eb1bed1d5dbe2422541716cfba673635ffa9ca0d2e363e14f4640fc88f.json
SKIP (exists): content/real/kr/a2/015/.DS_Store
SKIP (exists): content/real/kr/a2/015/images/1179cbd23124aaab36b3b22ea498e2d5e222fa7a2398cd89ae83eb489488aed2.png
SKIP (exists): content/real/kr/a2/015/audio/a87582508512410df6630358e75ba018d13bc7e3b6f23ee42fe1cbefcf8a1f4b.wav
SKIP (exists): content/real/kr/a2/015/data/1f23cb321222db3afa6d1aab3ad4a01b2668c824fbc7643608a3613e12cfec9a.json
SKIP (exists): content/real/kr/a2/.DS_Store
SKIP (exists): content/real/kr/a2/012/.DS_Store
SKIP (exists): content/real/kr/a2/012/images/c1df836a9c5f560267cdb0a8b3b0daa6fc1a8bc7fb5026d5abc1e32caae91df8.png
SKIP (exists): content/real/kr/a2/012/audio/8a2b4a33363433fb93397ae565f1b5f579ca47c617a1c2534aa82cfae4b0380e.wav
SKIP (exists): content/real/kr/a2/012/data/73116adcdc17cb6078b1bf5cccc12cad01dc6a37e9c995b27a25636a3fed1b12.json
SKIP (exists): content/real/kr/a2/013/.DS_Store
SKIP (exists): content/real/kr/a2/013/images/97a96edb4ab3e106dcfce6f5665e8767a1252b3664b07c3f30034dc4871de7df.png
SKIP (exists): content/real/kr/a2/013/audio/7ae12b3c827f483996dbf4180f5c51d76a9dfb66b96842e6677c21d075c57cf9.wav
SKIP (exists): content/real/kr/a2/013/data/ee53945dc17ad438e2491004d8121d35b6f19e881ff194fef917f6238a4ce9d5.json
SKIP (exists): content/real/kr/a2/014/.DS_Store
SKIP (exists): content/real/kr/a2/014/images/1784b15614dd8a038125f5eecdee88908766050f3f1eaf219ebfab98c01b1650.png
SKIP (exists): content/real/kr/a2/014/audio/15328f0874908c814ea0133df1493b5a2de494d3784f76d26bfb3c987e11a91d.wav
SKIP (exists): content/real/kr/a2/014/data/5d0414dca3d572248185ea9fa9b506d4254f1b2bc8ae731101e2afa2fa5ec172.json
SKIP (exists): content/real/kr/a2/007/.DS_Store
SKIP (exists): content/real/kr/a2/007/images/b81be82f55e48c0cd3b8443e1eb2caa475f562ad2b6d4131176dc732617f4a66.png
SKIP (exists): content/real/kr/a2/007/audio/e086ae4268a5f441ee096be2d3b782362eecb06c5f455f1883559d94e9835f1b.wav
SKIP (exists): content/real/kr/a2/007/data/7c00072114d125ad95d0abbaaaad184be111e7c5c9aec4c54055c3ea88c08e2e.json
SKIP (exists): content/real/kr/a2/009/.DS_Store
SKIP (exists): content/real/kr/a2/009/images/f9e6bc3c74f874dfa02a7471b98ad727d8543996162d370fd59d5f40dcfb1338.png
SKIP (exists): content/real/kr/a2/009/audio/97b2bbadabdfeebc8174b2e113ef61c0b4e17f23e820824ee2cbdb28b35aab95.wav
SKIP (exists): content/real/kr/a2/009/data/e9ba16847b7e4a33932f7872a8a4dff41fd8d2bd64b670c966158f2dadb8b3d0.json
SKIP (exists): content/real/kr/a2/008/.DS_Store
SKIP (exists): content/real/kr/a2/008/images/0b70560a2aaf75665c3ce5d05f9e91dd07ea409eef458660a199f151b662ab87.png
SKIP (exists): content/real/kr/a2/008/audio/e88e9369b5d9a043caf45f17448f039c68e80b077a96b49030c505daafc74d27.wav
SKIP (exists): content/real/kr/a2/008/data/40ff663b83a5a4c16c96b162e47cd6fff9f75eea5a697a6b06210bd329f91732.json
SKIP (exists): content/real/kr/a2/001/.DS_Store
SKIP (exists): content/real/kr/a2/001/images/9ebb655cc04834dce7d8c4cb40d26b5f7588eb1a0deb92c0701be8b86200c263.png
SKIP (exists): content/real/kr/a2/001/audio/0cf4c47049abde27a09e0523db1ec0aa4f345f539b881d8209763188f29c247b.wav
SKIP (exists): content/real/kr/a2/001/data/221f95d4017c7624b1803f4b3c49f5af7dbde39e95cf473c9e0683cdd19facef.json
SKIP (exists): content/real/kr/a2/006/.DS_Store
SKIP (exists): content/real/kr/a2/006/images/b85639e142469d003ae22ff85568011264e9ed288894f01c8ce6e1bae72f5522.png
SKIP (exists): content/real/kr/a2/006/audio/76698261b5d958ba8dddfb23a79e9d1340fd1fed06e7300dffe69509ad5fbf86.wav
SKIP (exists): content/real/kr/a2/006/data/60a629338b2f12d8d2953bd3c51f3eaa8250166e0df94742b012796322dc00da.json
SKIP (exists): content/real/kr/a2/020/.DS_Store
SKIP (exists): content/real/kr/a2/020/images/5be63d41d9cf6b99b777831459540aedfe7a1498918f7b8ec6a498a68444ce05.png
SKIP (exists): content/real/kr/a2/020/audio/538b30cd3bc0de3457f1bcbec72cc3d301fe19f33f67260b6cbb162a4f5b72a8.wav
SKIP (exists): content/real/kr/a2/020/data/d1b5550b0d3632c583b871a20ef8d21d2b0d597bee5626c08022c902d703bc1e.json
SKIP (exists): content/real/kr/a2/018/.DS_Store
SKIP (exists): content/real/kr/a2/018/images/df65d06d2f54c257c76d8d8d947f2b786a4a43ff5aaddea939a514a8882c13ae.png
SKIP (exists): content/real/kr/a2/018/audio/f0166ad978d454901836cb2d06cf9f8aadcce74a1d0af9b67ea7f4e76065c851.wav
SKIP (exists): content/real/kr/a2/018/data/8cb59c84d76cfb46d85455d9197786586db8078593ac62b37be12b400f9bc8c4.json
SKIP (exists): content/real/kr/a2/011/.DS_Store
SKIP (exists): content/real/kr/a2/011/images/323ce68b1db7443677f78e582cc5e0b6c25bdc0cd4f083eb14f074bfa8910107.png
SKIP (exists): content/real/kr/a2/011/audio/034b3e8aae2bd1aa3bf96aa608e3ee4e37036ef7a67b7db0d4240c12fc01ea59.wav
SKIP (exists): content/real/kr/a2/011/data/6a2bb488b9a48cd58acf7921cf9b0941c4f07d9370904b1ebcadedf7f27da635.json
SKIP (exists): content/real/kr/a2/016/.DS_Store
SKIP (exists): content/real/kr/a2/016/images/86b3b966146891f13f6b6dc069450ebe7d23913721b07127ec091eaec709fa8b.png
SKIP (exists): content/real/kr/a2/016/audio/ccf439f286cc2ddb26aab079cdc1cc26c5b00db4d21ef08fc71493892d8391a8.wav
SKIP (exists): content/real/kr/a2/016/data/ed2c94c18115d306eef0c84388d0e4b0083a5388ab1431d5114249d958a50e53.json
SKIP (exists): content/real/kr/a2/017/.DS_Store
SKIP (exists): content/real/kr/a2/017/images/6d896cb049c30277fe7e53acc5ba1a7ace7d618381cd214f89a381602974506c.png
SKIP (exists): content/real/kr/a2/017/audio/cc8e5a54fb224fc15f8b9e01f84de526a0391d46a11af446475a1f160a66acd9.wav
SKIP (exists): content/real/kr/a2/017/data/c17a6b94e825bf370baf548a77babeabab0898eb2bb31e5a7b5caaf1b757ad3a.json
SKIP (exists): content/real/kr/a2/010/.DS_Store
SKIP (exists): content/real/kr/a2/010/images/5e19ab226ff4dc166bb761f8160ac49c925cc19e054faa0b5d2c79c386619b41.png
SKIP (exists): content/real/kr/a2/010/audio/808856f731d910a65a826ff7a455ce9aa38cf5a854f9213493c31d9f44d97397.wav
SKIP (exists): content/real/kr/a2/010/data/13a6cbb05cb9cb004939c770c5ecdc8c1d3e5e3cdce98131ceef3386128cc2c0.json
SKIP (exists): content/real/kr/a2/019/.DS_Store
SKIP (exists): content/real/kr/a2/019/images/b7cc328bbdb4dd25618b5ef15f63c1a19b9dc5f31902de7c927e1becc4c492be.png
SKIP (exists): content/real/kr/a2/019/audio/0ea2968a539a1f47139bf41720c496b02a06085eba1bc84f7fee66d25efc1a02.wav
SKIP (exists): content/real/kr/a2/019/data/7fb2954ebc941e7616f6be367c612181bd644f4f2437e8001a44f9fbc9e15078.json
SKIP (exists): content/real/kr/a2/003/.DS_Store
SKIP (exists): content/real/kr/a2/003/images/4ec60525f6e0d010256ecb4111d7c576c2b60b0ffd68fa0fd96e152c11818f13.png
SKIP (exists): content/real/kr/a2/003/audio/210e3482bb66b6186228c030f39db220f78f61af23ef706db2b93a1eb0c296dc.wav
SKIP (exists): content/real/kr/a2/003/data/9b5e68eab423932e80f769f12ae1e3919c2053126c3564abae789199eb6a29f2.json
SKIP (exists): content/real/kr/a2/004/.DS_Store
SKIP (exists): content/real/kr/a2/004/images/2c946bb44f872ed73cf9d8713ced3eb5204d1f77483e9848dd5058493ecefabe.png
SKIP (exists): content/real/kr/a2/004/audio/1c5568fb2a810e15469c9cd7dda2d47ee9af1824793ae67f464b3ab05ac8d915.wav
SKIP (exists): content/real/kr/a2/004/data/337b69f910364543da72c7ef95a8ab011418500bcdda1b71fc257ab4e1ddfc9e.json
SKIP (exists): content/real/kr/a2/005/.DS_Store
SKIP (exists): content/real/kr/a2/005/images/a470537da324fe2d8b7b758fdb1314793ed6ffb44f9e1a97f208e3f3ab94a8c7.png
SKIP (exists): content/real/kr/a2/005/audio/151d0e92669e79a4068dde84d6622de68373e2e3b57e63d9d74cac2d74171131.wav
SKIP (exists): content/real/kr/a2/005/data/d2d5e96e5feb3c5d0951c7d4ab79917fad6d615cedb40ed5b4372934194f8510.json
SKIP (exists): content/real/kr/a2/002/.DS_Store
SKIP (exists): content/real/kr/a2/002/images/6a0b00a03ab8fd97c96e046c183f256ad0ba0f1b64a91748cabf260c48f5ba08.png
SKIP (exists): content/real/kr/a2/002/audio/703da2b884629498396d0d50c55706e955af2fe63b71fe296918a6c262f6fa8f.wav
SKIP (exists): content/real/kr/a2/002/data/be9ab410698163436dd943f88fa58e7307a17955bbb2185e72bf4609370bc81d.json
SKIP (exists): content/real/kr/c1/015/.DS_Store
SKIP (exists): content/real/kr/c1/015/images/34e81c919da34281a6a915605776281c2f67ab807199806ffb74e248b39eee4d.png
SKIP (exists): content/real/kr/c1/015/audio/a94c80d86055de0d5b80c1638fc0f26943d39167bc81e2ce1a474d6b0d987eed.wav
SKIP (exists): content/real/kr/c1/015/data/d8af8d436fb60c09c650013b38daf82955320fb4680577360240488a3e62e6c3.json
SKIP (exists): content/real/kr/c1/.DS_Store
SKIP (exists): content/real/kr/c1/012/.DS_Store
SKIP (exists): content/real/kr/c1/012/images/84049f3d8a0a946afa1bee9378b59d1cbef9bb0a7a3300e6ac4e615efc97dd17.png
SKIP (exists): content/real/kr/c1/012/audio/7561ca15fd6d7b298ee7a07090130223efb13cf8dcaa8af5f00bbcb6599ff904.wav
SKIP (exists): content/real/kr/c1/012/data/e248c6af9a976576de9c901bf7b5aabc035dfb0ae9cdfe8a05d092cbabada264.json
SKIP (exists): content/real/kr/c1/013/.DS_Store
SKIP (exists): content/real/kr/c1/013/images/1081f590b71125d7440a80446e006ccc00def12a7706976d76c4c4aeb667f1c5.png
SKIP (exists): content/real/kr/c1/013/audio/2b03570f791c5a1478617201b01b9da8d7d9f57ea6b56f7053b4bbbdf056d795.wav
SKIP (exists): content/real/kr/c1/013/data/a63c7cd8d6700b4a2f29087009e5bc5f0df865b2b4e40b80fbbd2e692152afea.json
SKIP (exists): content/real/kr/c1/014/.DS_Store
SKIP (exists): content/real/kr/c1/014/images/48daea09df4c3b0afa93315acb05ca584acf8f86b5d2933829d1fceac359bf3b.png
SKIP (exists): content/real/kr/c1/014/audio/8bdfb50854b0a5cacaa30da6399776dbfc56feb37e36d0b4bf8c612ad36e27ee.wav
SKIP (exists): content/real/kr/c1/014/data/a0f0b333191f5b7b758a8b3e831d31983bb2e7b13dd032e780ef7703342131f5.json
SKIP (exists): content/real/kr/c1/007/.DS_Store
SKIP (exists): content/real/kr/c1/007/images/b7311bc9a8cb09ba31ac23ac79dd178fbbc4d10c0bde1ee82eadd2eba2f6651d.png
SKIP (exists): content/real/kr/c1/007/audio/e111bccdd9d1d51800d75e00d99021cbdf6accb4a47f8c454826df7b1b86e0ad.wav
SKIP (exists): content/real/kr/c1/007/data/a92696aad7d79014fbe0fd336d3e8f82c38ba20875f67bff1521b0d032a92216.json
SKIP (exists): content/real/kr/c1/009/.DS_Store
SKIP (exists): content/real/kr/c1/009/images/88671d5ced7909e14c611e9efff1bae4b7186832ab77de54ccb2ab4bb0cdee7e.png
SKIP (exists): content/real/kr/c1/009/audio/84782f8d64b8401058fe69b5edece55ed5b6d761ba01f9ed01a8d00ae903490c.wav
SKIP (exists): content/real/kr/c1/009/data/a0ad5eb5193f762659297108b22e6bda23c758feb6a3b92cf2d30156f6561a53.json
SKIP (exists): content/real/kr/c1/008/.DS_Store
SKIP (exists): content/real/kr/c1/008/images/78d8ad39b02ef6c1589fa15a23fbaac94e4acff13c5a993837a12675e2a1c32c.png
SKIP (exists): content/real/kr/c1/008/audio/b117d20a0cc10657d954762dd537461ff2565db9929543fa76357c4406d04b36.wav
SKIP (exists): content/real/kr/c1/008/data/cbe052f58e08d8c87394e3311ffc048a8293b0c79df5935d21a7d929e9827a4d.json
SKIP (exists): content/real/kr/c1/001/.DS_Store
SKIP (exists): content/real/kr/c1/001/images/00fbe21a9f55e6aae509d3193c0dcf9eb07152e0761981748f9600ac9ea427ff.png
SKIP (exists): content/real/kr/c1/001/audio/b8bd6e26b57ffe998ba4b096583a19589246b7900635303880fd95ba4dedcee7.wav
SKIP (exists): content/real/kr/c1/001/data/2ce232f00eaf0d6697a7a722746d2a81dee5083be794802a3b1e4074648c8fae.json
SKIP (exists): content/real/kr/c1/006/.DS_Store
SKIP (exists): content/real/kr/c1/006/images/d1aeefb2c3d8cc84717895f51c30585a24e270a70ee4f90aabb3509d0cd26eab.png
SKIP (exists): content/real/kr/c1/006/audio/2a07fbb1cdd786d85c974eac0dbb47dc0b1846aff91b6ba60c3015d8479208ad.wav
SKIP (exists): content/real/kr/c1/006/data/bd98599f582957e5b64d6d00ea202ac4bab4bfaf0a100a64a42817c6ab4c26e6.json
SKIP (exists): content/real/kr/c1/020/.DS_Store
SKIP (exists): content/real/kr/c1/020/images/1e567216a08852b95846bfb4c1afe4eec726dc6f146f948a5562e4abfbdaacd0.png
SKIP (exists): content/real/kr/c1/020/audio/200008c6e3b6a4db9122b67267f6aae789e62790ccd1cd1e345100f2f8a1e9ad.wav
SKIP (exists): content/real/kr/c1/020/data/9b88c8a71737ab44f24a3eb9427e343e64db267ffa8023b37a720096c521362f.json
SKIP (exists): content/real/kr/c1/018/.DS_Store
SKIP (exists): content/real/kr/c1/018/images/578e90d486eece6b0e02c3c8fd1da59f9b314c2bcde5cb1260dc6ff15626358d.png
SKIP (exists): content/real/kr/c1/018/audio/288db571739775a087981628437b6a3d4a70291bb84dae63fe8271b4cc917328.wav
SKIP (exists): content/real/kr/c1/018/data/d46effcce927c6e3323f180509d1416fcace5e621756f8a6b4bcd70e81c1835a.json
SKIP (exists): content/real/kr/c1/011/.DS_Store
SKIP (exists): content/real/kr/c1/011/images/1dbeb269e129c6a932f4c8acf9167c24ede2e69642f5d52b110d72207d9697d4.png
SKIP (exists): content/real/kr/c1/011/audio/ed520aaab233706eae7a8d8d38ce4ae08b04d9f077caef000f21031a31e3bf8e.wav
SKIP (exists): content/real/kr/c1/011/data/82adf5edab08004cd8b962c47bfef331d9d0f1295c36907db49e68db796bb7ea.json
SKIP (exists): content/real/kr/c1/016/.DS_Store
SKIP (exists): content/real/kr/c1/016/images/485cc8b57ce67643d28fccf97d77f3d02326261e376fee9475fa30203a0e76b7.png
SKIP (exists): content/real/kr/c1/016/audio/f97b85fecacef690cce27fef74e02cf2f84dfe28ae9cfc0d5be8fae5dfbc7ddd.wav
SKIP (exists): content/real/kr/c1/016/data/8701daea41e0237f2449640cb467207d48a7fe308066d8b11f1c47aa8cc5fd72.json
SKIP (exists): content/real/kr/c1/017/.DS_Store
SKIP (exists): content/real/kr/c1/017/images/65e8a71c516ed546cf35b2b76b2f02909af2f83541cbacb18688b8eb792960ec.png
SKIP (exists): content/real/kr/c1/017/audio/3f612fa6476d0aa87cd7d7330236e1c74e1209f3b6903cca53ca352ca06d9f09.wav
SKIP (exists): content/real/kr/c1/017/data/aa2ecb2b7a73fc8ff1cfe4d007c0900565eaa4e23277869fc10e56f7e45a10be.json
SKIP (exists): content/real/kr/c1/010/.DS_Store
SKIP (exists): content/real/kr/c1/010/images/3c45313e173e03ef962ab40bcd6bebd76f5286d67b3493bb6b03b8ce09326058.png
SKIP (exists): content/real/kr/c1/010/audio/57043f7398a391ecf5771602ab3944336d61ef3c5086dd1a73a2a91f5e36b46e.wav
SKIP (exists): content/real/kr/c1/010/data/e773ca14d517ad05504c65239ad6b066991058d8a0a739ee32a1b830747b8699.json
SKIP (exists): content/real/kr/c1/019/.DS_Store
SKIP (exists): content/real/kr/c1/019/images/18ca9d037ff5e4d424c3f7b3cab8f08f6f7bd391ae328a83129aa3443ebddef0.png
SKIP (exists): content/real/kr/c1/019/audio/bccdda6d8228777b2b6aa5319966a36d75f7a7a7117cd0640f10e16b4aa2d165.wav
SKIP (exists): content/real/kr/c1/019/data/57b725d0b0272a639c7c4aec9c1491f0f19025bcac010ef44822efbb4b5e7fb7.json
SKIP (exists): content/real/kr/c1/003/.DS_Store
SKIP (exists): content/real/kr/c1/003/images/14cd4d3e7da697daa1436f1477843605a4834cf0286b68a046cd0aa4acd19d11.png
SKIP (exists): content/real/kr/c1/003/audio/21bdcd7722ffcd615fa488ec7c0c614fc0090c8925855b288de256133771fa37.wav
SKIP (exists): content/real/kr/c1/003/data/c0aa662d4172ebb4adfe0e7219a611b90d75798ca7a6b5c1ca012ccce261e287.json
SKIP (exists): content/real/kr/c1/004/.DS_Store
SKIP (exists): content/real/kr/c1/004/images/9913a160352247e0af004b3c4fe0486dd84812855a78143b2e8fd52dc69fe88f.png
SKIP (exists): content/real/kr/c1/004/audio/eabc9536ec069f0aee9b4e580a7cb9cdf30ab56f12f7333250cd250fafd9586c.wav
SKIP (exists): content/real/kr/c1/004/data/569109fd974c9c01becfaf19c516532c84b36018f23c04fab03f5d3c07bd90a5.json
SKIP (exists): content/real/kr/c1/005/.DS_Store
SKIP (exists): content/real/kr/c1/005/images/45cf17b3182280f01cc3a9b6e65394849b4509202c1d05b1bace4d0f43a25dc6.png
SKIP (exists): content/real/kr/c1/005/audio/c522d1b1adcbc1ce51951b645da7bb3e877f3f13b7cca767dfe52184f2bbd9c5.wav
SKIP (exists): content/real/kr/c1/005/data/c0e13677b8000c85e620d54a475d65f31c5aa4f1a5d11502578d20cd89183c1e.json
SKIP (exists): content/real/kr/c1/002/.DS_Store
SKIP (exists): content/real/kr/c1/002/images/75974b80497da301952b2c9e3aed1be23fdcd3c5832e7d2aff4228cadf3c4eaf.png
SKIP (exists): content/real/kr/c1/002/audio/f9380b586c353f233c17717aebcee6777b5d9c0b31032e4be73a52f4cf491e79.wav
SKIP (exists): content/real/kr/c1/002/data/bd46d12b8e8015d2f8bec26141422cdd612c83b7e59265b68e43bfee1c979191.json
SKIP (exists): content/real/kr/b1/015/.DS_Store
SKIP (exists): content/real/kr/b1/015/images/46b415c18630072eb6167337aed64386924509eba43e02eea2ba0cf8e3a5bbeb.png
SKIP (exists): content/real/kr/b1/015/audio/3bf72a93fa288ecd405c1871d6737a2d19ca80b8197da5ff7cdeda4f6a4151a8.wav
SKIP (exists): content/real/kr/b1/015/data/c56f105ad3b3eedcefc1d1892281d4d2d6262257c6bc6562edc9cf42878cf51e.json
SKIP (exists): content/real/kr/b1/.DS_Store
SKIP (exists): content/real/kr/b1/012/.DS_Store
SKIP (exists): content/real/kr/b1/012/images/45cb2953db1b8704bda38b245438dcede59fbc69aa06724c43ea29fcd3dfb28b.png
SKIP (exists): content/real/kr/b1/012/audio/18d93a5a89ce032b6e60fe6e449772c43d79172a0ddb94b481742cd3b3ba87b7.wav
SKIP (exists): content/real/kr/b1/012/data/54234406a8833e30b77185b2d3682abcbcfd18dddfccfe65e4a71e0f4bfef1c3.json
SKIP (exists): content/real/kr/b1/013/.DS_Store
SKIP (exists): content/real/kr/b1/013/images/24e2845f9c24e9d1072b7fce995cb26f5ede82bd80000acef04d94eb565f5c53.png
SKIP (exists): content/real/kr/b1/013/audio/3e452ea4ed41ee82621d35f043fa04196616a98db9027ab9feca67da691a1972.wav
SKIP (exists): content/real/kr/b1/013/data/9a265d799298ed8db2af6013cbae396bc775bda2108bbef7cb5705f68a6d7648.json
SKIP (exists): content/real/kr/b1/014/.DS_Store
SKIP (exists): content/real/kr/b1/014/images/233f59697f6a858eda58434fa06290671f4a1d43e31952f04cbb8835edcbafe0.png
SKIP (exists): content/real/kr/b1/014/audio/f2faef0ea38784696f4b2a520dbe7cfaf46cee4e819ca395cba8107501519c9d.wav
SKIP (exists): content/real/kr/b1/014/data/02e00c14f187885e8c066b0ad8c8baa23925ef4e294cb80a07892a7cb32f7e8a.json
SKIP (exists): content/real/kr/b1/007/.DS_Store
SKIP (exists): content/real/kr/b1/007/images/1a16f352bcf69eb66f971ed724a4c5c838f906b9604f25200a75e85f94959a3f.png
SKIP (exists): content/real/kr/b1/007/audio/363c5949996265121a74087ceb30ee3b680d28d43339ab3eb2244c27ccf8cf73.wav
SKIP (exists): content/real/kr/b1/007/data/252a07aed9cb4f74301e2b54da1a56b101a0531e42624a5f74e308e53d8a998f.json
SKIP (exists): content/real/kr/b1/009/.DS_Store
SKIP (exists): content/real/kr/b1/009/images/88f1d75054edea560e7f98fea48a1f1ce5cb16690c21c8e48493af0a42332b47.png
SKIP (exists): content/real/kr/b1/009/audio/f0e0a0abd681348a077072991dab34381ef179ebde6ef0e113613e4312e0ef2d.wav
SKIP (exists): content/real/kr/b1/009/data/66a94e6437172ebf03bc97a7d2b0c028c1cb7b9f09e227832cc0a0630cf0366d.json
SKIP (exists): content/real/kr/b1/008/.DS_Store
SKIP (exists): content/real/kr/b1/008/images/a7fd87ce56aab298b95bbf0747a0dc6e32361ec3965696331979ca2fa834bc9c.png
SKIP (exists): content/real/kr/b1/008/audio/3ab393fd97c642a2ad1af2fca9983d6df2f323d66e7266da56cc6f6e38db43c4.wav
SKIP (exists): content/real/kr/b1/008/data/cef1457b75ec449065f8a67bc2d0acf19ef368d632ce6b83374abc126f112a50.json
SKIP (exists): content/real/kr/b1/001/.DS_Store
SKIP (exists): content/real/kr/b1/001/images/1b728a0b5347f284b04e58256092439a586ab072bc44adcd7431b6fb19b5b458.png
SKIP (exists): content/real/kr/b1/001/audio/5aa4d3c1cea5176946db74a2721592e8661b94a130951ae8dd83abeceb75f26e.wav
SKIP (exists): content/real/kr/b1/001/data/f901f01b4d1c9004acaccfebadb42a68164745c598f7203e5ea9aca78ad773e6.json
SKIP (exists): content/real/kr/b1/006/.DS_Store
SKIP (exists): content/real/kr/b1/006/images/9b5798da31393afe3fdc99b443192e6ddf615f37c369794d188999fb64bc5c09.png
SKIP (exists): content/real/kr/b1/006/audio/4df337fc4750e8db7eb0db2cb6d6aa28cd05084f70a3d223f3f7b8626aceabcb.wav
SKIP (exists): content/real/kr/b1/006/data/731e02c4237822a0fce40ddc9b1f17acff908acc469423f3ed51c424b8442b0e.json
SKIP (exists): content/real/kr/b1/020/.DS_Store
SKIP (exists): content/real/kr/b1/020/images/ba8a1ee0d0982ce1c57d6d36406e822d587ddffb00f1c0414f2f8941351f293c.png
SKIP (exists): content/real/kr/b1/020/audio/fc23e1332ee45a49c5f555be8aec2fdc4c5c93866e17b2a9faacdd0fc281c426.wav
SKIP (exists): content/real/kr/b1/020/data/22373c85437c067d21625febc4315ba583e27a418ea6ee858973d3355094af49.json
SKIP (exists): content/real/kr/b1/018/.DS_Store
SKIP (exists): content/real/kr/b1/018/images/d4a5f3769810fabef1109690ffac0da4c828f93900e7d45f98cc15569ea1f994.png
SKIP (exists): content/real/kr/b1/018/audio/0e3780529e0a3a61a319f64ff31fd65392e16371acfb408b7ca63190c6a3afa0.wav
SKIP (exists): content/real/kr/b1/018/data/8f6b4be099f9c4f37c927a133ff8d71e97a11613c49d09121da8b1556d2e78cf.json
SKIP (exists): content/real/kr/b1/011/.DS_Store
SKIP (exists): content/real/kr/b1/011/images/efaaef9849386b8890309079a0c94b8e673c133452f4185ccb5e88e8d95b752d.png
SKIP (exists): content/real/kr/b1/011/audio/7a2c7bb71efe2aadcc9ceb32a1566ff38e88cea58b612e8e197721274e5a6d44.wav
SKIP (exists): content/real/kr/b1/011/data/66719965b434ff7b59e12522802eebd9acc49f6ff0b124beab8c6a4db65c2ae9.json
SKIP (exists): content/real/kr/b1/016/.DS_Store
SKIP (exists): content/real/kr/b1/016/images/53e0ee7b4f7e7bfe816fe27c887ae888660a8d291a83b04327860f148fe80f4b.png
SKIP (exists): content/real/kr/b1/016/audio/6ac217c2bf28cc85445f4d24569a56ab06eae916734ec0cb8e27f5cfe01abc4d.wav
SKIP (exists): content/real/kr/b1/016/data/efa7b09d3bbdc9a0f922ae7cef6b52d506ccd18ecfcfcda56cfcf8f2c6d9a45d.json
SKIP (exists): content/real/kr/b1/017/.DS_Store
SKIP (exists): content/real/kr/b1/017/images/8126989c72a51b781fbdfe959fb92b9ba4a92cd8a2e501a7be476ceb260ce119.png
SKIP (exists): content/real/kr/b1/017/audio/0d6da1b2e67c13a55677fe0bba5883ef075ea9a08ce09d076070feadf14df7a6.wav
SKIP (exists): content/real/kr/b1/017/data/3c03cb04462a9aa3a5280b2b9905b448eb0a0901437d75d93ffb7cef004228a4.json
SKIP (exists): content/real/kr/b1/010/.DS_Store
SKIP (exists): content/real/kr/b1/010/images/d9079710b9378fd54c97a6135b438eb31672976b6fe05553be7586b188cee2ab.png
SKIP (exists): content/real/kr/b1/010/audio/0105a49de1fda6657d5dc34e2cf5b3652e15ad5a1c0883b6f7807338f3ff186f.wav
SKIP (exists): content/real/kr/b1/010/data/9dcfb216538e9b4e99d4792536b90a768e738715cdf359699d05594317ffaaaa.json
SKIP (exists): content/real/kr/b1/019/.DS_Store
SKIP (exists): content/real/kr/b1/019/images/b215e3c6616946457207932dec99a372635971ba211669fe9868f1307b0b3d84.png
SKIP (exists): content/real/kr/b1/019/audio/a7daf5c520623e2c02feebdc1ee350ba9239cc11c6d40c259a4d83840e2fc534.wav
SKIP (exists): content/real/kr/b1/019/data/5b23929f7fa6cb7520ab0c42fe294dfbf0122e4b5b4d0383a59248eebb801490.json
SKIP (exists): content/real/kr/b1/003/.DS_Store
SKIP (exists): content/real/kr/b1/003/images/f7f1ccd5ad9c2b5bcf5c4cb651cee790754a53b0ab6fbab6cc7e14943231cef4.png
SKIP (exists): content/real/kr/b1/003/audio/8e6714cef02a33a1988a6ac54f2b96a4c42c4fbf87279b7f8833fb789ba58513.wav
SKIP (exists): content/real/kr/b1/003/data/fb900ee74c0c91223e6a440fa4c844d33544ccfa0c660fb665ccca5f514003da.json
SKIP (exists): content/real/kr/b1/004/.DS_Store
SKIP (exists): content/real/kr/b1/004/images/e0e5756ccc1134bf460bd5b9835f52e770e92fe7a49b50f9bc8574aca39e026b.png
SKIP (exists): content/real/kr/b1/004/audio/27bdedde5d482ebaac21ade86eed0c7aa922eaa5b2462ff3cd7656bfe35dee5a.wav
SKIP (exists): content/real/kr/b1/004/data/71ac26e7c9db14e5200d95babf09e2c9a6aba78eb985195338c75d37aa368bf5.json
SKIP (exists): content/real/kr/b1/005/.DS_Store
SKIP (exists): content/real/kr/b1/005/images/4d829b88f85b363bf945c64bfea46da3cdb59ecfdff559a29b50fb35d9e2775f.png
SKIP (exists): content/real/kr/b1/005/audio/cfb113d68e11663bfe5950d767c97422246bbe7b29901b6d121f4fd7c2654dc1.wav
SKIP (exists): content/real/kr/b1/005/data/116ce6d0dbb27ab67e643e27867e541bc11eaed4e88fae49ce61d7b293be8ecf.json
SKIP (exists): content/real/kr/b1/002/.DS_Store
SKIP (exists): content/real/kr/b1/002/images/2ac3db4028785a7a7122de0b01fddd50e6363a8edcadc9c5ad3904da106b7461.png
SKIP (exists): content/real/kr/b1/002/audio/6b007c48461e48cc2d9f2f2ae94ef78b41acbba0398e22376a0af9155d5ce156.wav
SKIP (exists): content/real/kr/b1/002/data/eb61a44e1663fe5c845caee4c0f10e348c4aef53942e5d5ea99e15f56a36a9e0.json
SKIP (exists): content/real/kr/a1/015/.DS_Store
SKIP (exists): content/real/kr/a1/015/images/015.png
SKIP (exists): content/real/kr/a1/015/images/c42f2fa922aa77e3dc5a9adc87561dbc32cee4b9573e414c5887e23fa0e9a913.png
SKIP (exists): content/real/kr/a1/015/audio/db60ad3f5bbf7b3ba36a2c979224afc1ca2ee95e0b8ee19d73ab181827ed3ab9.wav
SKIP (exists): content/real/kr/a1/015/data/174a9b315e3e561b7c02c54f4ffb10c41d90e7683988c2c91b6a2c3f03fc1a67.json
SKIP (exists): content/real/kr/a1/.DS_Store
SKIP (exists): content/real/kr/a1/012/.DS_Store
SKIP (exists): content/real/kr/a1/012/images/012.png
SKIP (exists): content/real/kr/a1/012/images/5b83a3578f33d675562887c1a5ba12259e7d4551067ce0668e2a9cff8c0e7e47.png
SKIP (exists): content/real/kr/a1/012/audio/f4a47eb8e2248e5f162111055977a6ca51ad4f42a0192b518484ceecbd197274.wav
SKIP (exists): content/real/kr/a1/012/data/96ebee62ea04b5b35023ada218c22d1e5a47e64442465fc1e3c34ceafba2b2c9.json
SKIP (exists): content/real/kr/a1/013/.DS_Store
SKIP (exists): content/real/kr/a1/013/images/013.png
SKIP (exists): content/real/kr/a1/013/images/784a04b1decc9fd3d87ddaf287c64f07140330b343ce49ffae5046e4f554c3c2.png
SKIP (exists): content/real/kr/a1/013/audio/657a805de72e62e5e1c00b58b08f1d82ed15714ccbde0974f9299e6cbd87d2af.wav
SKIP (exists): content/real/kr/a1/013/data/f08330f6c84ccbdb903476d74e4d13604bb817be91cbde383cf8087018ca92c4.json
SKIP (exists): content/real/kr/a1/014/.DS_Store
SKIP (exists): content/real/kr/a1/014/images/014.png
SKIP (exists): content/real/kr/a1/014/images/2a60a10b24aad4a1ca0cb7d657237251640e211938e59af0b2aee1c9faf5034b.png
SKIP (exists): content/real/kr/a1/014/audio/8b59e83044993199d009328dc0f97955454f5321f1f6617469d68d82f11e3a47.wav
SKIP (exists): content/real/kr/a1/014/data/52ed698002cc675fb57f1d120a106f23b52db1c812790227f94d6a63654adf67.json
SKIP (exists): content/real/kr/a1/007/.DS_Store
SKIP (exists): content/real/kr/a1/007/images/93d8966c26c3d64dc8c0e767f84ca8c5815e13d936c68222cfeb52fc53b60a5d.png
SKIP (exists): content/real/kr/a1/007/images/007.png
SKIP (exists): content/real/kr/a1/007/audio/b36c3204a2219b8df50247f7dacbb34a1f40813b714653eca24751fdd03b33c1.wav
SKIP (exists): content/real/kr/a1/007/data/41eb51fd9c55f578635ee3b14725c3fd5dde76b184a23cf360fd258a5be28ca2.json
SKIP (exists): content/real/kr/a1/009/.DS_Store
SKIP (exists): content/real/kr/a1/009/images/5ffc2f743350ad793d0322b7ba464d24541eff7fc8111b409a602fc967bec0f4.png
SKIP (exists): content/real/kr/a1/009/images/009.png
SKIP (exists): content/real/kr/a1/009/audio/75c57f06bbe44b2b0a18667e14cdf9f7d98f75b029312b3d3e67c09599ead15a.wav
SKIP (exists): content/real/kr/a1/009/data/92a268b6c8acbbab94fc2b7dd653e60b840a97d6026568d415531aecb30b5605.json
SKIP (exists): content/real/kr/a1/008/.DS_Store
SKIP (exists): content/real/kr/a1/008/images/008.png
SKIP (exists): content/real/kr/a1/008/images/9770329906665fc67bd4f7af9861079a83075342b10d325bb805f58808d22a7d.png
SKIP (exists): content/real/kr/a1/008/audio/7493acaf79537ef2c7e96d2892d145702384cbbda3e400cc6a431162889c6ad6.wav
SKIP (exists): content/real/kr/a1/008/data/eb915c18d861f7247c11c9ff08cbd0865178c8dd0cb62a3f22f2d5477d9c396d.json
SKIP (exists): content/real/kr/a1/001/.DS_Store
SKIP (exists): content/real/kr/a1/001/images/001.png
SKIP (exists): content/real/kr/a1/001/images/dcfc4de9cfdbd7fa9765b9142dab6ff034c2a66578835bd17655b56481acd836.png
SKIP (exists): content/real/kr/a1/001/audio/042d2050d99903b1d6020374de0a4782f1d904522e76e60dd1588223db9f0454.wav
SKIP (exists): content/real/kr/a1/001/data/4906be159b084144a2ce58d2203187608da28d3fa37f8c20646f0b8777904955.json
SKIP (exists): content/real/kr/a1/006/.DS_Store
SKIP (exists): content/real/kr/a1/006/images/006.png
SKIP (exists): content/real/kr/a1/006/images/4181fb53115942a97034391d757cbc2f889a5a7ea70278375a3741a89ee87119.png
SKIP (exists): content/real/kr/a1/006/audio/cefb32c60f3e29266981be65fad9db9ccad6582b8e0efdc84ac8814f3b8d56f1.wav
SKIP (exists): content/real/kr/a1/006/data/c56b56fc4f34a6fbaa6af5040e9a2b864a345293b4cfb1ff810f004a979c432f.json
SKIP (exists): content/real/kr/a1/020/.DS_Store
SKIP (exists): content/real/kr/a1/020/images/020.png
SKIP (exists): content/real/kr/a1/020/images/0c4e0234eb1019b872f671fbc2bb3ffdc5e232915e31d4075235688aca73abc4.png
SKIP (exists): content/real/kr/a1/020/audio/90d82964bba5a0fd1b987648d849786408f813351f48496c203640881c02aa80.wav
SKIP (exists): content/real/kr/a1/020/data/7f8e5104548459515d34ce57f1ce9f222652944cd3001148cf74305a447afb13.json
SKIP (exists): content/real/kr/a1/018/.DS_Store
SKIP (exists): content/real/kr/a1/018/images/f434bd679657a4498e0512ea2e7023911457d3b30027d868b6d756a8eac37af0.png
SKIP (exists): content/real/kr/a1/018/images/018.png
SKIP (exists): content/real/kr/a1/018/audio/75a8bafa00612e9f140dc863ce1841dce5db4fca8efab4cc82939e1fcee73453.wav
SKIP (exists): content/real/kr/a1/018/data/3d8ce23a772a142e7fe484022ef5887e6ad89920a6a5054bafe2ce7837644363.json
SKIP (exists): content/real/kr/a1/011/.DS_Store
SKIP (exists): content/real/kr/a1/011/images/011.png
SKIP (exists): content/real/kr/a1/011/images/812810ecf5436fb54bd6d3534929da3774c77048e13a5f3a47df45e19cb6731d.png
SKIP (exists): content/real/kr/a1/011/audio/6d4eff7a0e39c85a4367adb2c740977b160ed0d6f2409c4dac84e66edf17941a.wav
SKIP (exists): content/real/kr/a1/011/data/81c09fdec139fc2e5600bc4989b8f5faa8feeb78796c4bd56793723f308fc845.json
SKIP (exists): content/real/kr/a1/016/.DS_Store
SKIP (exists): content/real/kr/a1/016/images/016.png
SKIP (exists): content/real/kr/a1/016/images/f5354d370c4a42f45324fa6a122bfb55568694e6f13633fdfb2b217a580d3074.png
SKIP (exists): content/real/kr/a1/016/audio/f6f123a08990b2f76b936f3048d2ce16e024b5052e5142c8d82b7b1ef4be2951.wav
SKIP (exists): content/real/kr/a1/016/data/534135e56aefd4db9306acf68ec46b51a6e8296ed57f600217cd5d422e38727e.json
SKIP (exists): content/real/kr/a1/017/.DS_Store
SKIP (exists): content/real/kr/a1/017/images/017.png
SKIP (exists): content/real/kr/a1/017/images/0b72e9963aa9c4c4b737e4093c113d04f486050973ada5ada9db88497a638e1d.png
SKIP (exists): content/real/kr/a1/017/audio/e15e118dcfe9f7e7bc204946a7c4273b43c41a9b70bea3c8f91f73d331214200.wav
SKIP (exists): content/real/kr/a1/017/data/bcee1067e0db8ca64f789f512f3b219dea2e0fc359c6f5d5374cab004e968ec2.json
SKIP (exists): content/real/kr/a1/010/.DS_Store
SKIP (exists): content/real/kr/a1/010/images/010.png
SKIP (exists): content/real/kr/a1/010/images/020beae9241d8e905e6aa109180208fbb6a8b3a0c3d84975b674a6b23983590a.png
SKIP (exists): content/real/kr/a1/010/audio/618f3e731bdac0da0e9cad9ef595648f50b28d78550217a53dd70cd6d565874e.wav
SKIP (exists): content/real/kr/a1/010/data/90098c6c62eea2b28feb492845c5044694d6461c2af679599f56ff3efbcca1c3.json
SKIP (exists): content/real/kr/a1/019/.DS_Store
SKIP (exists): content/real/kr/a1/019/images/ac1b96f2775df985809c6b46fe4f0d7b753859b2c42541c160e1f27ccf9021e2.png
SKIP (exists): content/real/kr/a1/019/images/019.png
SKIP (exists): content/real/kr/a1/019/audio/863179a8c8a958d090388a87b5a124850cc2174297592b8ff5a190c64aefec6e.wav
SKIP (exists): content/real/kr/a1/019/data/d6b51564fdb35c321e08e70b65f858a34ca1884ace37abfd03ed4ccd4db4cfee.json
SKIP (exists): content/real/kr/a1/003/.DS_Store
SKIP (exists): content/real/kr/a1/003/images/003.png
SKIP (exists): content/real/kr/a1/003/images/3d6fa300c9228a1e0693b9b0ff4de84f0cf441b37d2e5353835ae38eec936b0a.png
SKIP (exists): content/real/kr/a1/003/audio/b1e6ac148db4ca2e05bb4daa18d97409cef8c972c4f9eece81c7cab319691e82.wav
SKIP (exists): content/real/kr/a1/003/data/9175d4831cdb8bdef8bcbff7838ac55f4597e793a0d0060481769852a8bc8e83.json
SKIP (exists): content/real/kr/a1/004/.DS_Store
SKIP (exists): content/real/kr/a1/004/images/004.png
SKIP (exists): content/real/kr/a1/004/images/60b8ba2b650e09d1857f57bedc85ac72b0acc0d986403f710879011b163b0fba.png
SKIP (exists): content/real/kr/a1/004/audio/4f4ab8801e8674bdb63575d42d67498f55e114b95d89bcda6df1f039f73b6f80.wav
SKIP (exists): content/real/kr/a1/004/data/8fb0ad6996ec199eeeba46e35e3c82a84f6297ef38b642815564e25002574878.json
SKIP (exists): content/real/kr/a1/005/.DS_Store
SKIP (exists): content/real/kr/a1/005/images/005.png
SKIP (exists): content/real/kr/a1/005/images/f3603b5385a2b65fcf12e234fd0f84e3e1e6fae8bce8139c7e370be91d66ab28.png
SKIP (exists): content/real/kr/a1/005/audio/c2d011ec99dd5705e940f35e1352e94098ac03327c65b4e24ca4017101fc4d24.wav
SKIP (exists): content/real/kr/a1/005/data/1c3da00155dc54958f157e55002dcf259657695db110b97823c65d95ee18a0f2.json
SKIP (exists): content/real/kr/a1/002/.DS_Store
SKIP (exists): content/real/kr/a1/002/images/002.png
SKIP (exists): content/real/kr/a1/002/images/825ec903af31b557c55181bb84e5a805dcaf37b5857511d402ebc77592ca2448.png
SKIP (exists): content/real/kr/a1/002/audio/db173b7bae1675a2d6ce11c9474596323d12b467a62b2e729df7014dbf018542.wav
SKIP (exists): content/real/kr/a1/002/data/02a4d537a10f208cab528b78dfcf459ea73c10b355a709eeda399bb853557a84.json
SKIP (exists): content/real/kr/c2/015/.DS_Store
SKIP (exists): content/real/kr/c2/015/images/5c3d3f1d0d8f77d92ebdcbdd16a84b24da19cb77ba63b945b381ac752324de6c.png
SKIP (exists): content/real/kr/c2/015/audio/13cc70f0b4f2775ac75092af95b1cb6785e2ee645103881469a1e1c0f06e32ad.wav
SKIP (exists): content/real/kr/c2/015/data/c7b4f4b2e50b6e4efce7b074118791dfc6171742b864c5280467ae6c41d3714d.json
SKIP (exists): content/real/kr/c2/.DS_Store
SKIP (exists): content/real/kr/c2/012/.DS_Store
SKIP (exists): content/real/kr/c2/012/images/fe3a53b24e92b03f8c9f7952f1da82641d042bf72bac8fd4d60b0a3cfe4f0552.png
SKIP (exists): content/real/kr/c2/012/audio/d52cdc7849c04920168d3c37e091fe439535b6f4d37bdda9455052aadb50e8c0.wav
SKIP (exists): content/real/kr/c2/012/data/660a28db82a6ef507d5e6145dbf2e07f36cd5b991fc8f7a6a9a166c61c21b5a6.json
SKIP (exists): content/real/kr/c2/013/.DS_Store
SKIP (exists): content/real/kr/c2/013/images/9245c83f376a36ba4f1df15bfcd6525515bf261db12622420b877490c26ce39a.png
SKIP (exists): content/real/kr/c2/013/audio/ec5afe951313a6ca0535e421987ffc9e2c9f87c6adfd8b1a98c0465d16028eed.wav
SKIP (exists): content/real/kr/c2/013/data/12f47eb23d2326901d5e335df8cb14c0bbee86662504cdba025fd42e21294353.json
SKIP (exists): content/real/kr/c2/014/.DS_Store
SKIP (exists): content/real/kr/c2/014/images/a3a2eb88843b637d671331aa72aec9da6691f9265c256493ef63fe7b7fcf7fa0.png
SKIP (exists): content/real/kr/c2/014/audio/9b3b5231e881e71127766334e1daed93eba40367c38019b07be4bee46aeacca7.wav
SKIP (exists): content/real/kr/c2/014/data/11739ff18c6049476e0d54deedf9e034cf1b6d4906fb1546c5557412c0701af4.json
SKIP (exists): content/real/kr/c2/007/.DS_Store
SKIP (exists): content/real/kr/c2/007/images/73fe9e7b0f55ae46e89fe4f8a3a876cd250c7fab959f01ad75d4af0392c13a5b.png
SKIP (exists): content/real/kr/c2/007/audio/d10cd7234770f4cfd67ba236fe82ac6363a64759b7552d0cb074a743818aecd5.wav
SKIP (exists): content/real/kr/c2/007/data/94ee964db8be1d735d2397bcf7e114a6cd5afd8b7b48026d18615ccca78e5862.json
SKIP (exists): content/real/kr/c2/009/.DS_Store
SKIP (exists): content/real/kr/c2/009/images/d19f8345ec136cafd47531a634a4f313858ca00f9504964753f15dafe8914d41.png
SKIP (exists): content/real/kr/c2/009/audio/8e3cd4f8114b3f34dc7a398407c742da8db38e92e3d3b8a9459f43e8c6adadcf.wav
SKIP (exists): content/real/kr/c2/009/data/483871b77b4cbded846791ae868a0acae5108cad06cee443ce0f7619f2cd0909.json
SKIP (exists): content/real/kr/c2/008/.DS_Store
SKIP (exists): content/real/kr/c2/008/images/3cb4c265655baa592e3a1f9af74bd5f909c6eec1d2ffcfd57948b39de4d7c3b2.png
SKIP (exists): content/real/kr/c2/008/audio/49d190ef594b6363005184d88953f5e3cfab4a30f56d5513a9ae1f5009e8f72e.wav
SKIP (exists): content/real/kr/c2/008/data/344b77161f8b3920bc42c95b0b1aac489ed719af90e74038e519625d10e603c5.json
SKIP (exists): content/real/kr/c2/001/.DS_Store
SKIP (exists): content/real/kr/c2/001/images/9ba28af02fdd408a832062609ea166746b8c4f9eb37e6c4ff49f8a6c5dc81714.png
SKIP (exists): content/real/kr/c2/001/audio/d2abf8fb60516d4c38fe557530b8f39c068abf6d4e32cbbdae5c33131bc10aef.wav
SKIP (exists): content/real/kr/c2/001/data/9f24ffc575fb6f162b9aeb0f95e8c9257f910ebbdd21d92e5ed6f2e8e39a272b.json
SKIP (exists): content/real/kr/c2/006/.DS_Store
SKIP (exists): content/real/kr/c2/006/images/7dab63d4f0187b995efc3c8e4650fae2d86f952a3155113c8cc6dec0221e87fe.png
SKIP (exists): content/real/kr/c2/006/audio/218caeb7e4b69c63c88b5d4d59069d0c7fb8646a1a28fd32af004e9193a4b3f1.wav
SKIP (exists): content/real/kr/c2/006/data/64af8b08ad2a1310b5ab73c7f0710ce1747963ae0e1964f084d6e284031f3927.json
SKIP (exists): content/real/kr/c2/020/.DS_Store
SKIP (exists): content/real/kr/c2/020/images/0a55f1946f2427a0c9a90258576f0587f2a229967bbc7396c3fc03d6d4ab94ba.png
SKIP (exists): content/real/kr/c2/020/audio/3823ba52e3c6f999106ff8b5cffdefdc05006ac8e8b20dd1b41077a74331ca29.wav
SKIP (exists): content/real/kr/c2/020/data/8632e52910babec4843fcc1a0cf9b4d09d36abd4dcf52cc4750f4e8a620c90a3.json
SKIP (exists): content/real/kr/c2/018/.DS_Store
SKIP (exists): content/real/kr/c2/018/images/4c680c403fd44cd064a3ef9f19275d06c8de8bf80e9b7a30fd0fe6a21c0f0558.png
SKIP (exists): content/real/kr/c2/018/audio/c60d3122d15509b0b8f19bdfe657c9b5a2e0966eae7d9aae57ff8ea87457b65e.wav
SKIP (exists): content/real/kr/c2/018/data/61be7262f28176d3dc1f12f69cd1d2d66f8250dccc760b746e1a8c887f33a525.json
SKIP (exists): content/real/kr/c2/011/.DS_Store
SKIP (exists): content/real/kr/c2/011/images/5e8b0691c12593d0212bb16602793000a7578eaf9dcc98bc55410ff14f85797c.png
SKIP (exists): content/real/kr/c2/011/audio/4097451ce73f15e09e4b62ddbc829216ee12173e2a4d417cdc8e195d0cd411d7.wav
SKIP (exists): content/real/kr/c2/011/data/d64eebff207cab21294636402f351515f9e55b039db08ff452b64f674dcc0732.json
SKIP (exists): content/real/kr/c2/016/.DS_Store
SKIP (exists): content/real/kr/c2/016/images/cf6b6f2bbd1fb85f360504351d48da0e8019e28140eb184babf8be759e2f536b.png
SKIP (exists): content/real/kr/c2/016/audio/d5f5d838ea418539bf0595ae82029fb72d9a2bc6dc8da0a37589118466a0b347.wav
SKIP (exists): content/real/kr/c2/016/data/7b337b078ca1e86a6e4dc3992d5e109f5f2311f47ab4a2de06ddbfaa5cd6f15c.json
SKIP (exists): content/real/kr/c2/017/.DS_Store
SKIP (exists): content/real/kr/c2/017/images/679f4fabf3ae86ba7b887802725b2a8f80e492fdfb2505755dccb0722a76a033.png
SKIP (exists): content/real/kr/c2/017/audio/77ecf07fb907b2e158ac24fae60772c2f1a91d0f8609d15f5c1316435f81912f.wav
SKIP (exists): content/real/kr/c2/017/data/c81ac68de6eb5d0ba5ce3b3545f4c7e6f1bf906259db8065728544bc79359a43.json
SKIP (exists): content/real/kr/c2/010/.DS_Store
SKIP (exists): content/real/kr/c2/010/images/3876ed4d204407c24136b03e39f89d0b3908bffbcadb876dba5268d8989666a3.png
SKIP (exists): content/real/kr/c2/010/audio/622a5c2581e5136650411413821c8786ecd19e566cadbedfb04b93ec11552441.wav
SKIP (exists): content/real/kr/c2/010/data/bc8f3fb1ca594bc4ed2ff50bad4f81fb3c1a2af45fb4e3688f3ded1d083803ed.json
SKIP (exists): content/real/kr/c2/019/.DS_Store
SKIP (exists): content/real/kr/c2/019/images/44bcac4c1c95c6f983e979e6d5789241da0c1e0dffc51a427bcaad82ec1f3091.png
SKIP (exists): content/real/kr/c2/019/audio/90dd8dad4f03c58271ac9754f2ce234d9260fe821a5ea73c34a771d7d9966549.wav
SKIP (exists): content/real/kr/c2/019/data/d5492054bf20638e95346209e8b94d2b633875340fa5a864a00eb072a84d717e.json
SKIP (exists): content/real/kr/c2/003/.DS_Store
SKIP (exists): content/real/kr/c2/003/images/1b2dba91f6125dd1f4bc7ffed77cc23ddf24a243a8884872438bff8bed32eb17.png
SKIP (exists): content/real/kr/c2/003/audio/4d31d2a876d46357cc838f1742150648e91b8f13a69658c2c5b272e10445335d.wav
SKIP (exists): content/real/kr/c2/003/data/e60f1557c3e9bb8d9c6faa2b4e7db20d8b3a3cc6d286425c717abb0fc84f9504.json
SKIP (exists): content/real/kr/c2/004/.DS_Store
SKIP (exists): content/real/kr/c2/004/images/047127e049f2cf415281be7a8f1c23cbe6cbc55326270d439122ac18d858943e.png
SKIP (exists): content/real/kr/c2/004/audio/59ed1c9c7a91728541704676f3cc0f831d7c498f0b74e768cbc1058a2dff883b.wav
SKIP (exists): content/real/kr/c2/004/data/e697be87bfb937c03b68866fe7d5da3e1fe4d8e5e342ccc54a23265aec24ea7e.json
SKIP (exists): content/real/kr/c2/005/.DS_Store
SKIP (exists): content/real/kr/c2/005/images/65cb3173fba0a9bde476fc65551ea4211bfc50861f567f68a44d3564d340efe1.png
SKIP (exists): content/real/kr/c2/005/audio/b746d4288d6caacabb0521929e7c22818964009011a7264fe087f32ab1f15772.wav
SKIP (exists): content/real/kr/c2/005/data/a15df6f936d50f1e13712140b27fc7bcb4659eb8601d7f2b6871465576d7e206.json
SKIP (exists): content/real/kr/c2/002/.DS_Store
SKIP (exists): content/real/kr/c2/002/images/6c67cb984d4dec3b2fd269ac0a8230f18b087e39f9b6d1ce825dbd849b789e78.png
SKIP (exists): content/real/kr/c2/002/audio/034e7006b539211584013d61aac774e9199fe556675d52404a8d30d60405a3c0.wav
SKIP (exists): content/real/kr/c2/002/data/9c5cda861e230cc3d63c31ec90113e38cd86cc4a24e26236611b09f1d4a2eb47.json
SKIP (exists): content/real/fr/.DS_Store
SKIP (exists): content/real/fr/b2/015/.DS_Store
SKIP (exists): content/real/fr/b2/015/images/b8ffe67275bf8783a85a68fa458cb1f6e65318aad7ba23e584394cb13736bf0d.png
SKIP (exists): content/real/fr/b2/015/audio/1644520a91e63391e9f07a3a2bf4b6b8ddd06cf03b0d7b95177ecec467e735b9.wav
SKIP (exists): content/real/fr/b2/015/data/87036ad5cd84035ff2e8e46c67532c78aef8728332b15455a5bb59fbbb01cffb.json
SKIP (exists): content/real/fr/b2/.DS_Store
SKIP (exists): content/real/fr/b2/012/.DS_Store
SKIP (exists): content/real/fr/b2/012/images/d09d2a86fe04d9d15cdd041d68386f9c7ae18663f345d46cd37a3139cc7b1e21.png
SKIP (exists): content/real/fr/b2/012/audio/2be444f68d42ea92a9c0c398c9873f22a5e34fdc307809b4e9e6772ab33c8551.wav
SKIP (exists): content/real/fr/b2/012/data/90aa7fb6249391a24ad713a67cb9a95415df332407f0d5e6c3d65b1b72160799.json
SKIP (exists): content/real/fr/b2/013/.DS_Store
SKIP (exists): content/real/fr/b2/013/images/e21cb954b1705b086336be6ae149cd01e79222b4ca43403656dfa6baf5c00e02.png
SKIP (exists): content/real/fr/b2/013/audio/c50d2add04215cba0ea12ba6b5da6679e70341eadfbc8c4d7d28be1a39ce2504.wav
SKIP (exists): content/real/fr/b2/013/data/a2ba75781d348bdb54b76dbb0d1b48ebc6fc289ae2ba2c3655eee5d5cb7a7e1d.json
SKIP (exists): content/real/fr/b2/014/.DS_Store
SKIP (exists): content/real/fr/b2/014/images/92bf0ad21cd8547ff5ef214073c54a7d487d8b405990827801ec2ee7e6eefe57.png
SKIP (exists): content/real/fr/b2/014/audio/571c8c37448c1a5e109ffbf1e268c1cf2406cf38ed2367c3b478dac771453de7.wav
SKIP (exists): content/real/fr/b2/014/data/77d5f49f4cef2c6060c9600a80134656d750d72666cfad01139f8c5139dcff82.json
SKIP (exists): content/real/fr/b2/007/.DS_Store
SKIP (exists): content/real/fr/b2/007/images/e79d030927da3008ddb1b996ece983e679ddb1a169021736cf2c42e555e501ab.png
SKIP (exists): content/real/fr/b2/007/audio/4f5f71c9bf40810ce3ae4c0adf67afc5d986a6ce4f6c4a972a7926c6fea63c8e.wav
SKIP (exists): content/real/fr/b2/007/data/16e1a878ce48d4bde20355aa3a0d4d5599c39cef51ca1d2cc19ae262009062a3.json
SKIP (exists): content/real/fr/b2/009/.DS_Store
SKIP (exists): content/real/fr/b2/009/images/2db48a40a5a5407418ee0bd4edfba28ee85f8331cc78838cbe93b11a3b1363a6.png
SKIP (exists): content/real/fr/b2/009/audio/1e34aa2e88e6f234307e5a398cf96a3a887281840e8af8356743b4b2b9d41b8d.wav
SKIP (exists): content/real/fr/b2/009/data/552c2c73f58ff1e91973f60bfb3774069f518a71657a0851874d29094dbb7d32.json
SKIP (exists): content/real/fr/b2/008/.DS_Store
SKIP (exists): content/real/fr/b2/008/images/68946d682bea89aa730928099130e87c26be0e1269facead9ea2b904b74b6e49.png
SKIP (exists): content/real/fr/b2/008/audio/93015535c24ce542c296da0f20d4bf34e2a25d110a84ab2348bc2b6fccba5c34.wav
SKIP (exists): content/real/fr/b2/008/data/c6281fbc905133ccc93e5b00b7933a297fe6287a1e8ba096c80369432c39c0c1.json
SKIP (exists): content/real/fr/b2/001/.DS_Store
SKIP (exists): content/real/fr/b2/001/images/0c7d0d23ced9ea50595bc7eae6ab634559b524b3380f661b6e63a7daf73cb60c.png
SKIP (exists): content/real/fr/b2/001/audio/d52a6051dc7b131fce84f07e1ddf8cae5934543690b1859cb793092cf0b99283.wav
SKIP (exists): content/real/fr/b2/001/data/1d814999a81659bd325064f26b0061ede2a975f02caf3a957772a849fcf74c95.json
SKIP (exists): content/real/fr/b2/006/.DS_Store
SKIP (exists): content/real/fr/b2/006/images/778d49a83c7f4814f0df33b861ea83f8ca424528fc3aaadf8b91f87fe26b4b96.png
SKIP (exists): content/real/fr/b2/006/audio/20a7149f1f9499e80d75960c30b12860169f2e29df4d29fd50fc98ec07a622b7.wav
SKIP (exists): content/real/fr/b2/006/data/a3b2be2197a026c6e1d831ce123b2c02a0477ac1247defc3437984c12bd10c3c.json
SKIP (exists): content/real/fr/b2/020/.DS_Store
SKIP (exists): content/real/fr/b2/020/images/1687c45f74ce170c5edff5d268ec68ad8cd000cedafba42b5e189a9995391222.png
SKIP (exists): content/real/fr/b2/020/audio/b75f18117931b2fa0f33f9083c7c8800380089b1f6be83b11234b5c966c4ef63.wav
SKIP (exists): content/real/fr/b2/020/data/dd7c336fea440877046e08155e5219091bdbbcc04c7f99c4446499779aa789c0.json
SKIP (exists): content/real/fr/b2/018/.DS_Store
SKIP (exists): content/real/fr/b2/018/images/a7745653a617677e17ed7c9a7b862956ef35a5ec9a491152afbf5fd76c6d2f3b.png
SKIP (exists): content/real/fr/b2/018/audio/678ff066a2aed1b03a6b318dce45f7aba5918cf841aab8e6674ad32928256f6b.wav
SKIP (exists): content/real/fr/b2/018/data/e8aef969f574d26a678233183c870648ac93be2284fcb4c682a1530452836017.json
SKIP (exists): content/real/fr/b2/011/.DS_Store
SKIP (exists): content/real/fr/b2/011/images/363268b08f82864f3f4a049413979576381fca2506fc08fe4cbf45998d4c8da0.png
SKIP (exists): content/real/fr/b2/011/audio/911c51056341be4f206bf8504579b632fa2e473b7bbd27a80d0cf434b09a1997.wav
SKIP (exists): content/real/fr/b2/011/data/dd74eef22a7fa0a79ad0140874870718319976b929944fa7c7dd2c660deab339.json
SKIP (exists): content/real/fr/b2/016/.DS_Store
SKIP (exists): content/real/fr/b2/016/images/1143e97dab67874589ee7a33482d0b91d597bedb9be36140b97efe7145279b80.png
SKIP (exists): content/real/fr/b2/016/audio/062600497250a43bb1f49f2c9528a2253050432da6f940024b3656d414d652d2.wav
SKIP (exists): content/real/fr/b2/016/data/df34eae98ec6815e6489eb567ca5d61b76bcf8718ae6a420f77222ec1d9a9e09.json
SKIP (exists): content/real/fr/b2/017/.DS_Store
SKIP (exists): content/real/fr/b2/017/images/3a5bc1d0f8873cd7dc3ac2535f7a3bc407ccc179e2ba4c6734f06d715afb6673.png
SKIP (exists): content/real/fr/b2/017/audio/a2e097ef5acae55aa58f6c9a21f3da850198a1e61782cf47f5158508e46439ee.wav
SKIP (exists): content/real/fr/b2/017/data/e61928d1b67ab60f96c12381f79395d491cb682283c35c4c669e8e488a5b692d.json
SKIP (exists): content/real/fr/b2/010/.DS_Store
SKIP (exists): content/real/fr/b2/010/images/cc2be27b94898f8c5b8968ab0d9f76b41fb2c9c15c49d433b4bc96863855cbc2.png
SKIP (exists): content/real/fr/b2/010/audio/5cfe40c4d96bb3440c30ada8536319af10e0ae9a60af0f3705267ba0c1c27139.wav
SKIP (exists): content/real/fr/b2/010/data/7cca488425332a2052e8499be85e3b78f2b249ba4b94f20cb285891ac4e59d28.json
SKIP (exists): content/real/fr/b2/019/.DS_Store
SKIP (exists): content/real/fr/b2/019/images/924f911cb93bcc4fdf3125126f3ee02b368dc1066376e1a00dcaf294d70db754.png
SKIP (exists): content/real/fr/b2/019/audio/95e63464d00d60cd3d17e3bed84327033aa541d668349c547c36dd2734fe02c4.wav
SKIP (exists): content/real/fr/b2/019/data/cb4b846dc6bdfda4a406641cc9d5ad6e21c4937c2217695678e9463e6635426d.json
SKIP (exists): content/real/fr/b2/003/.DS_Store
SKIP (exists): content/real/fr/b2/003/images/7507b8e28a289ae768df25984fb0c0c2d7dd875c0a8c9289d7563b0443ac575a.png
SKIP (exists): content/real/fr/b2/003/audio/56714e6a5c27af21e262be8a1c7fe3a2007ede4a18123833c18300e170eff1fa.wav
SKIP (exists): content/real/fr/b2/003/data/b638b07da09a21db9aad67eb270cdaa8889352f5c31ac20ecbc7ca9074ecf9c2.json
SKIP (exists): content/real/fr/b2/004/.DS_Store
SKIP (exists): content/real/fr/b2/004/images/275989786c5e84e203c261a61def0b07e9ba3ee2e44eb3badea2d8abdc82fa80.png
SKIP (exists): content/real/fr/b2/004/audio/6e8bd964ff23a0cdb67e4bc332b7920fd3758cc799558eacdc31a3cf87a3b812.wav
SKIP (exists): content/real/fr/b2/004/data/a712d4bcc908e08efbdf56ec5b20188463fbf4d12111285be0080c0cb5b3065a.json
SKIP (exists): content/real/fr/b2/005/.DS_Store
SKIP (exists): content/real/fr/b2/005/images/d39bca741d6be57dbd6a91ae42c3fb5a9d7fcbd796ef3ef62b772903e3d58a9f.png
SKIP (exists): content/real/fr/b2/005/audio/39123edd60bab26d4702321282d69d75be5171097f6f809d11547fbd97cea1a7.wav
SKIP (exists): content/real/fr/b2/005/data/b89bbc3d316cc6b08a5d487ebd344a6255b457f73155c8be0f2947a5a15db6d6.json
SKIP (exists): content/real/fr/b2/002/.DS_Store
SKIP (exists): content/real/fr/b2/002/images/c2eca23a83766e2636c7f1b96bbb6d74f9b24967b185736dfd03782a9345f56d.png
SKIP (exists): content/real/fr/b2/002/audio/34dafefe7e334a94e9edfa5cc62c62accf5cb38c1c5fdae6208e9d0989309d8b.wav
SKIP (exists): content/real/fr/b2/002/data/0c0975eb1bed1d5dbe2422541716cfba673635ffa9ca0d2e363e14f4640fc88f.json
SKIP (exists): content/real/fr/a2/015/.DS_Store
SKIP (exists): content/real/fr/a2/015/images/1179cbd23124aaab36b3b22ea498e2d5e222fa7a2398cd89ae83eb489488aed2.png
SKIP (exists): content/real/fr/a2/015/audio/a87582508512410df6630358e75ba018d13bc7e3b6f23ee42fe1cbefcf8a1f4b.wav
SKIP (exists): content/real/fr/a2/015/data/1f23cb321222db3afa6d1aab3ad4a01b2668c824fbc7643608a3613e12cfec9a.json
SKIP (exists): content/real/fr/a2/.DS_Store
SKIP (exists): content/real/fr/a2/012/.DS_Store
SKIP (exists): content/real/fr/a2/012/images/c1df836a9c5f560267cdb0a8b3b0daa6fc1a8bc7fb5026d5abc1e32caae91df8.png
SKIP (exists): content/real/fr/a2/012/audio/8a2b4a33363433fb93397ae565f1b5f579ca47c617a1c2534aa82cfae4b0380e.wav
SKIP (exists): content/real/fr/a2/012/data/73116adcdc17cb6078b1bf5cccc12cad01dc6a37e9c995b27a25636a3fed1b12.json
SKIP (exists): content/real/fr/a2/013/.DS_Store
SKIP (exists): content/real/fr/a2/013/images/97a96edb4ab3e106dcfce6f5665e8767a1252b3664b07c3f30034dc4871de7df.png
SKIP (exists): content/real/fr/a2/013/audio/7ae12b3c827f483996dbf4180f5c51d76a9dfb66b96842e6677c21d075c57cf9.wav
SKIP (exists): content/real/fr/a2/013/data/ee53945dc17ad438e2491004d8121d35b6f19e881ff194fef917f6238a4ce9d5.json
SKIP (exists): content/real/fr/a2/014/.DS_Store
SKIP (exists): content/real/fr/a2/014/images/1784b15614dd8a038125f5eecdee88908766050f3f1eaf219ebfab98c01b1650.png
SKIP (exists): content/real/fr/a2/014/audio/15328f0874908c814ea0133df1493b5a2de494d3784f76d26bfb3c987e11a91d.wav
SKIP (exists): content/real/fr/a2/014/data/5d0414dca3d572248185ea9fa9b506d4254f1b2bc8ae731101e2afa2fa5ec172.json
SKIP (exists): content/real/fr/a2/007/.DS_Store
SKIP (exists): content/real/fr/a2/007/images/b81be82f55e48c0cd3b8443e1eb2caa475f562ad2b6d4131176dc732617f4a66.png
SKIP (exists): content/real/fr/a2/007/audio/e086ae4268a5f441ee096be2d3b782362eecb06c5f455f1883559d94e9835f1b.wav
SKIP (exists): content/real/fr/a2/007/data/7c00072114d125ad95d0abbaaaad184be111e7c5c9aec4c54055c3ea88c08e2e.json
SKIP (exists): content/real/fr/a2/009/.DS_Store
SKIP (exists): content/real/fr/a2/009/images/f9e6bc3c74f874dfa02a7471b98ad727d8543996162d370fd59d5f40dcfb1338.png
SKIP (exists): content/real/fr/a2/009/audio/97b2bbadabdfeebc8174b2e113ef61c0b4e17f23e820824ee2cbdb28b35aab95.wav
SKIP (exists): content/real/fr/a2/009/data/e9ba16847b7e4a33932f7872a8a4dff41fd8d2bd64b670c966158f2dadb8b3d0.json
SKIP (exists): content/real/fr/a2/008/.DS_Store
SKIP (exists): content/real/fr/a2/008/images/0b70560a2aaf75665c3ce5d05f9e91dd07ea409eef458660a199f151b662ab87.png
SKIP (exists): content/real/fr/a2/008/audio/e88e9369b5d9a043caf45f17448f039c68e80b077a96b49030c505daafc74d27.wav
SKIP (exists): content/real/fr/a2/008/data/40ff663b83a5a4c16c96b162e47cd6fff9f75eea5a697a6b06210bd329f91732.json
SKIP (exists): content/real/fr/a2/001/.DS_Store
SKIP (exists): content/real/fr/a2/001/images/9ebb655cc04834dce7d8c4cb40d26b5f7588eb1a0deb92c0701be8b86200c263.png
SKIP (exists): content/real/fr/a2/001/audio/0cf4c47049abde27a09e0523db1ec0aa4f345f539b881d8209763188f29c247b.wav
SKIP (exists): content/real/fr/a2/001/data/221f95d4017c7624b1803f4b3c49f5af7dbde39e95cf473c9e0683cdd19facef.json
SKIP (exists): content/real/fr/a2/006/.DS_Store
SKIP (exists): content/real/fr/a2/006/images/b85639e142469d003ae22ff85568011264e9ed288894f01c8ce6e1bae72f5522.png
SKIP (exists): content/real/fr/a2/006/audio/76698261b5d958ba8dddfb23a79e9d1340fd1fed06e7300dffe69509ad5fbf86.wav
SKIP (exists): content/real/fr/a2/006/data/60a629338b2f12d8d2953bd3c51f3eaa8250166e0df94742b012796322dc00da.json
SKIP (exists): content/real/fr/a2/020/.DS_Store
SKIP (exists): content/real/fr/a2/020/images/5be63d41d9cf6b99b777831459540aedfe7a1498918f7b8ec6a498a68444ce05.png
SKIP (exists): content/real/fr/a2/020/audio/538b30cd3bc0de3457f1bcbec72cc3d301fe19f33f67260b6cbb162a4f5b72a8.wav
SKIP (exists): content/real/fr/a2/020/data/d1b5550b0d3632c583b871a20ef8d21d2b0d597bee5626c08022c902d703bc1e.json
SKIP (exists): content/real/fr/a2/018/.DS_Store
SKIP (exists): content/real/fr/a2/018/images/df65d06d2f54c257c76d8d8d947f2b786a4a43ff5aaddea939a514a8882c13ae.png
SKIP (exists): content/real/fr/a2/018/audio/f0166ad978d454901836cb2d06cf9f8aadcce74a1d0af9b67ea7f4e76065c851.wav
SKIP (exists): content/real/fr/a2/018/data/8cb59c84d76cfb46d85455d9197786586db8078593ac62b37be12b400f9bc8c4.json
SKIP (exists): content/real/fr/a2/011/.DS_Store
SKIP (exists): content/real/fr/a2/011/images/323ce68b1db7443677f78e582cc5e0b6c25bdc0cd4f083eb14f074bfa8910107.png
SKIP (exists): content/real/fr/a2/011/audio/034b3e8aae2bd1aa3bf96aa608e3ee4e37036ef7a67b7db0d4240c12fc01ea59.wav
SKIP (exists): content/real/fr/a2/011/data/6a2bb488b9a48cd58acf7921cf9b0941c4f07d9370904b1ebcadedf7f27da635.json
SKIP (exists): content/real/fr/a2/016/.DS_Store
SKIP (exists): content/real/fr/a2/016/images/86b3b966146891f13f6b6dc069450ebe7d23913721b07127ec091eaec709fa8b.png
SKIP (exists): content/real/fr/a2/016/audio/ccf439f286cc2ddb26aab079cdc1cc26c5b00db4d21ef08fc71493892d8391a8.wav
SKIP (exists): content/real/fr/a2/016/data/ed2c94c18115d306eef0c84388d0e4b0083a5388ab1431d5114249d958a50e53.json
SKIP (exists): content/real/fr/a2/017/.DS_Store
SKIP (exists): content/real/fr/a2/017/images/6d896cb049c30277fe7e53acc5ba1a7ace7d618381cd214f89a381602974506c.png
SKIP (exists): content/real/fr/a2/017/audio/cc8e5a54fb224fc15f8b9e01f84de526a0391d46a11af446475a1f160a66acd9.wav
SKIP (exists): content/real/fr/a2/017/data/c17a6b94e825bf370baf548a77babeabab0898eb2bb31e5a7b5caaf1b757ad3a.json
SKIP (exists): content/real/fr/a2/010/.DS_Store
SKIP (exists): content/real/fr/a2/010/images/5e19ab226ff4dc166bb761f8160ac49c925cc19e054faa0b5d2c79c386619b41.png
SKIP (exists): content/real/fr/a2/010/audio/808856f731d910a65a826ff7a455ce9aa38cf5a854f9213493c31d9f44d97397.wav
SKIP (exists): content/real/fr/a2/010/data/13a6cbb05cb9cb004939c770c5ecdc8c1d3e5e3cdce98131ceef3386128cc2c0.json
SKIP (exists): content/real/fr/a2/019/.DS_Store
SKIP (exists): content/real/fr/a2/019/images/b7cc328bbdb4dd25618b5ef15f63c1a19b9dc5f31902de7c927e1becc4c492be.png
SKIP (exists): content/real/fr/a2/019/audio/0ea2968a539a1f47139bf41720c496b02a06085eba1bc84f7fee66d25efc1a02.wav
SKIP (exists): content/real/fr/a2/019/data/7fb2954ebc941e7616f6be367c612181bd644f4f2437e8001a44f9fbc9e15078.json
SKIP (exists): content/real/fr/a2/003/.DS_Store
SKIP (exists): content/real/fr/a2/003/images/4ec60525f6e0d010256ecb4111d7c576c2b60b0ffd68fa0fd96e152c11818f13.png
SKIP (exists): content/real/fr/a2/003/audio/210e3482bb66b6186228c030f39db220f78f61af23ef706db2b93a1eb0c296dc.wav
SKIP (exists): content/real/fr/a2/003/data/9b5e68eab423932e80f769f12ae1e3919c2053126c3564abae789199eb6a29f2.json
SKIP (exists): content/real/fr/a2/004/.DS_Store
SKIP (exists): content/real/fr/a2/004/images/2c946bb44f872ed73cf9d8713ced3eb5204d1f77483e9848dd5058493ecefabe.png
SKIP (exists): content/real/fr/a2/004/audio/1c5568fb2a810e15469c9cd7dda2d47ee9af1824793ae67f464b3ab05ac8d915.wav
SKIP (exists): content/real/fr/a2/004/data/337b69f910364543da72c7ef95a8ab011418500bcdda1b71fc257ab4e1ddfc9e.json
SKIP (exists): content/real/fr/a2/005/.DS_Store
SKIP (exists): content/real/fr/a2/005/images/a470537da324fe2d8b7b758fdb1314793ed6ffb44f9e1a97f208e3f3ab94a8c7.png
SKIP (exists): content/real/fr/a2/005/audio/151d0e92669e79a4068dde84d6622de68373e2e3b57e63d9d74cac2d74171131.wav
SKIP (exists): content/real/fr/a2/005/data/d2d5e96e5feb3c5d0951c7d4ab79917fad6d615cedb40ed5b4372934194f8510.json
SKIP (exists): content/real/fr/a2/002/.DS_Store
SKIP (exists): content/real/fr/a2/002/images/6a0b00a03ab8fd97c96e046c183f256ad0ba0f1b64a91748cabf260c48f5ba08.png
SKIP (exists): content/real/fr/a2/002/audio/703da2b884629498396d0d50c55706e955af2fe63b71fe296918a6c262f6fa8f.wav
SKIP (exists): content/real/fr/a2/002/data/be9ab410698163436dd943f88fa58e7307a17955bbb2185e72bf4609370bc81d.json
SKIP (exists): content/real/fr/c1/015/.DS_Store
SKIP (exists): content/real/fr/c1/015/images/34e81c919da34281a6a915605776281c2f67ab807199806ffb74e248b39eee4d.png
SKIP (exists): content/real/fr/c1/015/audio/a94c80d86055de0d5b80c1638fc0f26943d39167bc81e2ce1a474d6b0d987eed.wav
SKIP (exists): content/real/fr/c1/015/data/d8af8d436fb60c09c650013b38daf82955320fb4680577360240488a3e62e6c3.json
SKIP (exists): content/real/fr/c1/.DS_Store
SKIP (exists): content/real/fr/c1/012/.DS_Store
SKIP (exists): content/real/fr/c1/012/images/84049f3d8a0a946afa1bee9378b59d1cbef9bb0a7a3300e6ac4e615efc97dd17.png
SKIP (exists): content/real/fr/c1/012/audio/7561ca15fd6d7b298ee7a07090130223efb13cf8dcaa8af5f00bbcb6599ff904.wav
SKIP (exists): content/real/fr/c1/012/data/e248c6af9a976576de9c901bf7b5aabc035dfb0ae9cdfe8a05d092cbabada264.json
SKIP (exists): content/real/fr/c1/013/.DS_Store
SKIP (exists): content/real/fr/c1/013/images/1081f590b71125d7440a80446e006ccc00def12a7706976d76c4c4aeb667f1c5.png
SKIP (exists): content/real/fr/c1/013/audio/2b03570f791c5a1478617201b01b9da8d7d9f57ea6b56f7053b4bbbdf056d795.wav
SKIP (exists): content/real/fr/c1/013/data/a63c7cd8d6700b4a2f29087009e5bc5f0df865b2b4e40b80fbbd2e692152afea.json
SKIP (exists): content/real/fr/c1/014/.DS_Store
SKIP (exists): content/real/fr/c1/014/images/48daea09df4c3b0afa93315acb05ca584acf8f86b5d2933829d1fceac359bf3b.png
SKIP (exists): content/real/fr/c1/014/audio/8bdfb50854b0a5cacaa30da6399776dbfc56feb37e36d0b4bf8c612ad36e27ee.wav
SKIP (exists): content/real/fr/c1/014/data/a0f0b333191f5b7b758a8b3e831d31983bb2e7b13dd032e780ef7703342131f5.json
SKIP (exists): content/real/fr/c1/007/.DS_Store
SKIP (exists): content/real/fr/c1/007/images/b7311bc9a8cb09ba31ac23ac79dd178fbbc4d10c0bde1ee82eadd2eba2f6651d.png
SKIP (exists): content/real/fr/c1/007/audio/e111bccdd9d1d51800d75e00d99021cbdf6accb4a47f8c454826df7b1b86e0ad.wav
SKIP (exists): content/real/fr/c1/007/data/a92696aad7d79014fbe0fd336d3e8f82c38ba20875f67bff1521b0d032a92216.json
SKIP (exists): content/real/fr/c1/009/.DS_Store
SKIP (exists): content/real/fr/c1/009/images/88671d5ced7909e14c611e9efff1bae4b7186832ab77de54ccb2ab4bb0cdee7e.png
SKIP (exists): content/real/fr/c1/009/audio/84782f8d64b8401058fe69b5edece55ed5b6d761ba01f9ed01a8d00ae903490c.wav
SKIP (exists): content/real/fr/c1/009/data/a0ad5eb5193f762659297108b22e6bda23c758feb6a3b92cf2d30156f6561a53.json
SKIP (exists): content/real/fr/c1/008/.DS_Store
SKIP (exists): content/real/fr/c1/008/images/78d8ad39b02ef6c1589fa15a23fbaac94e4acff13c5a993837a12675e2a1c32c.png
SKIP (exists): content/real/fr/c1/008/audio/b117d20a0cc10657d954762dd537461ff2565db9929543fa76357c4406d04b36.wav
SKIP (exists): content/real/fr/c1/008/data/cbe052f58e08d8c87394e3311ffc048a8293b0c79df5935d21a7d929e9827a4d.json
SKIP (exists): content/real/fr/c1/001/.DS_Store
SKIP (exists): content/real/fr/c1/001/images/00fbe21a9f55e6aae509d3193c0dcf9eb07152e0761981748f9600ac9ea427ff.png
SKIP (exists): content/real/fr/c1/001/audio/b8bd6e26b57ffe998ba4b096583a19589246b7900635303880fd95ba4dedcee7.wav
SKIP (exists): content/real/fr/c1/001/data/2ce232f00eaf0d6697a7a722746d2a81dee5083be794802a3b1e4074648c8fae.json
SKIP (exists): content/real/fr/c1/006/.DS_Store
SKIP (exists): content/real/fr/c1/006/images/d1aeefb2c3d8cc84717895f51c30585a24e270a70ee4f90aabb3509d0cd26eab.png
SKIP (exists): content/real/fr/c1/006/audio/2a07fbb1cdd786d85c974eac0dbb47dc0b1846aff91b6ba60c3015d8479208ad.wav
SKIP (exists): content/real/fr/c1/006/data/bd98599f582957e5b64d6d00ea202ac4bab4bfaf0a100a64a42817c6ab4c26e6.json
SKIP (exists): content/real/fr/c1/020/.DS_Store
SKIP (exists): content/real/fr/c1/020/images/1e567216a08852b95846bfb4c1afe4eec726dc6f146f948a5562e4abfbdaacd0.png
SKIP (exists): content/real/fr/c1/020/audio/200008c6e3b6a4db9122b67267f6aae789e62790ccd1cd1e345100f2f8a1e9ad.wav
SKIP (exists): content/real/fr/c1/020/data/9b88c8a71737ab44f24a3eb9427e343e64db267ffa8023b37a720096c521362f.json
SKIP (exists): content/real/fr/c1/018/.DS_Store
SKIP (exists): content/real/fr/c1/018/images/578e90d486eece6b0e02c3c8fd1da59f9b314c2bcde5cb1260dc6ff15626358d.png
SKIP (exists): content/real/fr/c1/018/audio/288db571739775a087981628437b6a3d4a70291bb84dae63fe8271b4cc917328.wav
SKIP (exists): content/real/fr/c1/018/data/d46effcce927c6e3323f180509d1416fcace5e621756f8a6b4bcd70e81c1835a.json
SKIP (exists): content/real/fr/c1/011/.DS_Store
SKIP (exists): content/real/fr/c1/011/images/1dbeb269e129c6a932f4c8acf9167c24ede2e69642f5d52b110d72207d9697d4.png
SKIP (exists): content/real/fr/c1/011/audio/ed520aaab233706eae7a8d8d38ce4ae08b04d9f077caef000f21031a31e3bf8e.wav
SKIP (exists): content/real/fr/c1/011/data/82adf5edab08004cd8b962c47bfef331d9d0f1295c36907db49e68db796bb7ea.json
SKIP (exists): content/real/fr/c1/016/.DS_Store
SKIP (exists): content/real/fr/c1/016/images/485cc8b57ce67643d28fccf97d77f3d02326261e376fee9475fa30203a0e76b7.png
SKIP (exists): content/real/fr/c1/016/audio/f97b85fecacef690cce27fef74e02cf2f84dfe28ae9cfc0d5be8fae5dfbc7ddd.wav
SKIP (exists): content/real/fr/c1/016/data/8701daea41e0237f2449640cb467207d48a7fe308066d8b11f1c47aa8cc5fd72.json
SKIP (exists): content/real/fr/c1/017/.DS_Store
SKIP (exists): content/real/fr/c1/017/images/65e8a71c516ed546cf35b2b76b2f02909af2f83541cbacb18688b8eb792960ec.png
SKIP (exists): content/real/fr/c1/017/audio/3f612fa6476d0aa87cd7d7330236e1c74e1209f3b6903cca53ca352ca06d9f09.wav
SKIP (exists): content/real/fr/c1/017/data/aa2ecb2b7a73fc8ff1cfe4d007c0900565eaa4e23277869fc10e56f7e45a10be.json
SKIP (exists): content/real/fr/c1/010/.DS_Store
SKIP (exists): content/real/fr/c1/010/images/3c45313e173e03ef962ab40bcd6bebd76f5286d67b3493bb6b03b8ce09326058.png
SKIP (exists): content/real/fr/c1/010/audio/57043f7398a391ecf5771602ab3944336d61ef3c5086dd1a73a2a91f5e36b46e.wav
SKIP (exists): content/real/fr/c1/010/data/e773ca14d517ad05504c65239ad6b066991058d8a0a739ee32a1b830747b8699.json
SKIP (exists): content/real/fr/c1/019/.DS_Store
SKIP (exists): content/real/fr/c1/019/images/18ca9d037ff5e4d424c3f7b3cab8f08f6f7bd391ae328a83129aa3443ebddef0.png
SKIP (exists): content/real/fr/c1/019/audio/bccdda6d8228777b2b6aa5319966a36d75f7a7a7117cd0640f10e16b4aa2d165.wav
SKIP (exists): content/real/fr/c1/019/data/57b725d0b0272a639c7c4aec9c1491f0f19025bcac010ef44822efbb4b5e7fb7.json
SKIP (exists): content/real/fr/c1/003/.DS_Store
SKIP (exists): content/real/fr/c1/003/images/14cd4d3e7da697daa1436f1477843605a4834cf0286b68a046cd0aa4acd19d11.png
SKIP (exists): content/real/fr/c1/003/audio/21bdcd7722ffcd615fa488ec7c0c614fc0090c8925855b288de256133771fa37.wav
SKIP (exists): content/real/fr/c1/003/data/c0aa662d4172ebb4adfe0e7219a611b90d75798ca7a6b5c1ca012ccce261e287.json
SKIP (exists): content/real/fr/c1/004/.DS_Store
SKIP (exists): content/real/fr/c1/004/images/9913a160352247e0af004b3c4fe0486dd84812855a78143b2e8fd52dc69fe88f.png
SKIP (exists): content/real/fr/c1/004/audio/eabc9536ec069f0aee9b4e580a7cb9cdf30ab56f12f7333250cd250fafd9586c.wav
SKIP (exists): content/real/fr/c1/004/data/569109fd974c9c01becfaf19c516532c84b36018f23c04fab03f5d3c07bd90a5.json
SKIP (exists): content/real/fr/c1/005/.DS_Store
SKIP (exists): content/real/fr/c1/005/images/45cf17b3182280f01cc3a9b6e65394849b4509202c1d05b1bace4d0f43a25dc6.png
SKIP (exists): content/real/fr/c1/005/audio/c522d1b1adcbc1ce51951b645da7bb3e877f3f13b7cca767dfe52184f2bbd9c5.wav
SKIP (exists): content/real/fr/c1/005/data/c0e13677b8000c85e620d54a475d65f31c5aa4f1a5d11502578d20cd89183c1e.json
SKIP (exists): content/real/fr/c1/002/.DS_Store
SKIP (exists): content/real/fr/c1/002/images/75974b80497da301952b2c9e3aed1be23fdcd3c5832e7d2aff4228cadf3c4eaf.png
SKIP (exists): content/real/fr/c1/002/audio/f9380b586c353f233c17717aebcee6777b5d9c0b31032e4be73a52f4cf491e79.wav
SKIP (exists): content/real/fr/c1/002/data/bd46d12b8e8015d2f8bec26141422cdd612c83b7e59265b68e43bfee1c979191.json
SKIP (exists): content/real/fr/b1/015/.DS_Store
SKIP (exists): content/real/fr/b1/015/images/46b415c18630072eb6167337aed64386924509eba43e02eea2ba0cf8e3a5bbeb.png
SKIP (exists): content/real/fr/b1/015/audio/3bf72a93fa288ecd405c1871d6737a2d19ca80b8197da5ff7cdeda4f6a4151a8.wav
SKIP (exists): content/real/fr/b1/015/data/c56f105ad3b3eedcefc1d1892281d4d2d6262257c6bc6562edc9cf42878cf51e.json
SKIP (exists): content/real/fr/b1/.DS_Store
SKIP (exists): content/real/fr/b1/012/.DS_Store
SKIP (exists): content/real/fr/b1/012/images/45cb2953db1b8704bda38b245438dcede59fbc69aa06724c43ea29fcd3dfb28b.png
SKIP (exists): content/real/fr/b1/012/audio/18d93a5a89ce032b6e60fe6e449772c43d79172a0ddb94b481742cd3b3ba87b7.wav
SKIP (exists): content/real/fr/b1/012/data/54234406a8833e30b77185b2d3682abcbcfd18dddfccfe65e4a71e0f4bfef1c3.json
SKIP (exists): content/real/fr/b1/013/.DS_Store
SKIP (exists): content/real/fr/b1/013/images/24e2845f9c24e9d1072b7fce995cb26f5ede82bd80000acef04d94eb565f5c53.png
SKIP (exists): content/real/fr/b1/013/audio/3e452ea4ed41ee82621d35f043fa04196616a98db9027ab9feca67da691a1972.wav
SKIP (exists): content/real/fr/b1/013/data/9a265d799298ed8db2af6013cbae396bc775bda2108bbef7cb5705f68a6d7648.json
SKIP (exists): content/real/fr/b1/014/.DS_Store
SKIP (exists): content/real/fr/b1/014/images/233f59697f6a858eda58434fa06290671f4a1d43e31952f04cbb8835edcbafe0.png
SKIP (exists): content/real/fr/b1/014/audio/f2faef0ea38784696f4b2a520dbe7cfaf46cee4e819ca395cba8107501519c9d.wav
SKIP (exists): content/real/fr/b1/014/data/02e00c14f187885e8c066b0ad8c8baa23925ef4e294cb80a07892a7cb32f7e8a.json
SKIP (exists): content/real/fr/b1/007/.DS_Store
SKIP (exists): content/real/fr/b1/007/images/1a16f352bcf69eb66f971ed724a4c5c838f906b9604f25200a75e85f94959a3f.png
SKIP (exists): content/real/fr/b1/007/audio/363c5949996265121a74087ceb30ee3b680d28d43339ab3eb2244c27ccf8cf73.wav
SKIP (exists): content/real/fr/b1/007/data/252a07aed9cb4f74301e2b54da1a56b101a0531e42624a5f74e308e53d8a998f.json
SKIP (exists): content/real/fr/b1/009/.DS_Store
SKIP (exists): content/real/fr/b1/009/images/88f1d75054edea560e7f98fea48a1f1ce5cb16690c21c8e48493af0a42332b47.png
SKIP (exists): content/real/fr/b1/009/audio/f0e0a0abd681348a077072991dab34381ef179ebde6ef0e113613e4312e0ef2d.wav
SKIP (exists): content/real/fr/b1/009/data/66a94e6437172ebf03bc97a7d2b0c028c1cb7b9f09e227832cc0a0630cf0366d.json
SKIP (exists): content/real/fr/b1/008/.DS_Store
SKIP (exists): content/real/fr/b1/008/images/a7fd87ce56aab298b95bbf0747a0dc6e32361ec3965696331979ca2fa834bc9c.png
SKIP (exists): content/real/fr/b1/008/audio/3ab393fd97c642a2ad1af2fca9983d6df2f323d66e7266da56cc6f6e38db43c4.wav
SKIP (exists): content/real/fr/b1/008/data/cef1457b75ec449065f8a67bc2d0acf19ef368d632ce6b83374abc126f112a50.json
SKIP (exists): content/real/fr/b1/001/.DS_Store
SKIP (exists): content/real/fr/b1/001/images/1b728a0b5347f284b04e58256092439a586ab072bc44adcd7431b6fb19b5b458.png
SKIP (exists): content/real/fr/b1/001/audio/5aa4d3c1cea5176946db74a2721592e8661b94a130951ae8dd83abeceb75f26e.wav
SKIP (exists): content/real/fr/b1/001/data/f901f01b4d1c9004acaccfebadb42a68164745c598f7203e5ea9aca78ad773e6.json
SKIP (exists): content/real/fr/b1/006/.DS_Store
SKIP (exists): content/real/fr/b1/006/images/9b5798da31393afe3fdc99b443192e6ddf615f37c369794d188999fb64bc5c09.png
SKIP (exists): content/real/fr/b1/006/audio/4df337fc4750e8db7eb0db2cb6d6aa28cd05084f70a3d223f3f7b8626aceabcb.wav
SKIP (exists): content/real/fr/b1/006/data/731e02c4237822a0fce40ddc9b1f17acff908acc469423f3ed51c424b8442b0e.json
SKIP (exists): content/real/fr/b1/020/.DS_Store
SKIP (exists): content/real/fr/b1/020/images/ba8a1ee0d0982ce1c57d6d36406e822d587ddffb00f1c0414f2f8941351f293c.png
SKIP (exists): content/real/fr/b1/020/audio/fc23e1332ee45a49c5f555be8aec2fdc4c5c93866e17b2a9faacdd0fc281c426.wav
SKIP (exists): content/real/fr/b1/020/data/22373c85437c067d21625febc4315ba583e27a418ea6ee858973d3355094af49.json
SKIP (exists): content/real/fr/b1/018/.DS_Store
SKIP (exists): content/real/fr/b1/018/images/d4a5f3769810fabef1109690ffac0da4c828f93900e7d45f98cc15569ea1f994.png
SKIP (exists): content/real/fr/b1/018/audio/0e3780529e0a3a61a319f64ff31fd65392e16371acfb408b7ca63190c6a3afa0.wav
SKIP (exists): content/real/fr/b1/018/data/8f6b4be099f9c4f37c927a133ff8d71e97a11613c49d09121da8b1556d2e78cf.json
SKIP (exists): content/real/fr/b1/011/.DS_Store
SKIP (exists): content/real/fr/b1/011/images/efaaef9849386b8890309079a0c94b8e673c133452f4185ccb5e88e8d95b752d.png
SKIP (exists): content/real/fr/b1/011/audio/7a2c7bb71efe2aadcc9ceb32a1566ff38e88cea58b612e8e197721274e5a6d44.wav
SKIP (exists): content/real/fr/b1/011/data/66719965b434ff7b59e12522802eebd9acc49f6ff0b124beab8c6a4db65c2ae9.json
SKIP (exists): content/real/fr/b1/016/.DS_Store
SKIP (exists): content/real/fr/b1/016/images/53e0ee7b4f7e7bfe816fe27c887ae888660a8d291a83b04327860f148fe80f4b.png
SKIP (exists): content/real/fr/b1/016/audio/6ac217c2bf28cc85445f4d24569a56ab06eae916734ec0cb8e27f5cfe01abc4d.wav
SKIP (exists): content/real/fr/b1/016/data/efa7b09d3bbdc9a0f922ae7cef6b52d506ccd18ecfcfcda56cfcf8f2c6d9a45d.json
SKIP (exists): content/real/fr/b1/017/.DS_Store
SKIP (exists): content/real/fr/b1/017/images/8126989c72a51b781fbdfe959fb92b9ba4a92cd8a2e501a7be476ceb260ce119.png
SKIP (exists): content/real/fr/b1/017/audio/0d6da1b2e67c13a55677fe0bba5883ef075ea9a08ce09d076070feadf14df7a6.wav
SKIP (exists): content/real/fr/b1/017/data/3c03cb04462a9aa3a5280b2b9905b448eb0a0901437d75d93ffb7cef004228a4.json
SKIP (exists): content/real/fr/b1/010/.DS_Store
SKIP (exists): content/real/fr/b1/010/images/d9079710b9378fd54c97a6135b438eb31672976b6fe05553be7586b188cee2ab.png
SKIP (exists): content/real/fr/b1/010/audio/0105a49de1fda6657d5dc34e2cf5b3652e15ad5a1c0883b6f7807338f3ff186f.wav
SKIP (exists): content/real/fr/b1/010/data/9dcfb216538e9b4e99d4792536b90a768e738715cdf359699d05594317ffaaaa.json
SKIP (exists): content/real/fr/b1/019/.DS_Store
SKIP (exists): content/real/fr/b1/019/images/b215e3c6616946457207932dec99a372635971ba211669fe9868f1307b0b3d84.png
SKIP (exists): content/real/fr/b1/019/audio/a7daf5c520623e2c02feebdc1ee350ba9239cc11c6d40c259a4d83840e2fc534.wav
SKIP (exists): content/real/fr/b1/019/data/5b23929f7fa6cb7520ab0c42fe294dfbf0122e4b5b4d0383a59248eebb801490.json
SKIP (exists): content/real/fr/b1/003/.DS_Store
SKIP (exists): content/real/fr/b1/003/images/f7f1ccd5ad9c2b5bcf5c4cb651cee790754a53b0ab6fbab6cc7e14943231cef4.png
SKIP (exists): content/real/fr/b1/003/audio/8e6714cef02a33a1988a6ac54f2b96a4c42c4fbf87279b7f8833fb789ba58513.wav
SKIP (exists): content/real/fr/b1/003/data/fb900ee74c0c91223e6a440fa4c844d33544ccfa0c660fb665ccca5f514003da.json
SKIP (exists): content/real/fr/b1/004/.DS_Store
SKIP (exists): content/real/fr/b1/004/images/e0e5756ccc1134bf460bd5b9835f52e770e92fe7a49b50f9bc8574aca39e026b.png
SKIP (exists): content/real/fr/b1/004/audio/27bdedde5d482ebaac21ade86eed0c7aa922eaa5b2462ff3cd7656bfe35dee5a.wav
SKIP (exists): content/real/fr/b1/004/data/71ac26e7c9db14e5200d95babf09e2c9a6aba78eb985195338c75d37aa368bf5.json
SKIP (exists): content/real/fr/b1/005/.DS_Store
SKIP (exists): content/real/fr/b1/005/images/4d829b88f85b363bf945c64bfea46da3cdb59ecfdff559a29b50fb35d9e2775f.png
SKIP (exists): content/real/fr/b1/005/audio/cfb113d68e11663bfe5950d767c97422246bbe7b29901b6d121f4fd7c2654dc1.wav
SKIP (exists): content/real/fr/b1/005/data/116ce6d0dbb27ab67e643e27867e541bc11eaed4e88fae49ce61d7b293be8ecf.json
SKIP (exists): content/real/fr/b1/002/.DS_Store
SKIP (exists): content/real/fr/b1/002/images/2ac3db4028785a7a7122de0b01fddd50e6363a8edcadc9c5ad3904da106b7461.png
SKIP (exists): content/real/fr/b1/002/audio/6b007c48461e48cc2d9f2f2ae94ef78b41acbba0398e22376a0af9155d5ce156.wav
SKIP (exists): content/real/fr/b1/002/data/eb61a44e1663fe5c845caee4c0f10e348c4aef53942e5d5ea99e15f56a36a9e0.json
SKIP (exists): content/real/fr/a1/015/.DS_Store
SKIP (exists): content/real/fr/a1/015/images/015.png
SKIP (exists): content/real/fr/a1/015/images/c42f2fa922aa77e3dc5a9adc87561dbc32cee4b9573e414c5887e23fa0e9a913.png
SKIP (exists): content/real/fr/a1/015/audio/db60ad3f5bbf7b3ba36a2c979224afc1ca2ee95e0b8ee19d73ab181827ed3ab9.wav
SKIP (exists): content/real/fr/a1/015/data/174a9b315e3e561b7c02c54f4ffb10c41d90e7683988c2c91b6a2c3f03fc1a67.json
SKIP (exists): content/real/fr/a1/.DS_Store
SKIP (exists): content/real/fr/a1/012/.DS_Store
SKIP (exists): content/real/fr/a1/012/images/012.png
SKIP (exists): content/real/fr/a1/012/images/5b83a3578f33d675562887c1a5ba12259e7d4551067ce0668e2a9cff8c0e7e47.png
SKIP (exists): content/real/fr/a1/012/audio/f4a47eb8e2248e5f162111055977a6ca51ad4f42a0192b518484ceecbd197274.wav
SKIP (exists): content/real/fr/a1/012/data/96ebee62ea04b5b35023ada218c22d1e5a47e64442465fc1e3c34ceafba2b2c9.json
SKIP (exists): content/real/fr/a1/013/.DS_Store
SKIP (exists): content/real/fr/a1/013/images/013.png
SKIP (exists): content/real/fr/a1/013/images/784a04b1decc9fd3d87ddaf287c64f07140330b343ce49ffae5046e4f554c3c2.png
SKIP (exists): content/real/fr/a1/013/audio/657a805de72e62e5e1c00b58b08f1d82ed15714ccbde0974f9299e6cbd87d2af.wav
SKIP (exists): content/real/fr/a1/013/data/f08330f6c84ccbdb903476d74e4d13604bb817be91cbde383cf8087018ca92c4.json
SKIP (exists): content/real/fr/a1/014/.DS_Store
SKIP (exists): content/real/fr/a1/014/images/014.png
SKIP (exists): content/real/fr/a1/014/images/2a60a10b24aad4a1ca0cb7d657237251640e211938e59af0b2aee1c9faf5034b.png
SKIP (exists): content/real/fr/a1/014/audio/8b59e83044993199d009328dc0f97955454f5321f1f6617469d68d82f11e3a47.wav
SKIP (exists): content/real/fr/a1/014/data/52ed698002cc675fb57f1d120a106f23b52db1c812790227f94d6a63654adf67.json
SKIP (exists): content/real/fr/a1/007/.DS_Store
SKIP (exists): content/real/fr/a1/007/images/93d8966c26c3d64dc8c0e767f84ca8c5815e13d936c68222cfeb52fc53b60a5d.png
SKIP (exists): content/real/fr/a1/007/images/007.png
SKIP (exists): content/real/fr/a1/007/audio/b36c3204a2219b8df50247f7dacbb34a1f40813b714653eca24751fdd03b33c1.wav
SKIP (exists): content/real/fr/a1/007/data/41eb51fd9c55f578635ee3b14725c3fd5dde76b184a23cf360fd258a5be28ca2.json
SKIP (exists): content/real/fr/a1/009/.DS_Store
SKIP (exists): content/real/fr/a1/009/images/5ffc2f743350ad793d0322b7ba464d24541eff7fc8111b409a602fc967bec0f4.png
SKIP (exists): content/real/fr/a1/009/images/009.png
SKIP (exists): content/real/fr/a1/009/audio/75c57f06bbe44b2b0a18667e14cdf9f7d98f75b029312b3d3e67c09599ead15a.wav
SKIP (exists): content/real/fr/a1/009/data/92a268b6c8acbbab94fc2b7dd653e60b840a97d6026568d415531aecb30b5605.json
SKIP (exists): content/real/fr/a1/008/.DS_Store
SKIP (exists): content/real/fr/a1/008/images/008.png
SKIP (exists): content/real/fr/a1/008/images/9770329906665fc67bd4f7af9861079a83075342b10d325bb805f58808d22a7d.png
SKIP (exists): content/real/fr/a1/008/audio/7493acaf79537ef2c7e96d2892d145702384cbbda3e400cc6a431162889c6ad6.wav
SKIP (exists): content/real/fr/a1/008/data/eb915c18d861f7247c11c9ff08cbd0865178c8dd0cb62a3f22f2d5477d9c396d.json
SKIP (exists): content/real/fr/a1/001/.DS_Store
SKIP (exists): content/real/fr/a1/001/images/001.png
SKIP (exists): content/real/fr/a1/001/images/dcfc4de9cfdbd7fa9765b9142dab6ff034c2a66578835bd17655b56481acd836.png
SKIP (exists): content/real/fr/a1/001/audio/042d2050d99903b1d6020374de0a4782f1d904522e76e60dd1588223db9f0454.wav
SKIP (exists): content/real/fr/a1/001/data/4906be159b084144a2ce58d2203187608da28d3fa37f8c20646f0b8777904955.json
SKIP (exists): content/real/fr/a1/006/.DS_Store
SKIP (exists): content/real/fr/a1/006/images/006.png
SKIP (exists): content/real/fr/a1/006/images/4181fb53115942a97034391d757cbc2f889a5a7ea70278375a3741a89ee87119.png
SKIP (exists): content/real/fr/a1/006/audio/cefb32c60f3e29266981be65fad9db9ccad6582b8e0efdc84ac8814f3b8d56f1.wav
SKIP (exists): content/real/fr/a1/006/data/c56b56fc4f34a6fbaa6af5040e9a2b864a345293b4cfb1ff810f004a979c432f.json
SKIP (exists): content/real/fr/a1/020/.DS_Store
SKIP (exists): content/real/fr/a1/020/images/020.png
SKIP (exists): content/real/fr/a1/020/images/0c4e0234eb1019b872f671fbc2bb3ffdc5e232915e31d4075235688aca73abc4.png
SKIP (exists): content/real/fr/a1/020/audio/90d82964bba5a0fd1b987648d849786408f813351f48496c203640881c02aa80.wav
SKIP (exists): content/real/fr/a1/020/data/7f8e5104548459515d34ce57f1ce9f222652944cd3001148cf74305a447afb13.json
SKIP (exists): content/real/fr/a1/018/.DS_Store
SKIP (exists): content/real/fr/a1/018/images/f434bd679657a4498e0512ea2e7023911457d3b30027d868b6d756a8eac37af0.png
SKIP (exists): content/real/fr/a1/018/images/018.png
SKIP (exists): content/real/fr/a1/018/audio/75a8bafa00612e9f140dc863ce1841dce5db4fca8efab4cc82939e1fcee73453.wav
SKIP (exists): content/real/fr/a1/018/data/3d8ce23a772a142e7fe484022ef5887e6ad89920a6a5054bafe2ce7837644363.json
SKIP (exists): content/real/fr/a1/011/.DS_Store
SKIP (exists): content/real/fr/a1/011/images/011.png
SKIP (exists): content/real/fr/a1/011/images/812810ecf5436fb54bd6d3534929da3774c77048e13a5f3a47df45e19cb6731d.png
SKIP (exists): content/real/fr/a1/011/audio/6d4eff7a0e39c85a4367adb2c740977b160ed0d6f2409c4dac84e66edf17941a.wav
SKIP (exists): content/real/fr/a1/011/data/81c09fdec139fc2e5600bc4989b8f5faa8feeb78796c4bd56793723f308fc845.json
SKIP (exists): content/real/fr/a1/016/.DS_Store
SKIP (exists): content/real/fr/a1/016/images/016.png
SKIP (exists): content/real/fr/a1/016/images/f5354d370c4a42f45324fa6a122bfb55568694e6f13633fdfb2b217a580d3074.png
SKIP (exists): content/real/fr/a1/016/audio/f6f123a08990b2f76b936f3048d2ce16e024b5052e5142c8d82b7b1ef4be2951.wav
SKIP (exists): content/real/fr/a1/016/data/534135e56aefd4db9306acf68ec46b51a6e8296ed57f600217cd5d422e38727e.json
SKIP (exists): content/real/fr/a1/017/.DS_Store
SKIP (exists): content/real/fr/a1/017/images/017.png
SKIP (exists): content/real/fr/a1/017/images/0b72e9963aa9c4c4b737e4093c113d04f486050973ada5ada9db88497a638e1d.png
SKIP (exists): content/real/fr/a1/017/audio/e15e118dcfe9f7e7bc204946a7c4273b43c41a9b70bea3c8f91f73d331214200.wav
SKIP (exists): content/real/fr/a1/017/data/bcee1067e0db8ca64f789f512f3b219dea2e0fc359c6f5d5374cab004e968ec2.json
SKIP (exists): content/real/fr/a1/010/.DS_Store
SKIP (exists): content/real/fr/a1/010/images/010.png
SKIP (exists): content/real/fr/a1/010/images/020beae9241d8e905e6aa109180208fbb6a8b3a0c3d84975b674a6b23983590a.png
SKIP (exists): content/real/fr/a1/010/audio/618f3e731bdac0da0e9cad9ef595648f50b28d78550217a53dd70cd6d565874e.wav
SKIP (exists): content/real/fr/a1/010/data/90098c6c62eea2b28feb492845c5044694d6461c2af679599f56ff3efbcca1c3.json
SKIP (exists): content/real/fr/a1/019/.DS_Store
SKIP (exists): content/real/fr/a1/019/images/ac1b96f2775df985809c6b46fe4f0d7b753859b2c42541c160e1f27ccf9021e2.png
SKIP (exists): content/real/fr/a1/019/images/019.png
SKIP (exists): content/real/fr/a1/019/audio/863179a8c8a958d090388a87b5a124850cc2174297592b8ff5a190c64aefec6e.wav
SKIP (exists): content/real/fr/a1/019/data/d6b51564fdb35c321e08e70b65f858a34ca1884ace37abfd03ed4ccd4db4cfee.json
SKIP (exists): content/real/fr/a1/003/.DS_Store
SKIP (exists): content/real/fr/a1/003/images/003.png
SKIP (exists): content/real/fr/a1/003/images/3d6fa300c9228a1e0693b9b0ff4de84f0cf441b37d2e5353835ae38eec936b0a.png
SKIP (exists): content/real/fr/a1/003/audio/b1e6ac148db4ca2e05bb4daa18d97409cef8c972c4f9eece81c7cab319691e82.wav
SKIP (exists): content/real/fr/a1/003/data/9175d4831cdb8bdef8bcbff7838ac55f4597e793a0d0060481769852a8bc8e83.json
SKIP (exists): content/real/fr/a1/004/.DS_Store
SKIP (exists): content/real/fr/a1/004/images/004.png
SKIP (exists): content/real/fr/a1/004/images/60b8ba2b650e09d1857f57bedc85ac72b0acc0d986403f710879011b163b0fba.png
SKIP (exists): content/real/fr/a1/004/audio/4f4ab8801e8674bdb63575d42d67498f55e114b95d89bcda6df1f039f73b6f80.wav
SKIP (exists): content/real/fr/a1/004/data/8fb0ad6996ec199eeeba46e35e3c82a84f6297ef38b642815564e25002574878.json
SKIP (exists): content/real/fr/a1/005/.DS_Store
SKIP (exists): content/real/fr/a1/005/images/005.png
SKIP (exists): content/real/fr/a1/005/images/f3603b5385a2b65fcf12e234fd0f84e3e1e6fae8bce8139c7e370be91d66ab28.png
SKIP (exists): content/real/fr/a1/005/audio/c2d011ec99dd5705e940f35e1352e94098ac03327c65b4e24ca4017101fc4d24.wav
SKIP (exists): content/real/fr/a1/005/data/1c3da00155dc54958f157e55002dcf259657695db110b97823c65d95ee18a0f2.json
SKIP (exists): content/real/fr/a1/002/.DS_Store
SKIP (exists): content/real/fr/a1/002/images/002.png
SKIP (exists): content/real/fr/a1/002/images/825ec903af31b557c55181bb84e5a805dcaf37b5857511d402ebc77592ca2448.png
SKIP (exists): content/real/fr/a1/002/audio/db173b7bae1675a2d6ce11c9474596323d12b467a62b2e729df7014dbf018542.wav
SKIP (exists): content/real/fr/a1/002/data/02a4d537a10f208cab528b78dfcf459ea73c10b355a709eeda399bb853557a84.json
SKIP (exists): content/real/fr/c2/015/.DS_Store
SKIP (exists): content/real/fr/c2/015/images/5c3d3f1d0d8f77d92ebdcbdd16a84b24da19cb77ba63b945b381ac752324de6c.png
SKIP (exists): content/real/fr/c2/015/audio/13cc70f0b4f2775ac75092af95b1cb6785e2ee645103881469a1e1c0f06e32ad.wav
SKIP (exists): content/real/fr/c2/015/data/c7b4f4b2e50b6e4efce7b074118791dfc6171742b864c5280467ae6c41d3714d.json
SKIP (exists): content/real/fr/c2/.DS_Store
SKIP (exists): content/real/fr/c2/012/.DS_Store
SKIP (exists): content/real/fr/c2/012/images/fe3a53b24e92b03f8c9f7952f1da82641d042bf72bac8fd4d60b0a3cfe4f0552.png
SKIP (exists): content/real/fr/c2/012/audio/d52cdc7849c04920168d3c37e091fe439535b6f4d37bdda9455052aadb50e8c0.wav
SKIP (exists): content/real/fr/c2/012/data/660a28db82a6ef507d5e6145dbf2e07f36cd5b991fc8f7a6a9a166c61c21b5a6.json
SKIP (exists): content/real/fr/c2/013/.DS_Store
SKIP (exists): content/real/fr/c2/013/images/9245c83f376a36ba4f1df15bfcd6525515bf261db12622420b877490c26ce39a.png
SKIP (exists): content/real/fr/c2/013/audio/ec5afe951313a6ca0535e421987ffc9e2c9f87c6adfd8b1a98c0465d16028eed.wav
SKIP (exists): content/real/fr/c2/013/data/12f47eb23d2326901d5e335df8cb14c0bbee86662504cdba025fd42e21294353.json
SKIP (exists): content/real/fr/c2/014/.DS_Store
SKIP (exists): content/real/fr/c2/014/images/a3a2eb88843b637d671331aa72aec9da6691f9265c256493ef63fe7b7fcf7fa0.png
SKIP (exists): content/real/fr/c2/014/audio/9b3b5231e881e71127766334e1daed93eba40367c38019b07be4bee46aeacca7.wav
SKIP (exists): content/real/fr/c2/014/data/11739ff18c6049476e0d54deedf9e034cf1b6d4906fb1546c5557412c0701af4.json
SKIP (exists): content/real/fr/c2/007/.DS_Store
SKIP (exists): content/real/fr/c2/007/images/73fe9e7b0f55ae46e89fe4f8a3a876cd250c7fab959f01ad75d4af0392c13a5b.png
SKIP (exists): content/real/fr/c2/007/audio/d10cd7234770f4cfd67ba236fe82ac6363a64759b7552d0cb074a743818aecd5.wav
SKIP (exists): content/real/fr/c2/007/data/94ee964db8be1d735d2397bcf7e114a6cd5afd8b7b48026d18615ccca78e5862.json
SKIP (exists): content/real/fr/c2/009/.DS_Store
SKIP (exists): content/real/fr/c2/009/images/d19f8345ec136cafd47531a634a4f313858ca00f9504964753f15dafe8914d41.png
SKIP (exists): content/real/fr/c2/009/audio/8e3cd4f8114b3f34dc7a398407c742da8db38e92e3d3b8a9459f43e8c6adadcf.wav
SKIP (exists): content/real/fr/c2/009/data/483871b77b4cbded846791ae868a0acae5108cad06cee443ce0f7619f2cd0909.json
SKIP (exists): content/real/fr/c2/008/.DS_Store
SKIP (exists): content/real/fr/c2/008/images/3cb4c265655baa592e3a1f9af74bd5f909c6eec1d2ffcfd57948b39de4d7c3b2.png
SKIP (exists): content/real/fr/c2/008/audio/49d190ef594b6363005184d88953f5e3cfab4a30f56d5513a9ae1f5009e8f72e.wav
SKIP (exists): content/real/fr/c2/008/data/344b77161f8b3920bc42c95b0b1aac489ed719af90e74038e519625d10e603c5.json
SKIP (exists): content/real/fr/c2/001/.DS_Store
SKIP (exists): content/real/fr/c2/001/images/9ba28af02fdd408a832062609ea166746b8c4f9eb37e6c4ff49f8a6c5dc81714.png
SKIP (exists): content/real/fr/c2/001/audio/d2abf8fb60516d4c38fe557530b8f39c068abf6d4e32cbbdae5c33131bc10aef.wav
SKIP (exists): content/real/fr/c2/001/data/9f24ffc575fb6f162b9aeb0f95e8c9257f910ebbdd21d92e5ed6f2e8e39a272b.json
SKIP (exists): content/real/fr/c2/006/.DS_Store
SKIP (exists): content/real/fr/c2/006/images/7dab63d4f0187b995efc3c8e4650fae2d86f952a3155113c8cc6dec0221e87fe.png
SKIP (exists): content/real/fr/c2/006/audio/218caeb7e4b69c63c88b5d4d59069d0c7fb8646a1a28fd32af004e9193a4b3f1.wav
SKIP (exists): content/real/fr/c2/006/data/64af8b08ad2a1310b5ab73c7f0710ce1747963ae0e1964f084d6e284031f3927.json
SKIP (exists): content/real/fr/c2/020/.DS_Store
SKIP (exists): content/real/fr/c2/020/images/0a55f1946f2427a0c9a90258576f0587f2a229967bbc7396c3fc03d6d4ab94ba.png
SKIP (exists): content/real/fr/c2/020/audio/3823ba52e3c6f999106ff8b5cffdefdc05006ac8e8b20dd1b41077a74331ca29.wav
SKIP (exists): content/real/fr/c2/020/data/8632e52910babec4843fcc1a0cf9b4d09d36abd4dcf52cc4750f4e8a620c90a3.json
SKIP (exists): content/real/fr/c2/018/.DS_Store
SKIP (exists): content/real/fr/c2/018/images/4c680c403fd44cd064a3ef9f19275d06c8de8bf80e9b7a30fd0fe6a21c0f0558.png
SKIP (exists): content/real/fr/c2/018/audio/c60d3122d15509b0b8f19bdfe657c9b5a2e0966eae7d9aae57ff8ea87457b65e.wav
SKIP (exists): content/real/fr/c2/018/data/61be7262f28176d3dc1f12f69cd1d2d66f8250dccc760b746e1a8c887f33a525.json
SKIP (exists): content/real/fr/c2/011/.DS_Store
SKIP (exists): content/real/fr/c2/011/images/5e8b0691c12593d0212bb16602793000a7578eaf9dcc98bc55410ff14f85797c.png
SKIP (exists): content/real/fr/c2/011/audio/4097451ce73f15e09e4b62ddbc829216ee12173e2a4d417cdc8e195d0cd411d7.wav
SKIP (exists): content/real/fr/c2/011/data/d64eebff207cab21294636402f351515f9e55b039db08ff452b64f674dcc0732.json
SKIP (exists): content/real/fr/c2/016/.DS_Store
SKIP (exists): content/real/fr/c2/016/images/cf6b6f2bbd1fb85f360504351d48da0e8019e28140eb184babf8be759e2f536b.png
SKIP (exists): content/real/fr/c2/016/audio/d5f5d838ea418539bf0595ae82029fb72d9a2bc6dc8da0a37589118466a0b347.wav
SKIP (exists): content/real/fr/c2/016/data/7b337b078ca1e86a6e4dc3992d5e109f5f2311f47ab4a2de06ddbfaa5cd6f15c.json
SKIP (exists): content/real/fr/c2/017/.DS_Store
SKIP (exists): content/real/fr/c2/017/images/679f4fabf3ae86ba7b887802725b2a8f80e492fdfb2505755dccb0722a76a033.png
SKIP (exists): content/real/fr/c2/017/audio/77ecf07fb907b2e158ac24fae60772c2f1a91d0f8609d15f5c1316435f81912f.wav
SKIP (exists): content/real/fr/c2/017/data/c81ac68de6eb5d0ba5ce3b3545f4c7e6f1bf906259db8065728544bc79359a43.json
SKIP (exists): content/real/fr/c2/010/.DS_Store
SKIP (exists): content/real/fr/c2/010/images/3876ed4d204407c24136b03e39f89d0b3908bffbcadb876dba5268d8989666a3.png
SKIP (exists): content/real/fr/c2/010/audio/622a5c2581e5136650411413821c8786ecd19e566cadbedfb04b93ec11552441.wav
SKIP (exists): content/real/fr/c2/010/data/bc8f3fb1ca594bc4ed2ff50bad4f81fb3c1a2af45fb4e3688f3ded1d083803ed.json
SKIP (exists): content/real/fr/c2/019/.DS_Store
SKIP (exists): content/real/fr/c2/019/images/44bcac4c1c95c6f983e979e6d5789241da0c1e0dffc51a427bcaad82ec1f3091.png
SKIP (exists): content/real/fr/c2/019/audio/90dd8dad4f03c58271ac9754f2ce234d9260fe821a5ea73c34a771d7d9966549.wav
SKIP (exists): content/real/fr/c2/019/data/d5492054bf20638e95346209e8b94d2b633875340fa5a864a00eb072a84d717e.json
SKIP (exists): content/real/fr/c2/003/.DS_Store
SKIP (exists): content/real/fr/c2/003/images/1b2dba91f6125dd1f4bc7ffed77cc23ddf24a243a8884872438bff8bed32eb17.png
SKIP (exists): content/real/fr/c2/003/audio/4d31d2a876d46357cc838f1742150648e91b8f13a69658c2c5b272e10445335d.wav
SKIP (exists): content/real/fr/c2/003/data/e60f1557c3e9bb8d9c6faa2b4e7db20d8b3a3cc6d286425c717abb0fc84f9504.json
SKIP (exists): content/real/fr/c2/004/.DS_Store
SKIP (exists): content/real/fr/c2/004/images/047127e049f2cf415281be7a8f1c23cbe6cbc55326270d439122ac18d858943e.png
SKIP (exists): content/real/fr/c2/004/audio/59ed1c9c7a91728541704676f3cc0f831d7c498f0b74e768cbc1058a2dff883b.wav
SKIP (exists): content/real/fr/c2/004/data/e697be87bfb937c03b68866fe7d5da3e1fe4d8e5e342ccc54a23265aec24ea7e.json
SKIP (exists): content/real/fr/c2/005/.DS_Store
SKIP (exists): content/real/fr/c2/005/images/65cb3173fba0a9bde476fc65551ea4211bfc50861f567f68a44d3564d340efe1.png
SKIP (exists): content/real/fr/c2/005/audio/b746d4288d6caacabb0521929e7c22818964009011a7264fe087f32ab1f15772.wav
SKIP (exists): content/real/fr/c2/005/data/a15df6f936d50f1e13712140b27fc7bcb4659eb8601d7f2b6871465576d7e206.json
SKIP (exists): content/real/fr/c2/002/.DS_Store
SKIP (exists): content/real/fr/c2/002/images/6c67cb984d4dec3b2fd269ac0a8230f18b087e39f9b6d1ce825dbd849b789e78.png
SKIP (exists): content/real/fr/c2/002/audio/034e7006b539211584013d61aac774e9199fe556675d52404a8d30d60405a3c0.wav
SKIP (exists): content/real/fr/c2/002/data/9c5cda861e230cc3d63c31ec90113e38cd86cc4a24e26236611b09f1d4a2eb47.json
SKIP (exists): content/real/es/.DS_Store
SKIP (exists): content/real/es/b2/015/.DS_Store
SKIP (exists): content/real/es/b2/015/images/b8ffe67275bf8783a85a68fa458cb1f6e65318aad7ba23e584394cb13736bf0d.png
SKIP (exists): content/real/es/b2/015/audio/1644520a91e63391e9f07a3a2bf4b6b8ddd06cf03b0d7b95177ecec467e735b9.wav
SKIP (exists): content/real/es/b2/015/data/87036ad5cd84035ff2e8e46c67532c78aef8728332b15455a5bb59fbbb01cffb.json
SKIP (exists): content/real/es/b2/.DS_Store
SKIP (exists): content/real/es/b2/012/.DS_Store
SKIP (exists): content/real/es/b2/012/images/d09d2a86fe04d9d15cdd041d68386f9c7ae18663f345d46cd37a3139cc7b1e21.png
SKIP (exists): content/real/es/b2/012/audio/2be444f68d42ea92a9c0c398c9873f22a5e34fdc307809b4e9e6772ab33c8551.wav
SKIP (exists): content/real/es/b2/012/data/90aa7fb6249391a24ad713a67cb9a95415df332407f0d5e6c3d65b1b72160799.json
SKIP (exists): content/real/es/b2/013/.DS_Store
SKIP (exists): content/real/es/b2/013/images/e21cb954b1705b086336be6ae149cd01e79222b4ca43403656dfa6baf5c00e02.png
SKIP (exists): content/real/es/b2/013/audio/c50d2add04215cba0ea12ba6b5da6679e70341eadfbc8c4d7d28be1a39ce2504.wav
SKIP (exists): content/real/es/b2/013/data/a2ba75781d348bdb54b76dbb0d1b48ebc6fc289ae2ba2c3655eee5d5cb7a7e1d.json
SKIP (exists): content/real/es/b2/014/.DS_Store
SKIP (exists): content/real/es/b2/014/images/92bf0ad21cd8547ff5ef214073c54a7d487d8b405990827801ec2ee7e6eefe57.png
SKIP (exists): content/real/es/b2/014/audio/571c8c37448c1a5e109ffbf1e268c1cf2406cf38ed2367c3b478dac771453de7.wav
SKIP (exists): content/real/es/b2/014/data/77d5f49f4cef2c6060c9600a80134656d750d72666cfad01139f8c5139dcff82.json
SKIP (exists): content/real/es/b2/007/.DS_Store
SKIP (exists): content/real/es/b2/007/images/e79d030927da3008ddb1b996ece983e679ddb1a169021736cf2c42e555e501ab.png
SKIP (exists): content/real/es/b2/007/audio/4f5f71c9bf40810ce3ae4c0adf67afc5d986a6ce4f6c4a972a7926c6fea63c8e.wav
SKIP (exists): content/real/es/b2/007/data/16e1a878ce48d4bde20355aa3a0d4d5599c39cef51ca1d2cc19ae262009062a3.json
SKIP (exists): content/real/es/b2/009/.DS_Store
SKIP (exists): content/real/es/b2/009/images/2db48a40a5a5407418ee0bd4edfba28ee85f8331cc78838cbe93b11a3b1363a6.png
SKIP (exists): content/real/es/b2/009/audio/1e34aa2e88e6f234307e5a398cf96a3a887281840e8af8356743b4b2b9d41b8d.wav
SKIP (exists): content/real/es/b2/009/data/552c2c73f58ff1e91973f60bfb3774069f518a71657a0851874d29094dbb7d32.json
SKIP (exists): content/real/es/b2/008/.DS_Store
SKIP (exists): content/real/es/b2/008/images/68946d682bea89aa730928099130e87c26be0e1269facead9ea2b904b74b6e49.png
SKIP (exists): content/real/es/b2/008/audio/93015535c24ce542c296da0f20d4bf34e2a25d110a84ab2348bc2b6fccba5c34.wav
SKIP (exists): content/real/es/b2/008/data/c6281fbc905133ccc93e5b00b7933a297fe6287a1e8ba096c80369432c39c0c1.json
SKIP (exists): content/real/es/b2/001/.DS_Store
SKIP (exists): content/real/es/b2/001/images/0c7d0d23ced9ea50595bc7eae6ab634559b524b3380f661b6e63a7daf73cb60c.png
SKIP (exists): content/real/es/b2/001/audio/d52a6051dc7b131fce84f07e1ddf8cae5934543690b1859cb793092cf0b99283.wav
SKIP (exists): content/real/es/b2/001/data/1d814999a81659bd325064f26b0061ede2a975f02caf3a957772a849fcf74c95.json
SKIP (exists): content/real/es/b2/006/.DS_Store
SKIP (exists): content/real/es/b2/006/images/778d49a83c7f4814f0df33b861ea83f8ca424528fc3aaadf8b91f87fe26b4b96.png
SKIP (exists): content/real/es/b2/006/audio/20a7149f1f9499e80d75960c30b12860169f2e29df4d29fd50fc98ec07a622b7.wav
SKIP (exists): content/real/es/b2/006/data/a3b2be2197a026c6e1d831ce123b2c02a0477ac1247defc3437984c12bd10c3c.json
SKIP (exists): content/real/es/b2/020/.DS_Store
SKIP (exists): content/real/es/b2/020/images/1687c45f74ce170c5edff5d268ec68ad8cd000cedafba42b5e189a9995391222.png
SKIP (exists): content/real/es/b2/020/audio/b75f18117931b2fa0f33f9083c7c8800380089b1f6be83b11234b5c966c4ef63.wav
SKIP (exists): content/real/es/b2/020/data/dd7c336fea440877046e08155e5219091bdbbcc04c7f99c4446499779aa789c0.json
SKIP (exists): content/real/es/b2/018/.DS_Store
SKIP (exists): content/real/es/b2/018/images/a7745653a617677e17ed7c9a7b862956ef35a5ec9a491152afbf5fd76c6d2f3b.png
SKIP (exists): content/real/es/b2/018/audio/678ff066a2aed1b03a6b318dce45f7aba5918cf841aab8e6674ad32928256f6b.wav
SKIP (exists): content/real/es/b2/018/data/e8aef969f574d26a678233183c870648ac93be2284fcb4c682a1530452836017.json
SKIP (exists): content/real/es/b2/011/.DS_Store
SKIP (exists): content/real/es/b2/011/images/363268b08f82864f3f4a049413979576381fca2506fc08fe4cbf45998d4c8da0.png
SKIP (exists): content/real/es/b2/011/audio/911c51056341be4f206bf8504579b632fa2e473b7bbd27a80d0cf434b09a1997.wav
SKIP (exists): content/real/es/b2/011/data/dd74eef22a7fa0a79ad0140874870718319976b929944fa7c7dd2c660deab339.json
SKIP (exists): content/real/es/b2/016/.DS_Store
SKIP (exists): content/real/es/b2/016/images/1143e97dab67874589ee7a33482d0b91d597bedb9be36140b97efe7145279b80.png
SKIP (exists): content/real/es/b2/016/audio/062600497250a43bb1f49f2c9528a2253050432da6f940024b3656d414d652d2.wav
SKIP (exists): content/real/es/b2/016/data/df34eae98ec6815e6489eb567ca5d61b76bcf8718ae6a420f77222ec1d9a9e09.json
SKIP (exists): content/real/es/b2/017/.DS_Store
SKIP (exists): content/real/es/b2/017/images/3a5bc1d0f8873cd7dc3ac2535f7a3bc407ccc179e2ba4c6734f06d715afb6673.png
SKIP (exists): content/real/es/b2/017/audio/a2e097ef5acae55aa58f6c9a21f3da850198a1e61782cf47f5158508e46439ee.wav
SKIP (exists): content/real/es/b2/017/data/e61928d1b67ab60f96c12381f79395d491cb682283c35c4c669e8e488a5b692d.json
SKIP (exists): content/real/es/b2/010/.DS_Store
SKIP (exists): content/real/es/b2/010/images/cc2be27b94898f8c5b8968ab0d9f76b41fb2c9c15c49d433b4bc96863855cbc2.png
SKIP (exists): content/real/es/b2/010/audio/5cfe40c4d96bb3440c30ada8536319af10e0ae9a60af0f3705267ba0c1c27139.wav
SKIP (exists): content/real/es/b2/010/data/7cca488425332a2052e8499be85e3b78f2b249ba4b94f20cb285891ac4e59d28.json
SKIP (exists): content/real/es/b2/019/.DS_Store
SKIP (exists): content/real/es/b2/019/images/924f911cb93bcc4fdf3125126f3ee02b368dc1066376e1a00dcaf294d70db754.png
SKIP (exists): content/real/es/b2/019/audio/95e63464d00d60cd3d17e3bed84327033aa541d668349c547c36dd2734fe02c4.wav
SKIP (exists): content/real/es/b2/019/data/cb4b846dc6bdfda4a406641cc9d5ad6e21c4937c2217695678e9463e6635426d.json
SKIP (exists): content/real/es/b2/003/.DS_Store
SKIP (exists): content/real/es/b2/003/images/7507b8e28a289ae768df25984fb0c0c2d7dd875c0a8c9289d7563b0443ac575a.png
SKIP (exists): content/real/es/b2/003/audio/56714e6a5c27af21e262be8a1c7fe3a2007ede4a18123833c18300e170eff1fa.wav
SKIP (exists): content/real/es/b2/003/data/b638b07da09a21db9aad67eb270cdaa8889352f5c31ac20ecbc7ca9074ecf9c2.json
SKIP (exists): content/real/es/b2/004/.DS_Store
SKIP (exists): content/real/es/b2/004/images/275989786c5e84e203c261a61def0b07e9ba3ee2e44eb3badea2d8abdc82fa80.png
SKIP (exists): content/real/es/b2/004/audio/6e8bd964ff23a0cdb67e4bc332b7920fd3758cc799558eacdc31a3cf87a3b812.wav
SKIP (exists): content/real/es/b2/004/data/a712d4bcc908e08efbdf56ec5b20188463fbf4d12111285be0080c0cb5b3065a.json
SKIP (exists): content/real/es/b2/005/.DS_Store
SKIP (exists): content/real/es/b2/005/images/d39bca741d6be57dbd6a91ae42c3fb5a9d7fcbd796ef3ef62b772903e3d58a9f.png
SKIP (exists): content/real/es/b2/005/audio/39123edd60bab26d4702321282d69d75be5171097f6f809d11547fbd97cea1a7.wav
SKIP (exists): content/real/es/b2/005/data/b89bbc3d316cc6b08a5d487ebd344a6255b457f73155c8be0f2947a5a15db6d6.json
SKIP (exists): content/real/es/b2/002/.DS_Store
SKIP (exists): content/real/es/b2/002/images/c2eca23a83766e2636c7f1b96bbb6d74f9b24967b185736dfd03782a9345f56d.png
SKIP (exists): content/real/es/b2/002/audio/34dafefe7e334a94e9edfa5cc62c62accf5cb38c1c5fdae6208e9d0989309d8b.wav
SKIP (exists): content/real/es/b2/002/data/0c0975eb1bed1d5dbe2422541716cfba673635ffa9ca0d2e363e14f4640fc88f.json
SKIP (exists): content/real/es/a2/015/.DS_Store
SKIP (exists): content/real/es/a2/015/images/1179cbd23124aaab36b3b22ea498e2d5e222fa7a2398cd89ae83eb489488aed2.png
SKIP (exists): content/real/es/a2/015/audio/a87582508512410df6630358e75ba018d13bc7e3b6f23ee42fe1cbefcf8a1f4b.wav
SKIP (exists): content/real/es/a2/015/data/1f23cb321222db3afa6d1aab3ad4a01b2668c824fbc7643608a3613e12cfec9a.json
SKIP (exists): content/real/es/a2/.DS_Store
SKIP (exists): content/real/es/a2/012/.DS_Store
SKIP (exists): content/real/es/a2/012/images/c1df836a9c5f560267cdb0a8b3b0daa6fc1a8bc7fb5026d5abc1e32caae91df8.png
SKIP (exists): content/real/es/a2/012/audio/8a2b4a33363433fb93397ae565f1b5f579ca47c617a1c2534aa82cfae4b0380e.wav
SKIP (exists): content/real/es/a2/012/data/73116adcdc17cb6078b1bf5cccc12cad01dc6a37e9c995b27a25636a3fed1b12.json
SKIP (exists): content/real/es/a2/013/.DS_Store
SKIP (exists): content/real/es/a2/013/images/97a96edb4ab3e106dcfce6f5665e8767a1252b3664b07c3f30034dc4871de7df.png
SKIP (exists): content/real/es/a2/013/audio/7ae12b3c827f483996dbf4180f5c51d76a9dfb66b96842e6677c21d075c57cf9.wav
SKIP (exists): content/real/es/a2/013/data/ee53945dc17ad438e2491004d8121d35b6f19e881ff194fef917f6238a4ce9d5.json
SKIP (exists): content/real/es/a2/014/.DS_Store
SKIP (exists): content/real/es/a2/014/images/1784b15614dd8a038125f5eecdee88908766050f3f1eaf219ebfab98c01b1650.png
SKIP (exists): content/real/es/a2/014/audio/15328f0874908c814ea0133df1493b5a2de494d3784f76d26bfb3c987e11a91d.wav
SKIP (exists): content/real/es/a2/014/data/5d0414dca3d572248185ea9fa9b506d4254f1b2bc8ae731101e2afa2fa5ec172.json
SKIP (exists): content/real/es/a2/007/.DS_Store
SKIP (exists): content/real/es/a2/007/images/b81be82f55e48c0cd3b8443e1eb2caa475f562ad2b6d4131176dc732617f4a66.png
SKIP (exists): content/real/es/a2/007/audio/e086ae4268a5f441ee096be2d3b782362eecb06c5f455f1883559d94e9835f1b.wav
SKIP (exists): content/real/es/a2/007/data/7c00072114d125ad95d0abbaaaad184be111e7c5c9aec4c54055c3ea88c08e2e.json
SKIP (exists): content/real/es/a2/009/.DS_Store
SKIP (exists): content/real/es/a2/009/images/f9e6bc3c74f874dfa02a7471b98ad727d8543996162d370fd59d5f40dcfb1338.png
SKIP (exists): content/real/es/a2/009/audio/97b2bbadabdfeebc8174b2e113ef61c0b4e17f23e820824ee2cbdb28b35aab95.wav
SKIP (exists): content/real/es/a2/009/data/e9ba16847b7e4a33932f7872a8a4dff41fd8d2bd64b670c966158f2dadb8b3d0.json
SKIP (exists): content/real/es/a2/008/.DS_Store
SKIP (exists): content/real/es/a2/008/images/0b70560a2aaf75665c3ce5d05f9e91dd07ea409eef458660a199f151b662ab87.png
SKIP (exists): content/real/es/a2/008/audio/e88e9369b5d9a043caf45f17448f039c68e80b077a96b49030c505daafc74d27.wav
SKIP (exists): content/real/es/a2/008/data/40ff663b83a5a4c16c96b162e47cd6fff9f75eea5a697a6b06210bd329f91732.json
SKIP (exists): content/real/es/a2/001/.DS_Store
SKIP (exists): content/real/es/a2/001/images/9ebb655cc04834dce7d8c4cb40d26b5f7588eb1a0deb92c0701be8b86200c263.png
SKIP (exists): content/real/es/a2/001/audio/0cf4c47049abde27a09e0523db1ec0aa4f345f539b881d8209763188f29c247b.wav
SKIP (exists): content/real/es/a2/001/data/221f95d4017c7624b1803f4b3c49f5af7dbde39e95cf473c9e0683cdd19facef.json
SKIP (exists): content/real/es/a2/006/.DS_Store
SKIP (exists): content/real/es/a2/006/images/b85639e142469d003ae22ff85568011264e9ed288894f01c8ce6e1bae72f5522.png
SKIP (exists): content/real/es/a2/006/audio/76698261b5d958ba8dddfb23a79e9d1340fd1fed06e7300dffe69509ad5fbf86.wav
SKIP (exists): content/real/es/a2/006/data/60a629338b2f12d8d2953bd3c51f3eaa8250166e0df94742b012796322dc00da.json
SKIP (exists): content/real/es/a2/020/.DS_Store
SKIP (exists): content/real/es/a2/020/images/5be63d41d9cf6b99b777831459540aedfe7a1498918f7b8ec6a498a68444ce05.png
SKIP (exists): content/real/es/a2/020/audio/538b30cd3bc0de3457f1bcbec72cc3d301fe19f33f67260b6cbb162a4f5b72a8.wav
SKIP (exists): content/real/es/a2/020/data/d1b5550b0d3632c583b871a20ef8d21d2b0d597bee5626c08022c902d703bc1e.json
SKIP (exists): content/real/es/a2/018/.DS_Store
SKIP (exists): content/real/es/a2/018/images/df65d06d2f54c257c76d8d8d947f2b786a4a43ff5aaddea939a514a8882c13ae.png
SKIP (exists): content/real/es/a2/018/audio/f0166ad978d454901836cb2d06cf9f8aadcce74a1d0af9b67ea7f4e76065c851.wav
SKIP (exists): content/real/es/a2/018/data/8cb59c84d76cfb46d85455d9197786586db8078593ac62b37be12b400f9bc8c4.json
SKIP (exists): content/real/es/a2/011/.DS_Store
SKIP (exists): content/real/es/a2/011/images/323ce68b1db7443677f78e582cc5e0b6c25bdc0cd4f083eb14f074bfa8910107.png
SKIP (exists): content/real/es/a2/011/audio/034b3e8aae2bd1aa3bf96aa608e3ee4e37036ef7a67b7db0d4240c12fc01ea59.wav
SKIP (exists): content/real/es/a2/011/data/6a2bb488b9a48cd58acf7921cf9b0941c4f07d9370904b1ebcadedf7f27da635.json
SKIP (exists): content/real/es/a2/016/.DS_Store
SKIP (exists): content/real/es/a2/016/images/86b3b966146891f13f6b6dc069450ebe7d23913721b07127ec091eaec709fa8b.png
SKIP (exists): content/real/es/a2/016/audio/ccf439f286cc2ddb26aab079cdc1cc26c5b00db4d21ef08fc71493892d8391a8.wav
SKIP (exists): content/real/es/a2/016/data/ed2c94c18115d306eef0c84388d0e4b0083a5388ab1431d5114249d958a50e53.json
SKIP (exists): content/real/es/a2/017/.DS_Store
SKIP (exists): content/real/es/a2/017/images/6d896cb049c30277fe7e53acc5ba1a7ace7d618381cd214f89a381602974506c.png
SKIP (exists): content/real/es/a2/017/audio/cc8e5a54fb224fc15f8b9e01f84de526a0391d46a11af446475a1f160a66acd9.wav
SKIP (exists): content/real/es/a2/017/data/c17a6b94e825bf370baf548a77babeabab0898eb2bb31e5a7b5caaf1b757ad3a.json
SKIP (exists): content/real/es/a2/010/.DS_Store
SKIP (exists): content/real/es/a2/010/images/5e19ab226ff4dc166bb761f8160ac49c925cc19e054faa0b5d2c79c386619b41.png
SKIP (exists): content/real/es/a2/010/audio/808856f731d910a65a826ff7a455ce9aa38cf5a854f9213493c31d9f44d97397.wav
SKIP (exists): content/real/es/a2/010/data/13a6cbb05cb9cb004939c770c5ecdc8c1d3e5e3cdce98131ceef3386128cc2c0.json
SKIP (exists): content/real/es/a2/019/.DS_Store
SKIP (exists): content/real/es/a2/019/images/b7cc328bbdb4dd25618b5ef15f63c1a19b9dc5f31902de7c927e1becc4c492be.png
SKIP (exists): content/real/es/a2/019/audio/0ea2968a539a1f47139bf41720c496b02a06085eba1bc84f7fee66d25efc1a02.wav
SKIP (exists): content/real/es/a2/019/data/7fb2954ebc941e7616f6be367c612181bd644f4f2437e8001a44f9fbc9e15078.json
SKIP (exists): content/real/es/a2/003/.DS_Store
SKIP (exists): content/real/es/a2/003/images/4ec60525f6e0d010256ecb4111d7c576c2b60b0ffd68fa0fd96e152c11818f13.png
SKIP (exists): content/real/es/a2/003/audio/210e3482bb66b6186228c030f39db220f78f61af23ef706db2b93a1eb0c296dc.wav
SKIP (exists): content/real/es/a2/003/data/9b5e68eab423932e80f769f12ae1e3919c2053126c3564abae789199eb6a29f2.json
SKIP (exists): content/real/es/a2/004/.DS_Store
SKIP (exists): content/real/es/a2/004/images/2c946bb44f872ed73cf9d8713ced3eb5204d1f77483e9848dd5058493ecefabe.png
SKIP (exists): content/real/es/a2/004/audio/1c5568fb2a810e15469c9cd7dda2d47ee9af1824793ae67f464b3ab05ac8d915.wav
SKIP (exists): content/real/es/a2/004/data/337b69f910364543da72c7ef95a8ab011418500bcdda1b71fc257ab4e1ddfc9e.json
SKIP (exists): content/real/es/a2/005/.DS_Store
SKIP (exists): content/real/es/a2/005/images/a470537da324fe2d8b7b758fdb1314793ed6ffb44f9e1a97f208e3f3ab94a8c7.png
SKIP (exists): content/real/es/a2/005/audio/151d0e92669e79a4068dde84d6622de68373e2e3b57e63d9d74cac2d74171131.wav
SKIP (exists): content/real/es/a2/005/data/d2d5e96e5feb3c5d0951c7d4ab79917fad6d615cedb40ed5b4372934194f8510.json
SKIP (exists): content/real/es/a2/002/.DS_Store
SKIP (exists): content/real/es/a2/002/images/6a0b00a03ab8fd97c96e046c183f256ad0ba0f1b64a91748cabf260c48f5ba08.png
SKIP (exists): content/real/es/a2/002/audio/703da2b884629498396d0d50c55706e955af2fe63b71fe296918a6c262f6fa8f.wav
SKIP (exists): content/real/es/a2/002/data/be9ab410698163436dd943f88fa58e7307a17955bbb2185e72bf4609370bc81d.json
SKIP (exists): content/real/es/c1/015/.DS_Store
SKIP (exists): content/real/es/c1/015/images/34e81c919da34281a6a915605776281c2f67ab807199806ffb74e248b39eee4d.png
SKIP (exists): content/real/es/c1/015/audio/a94c80d86055de0d5b80c1638fc0f26943d39167bc81e2ce1a474d6b0d987eed.wav
SKIP (exists): content/real/es/c1/015/data/d8af8d436fb60c09c650013b38daf82955320fb4680577360240488a3e62e6c3.json
SKIP (exists): content/real/es/c1/.DS_Store
SKIP (exists): content/real/es/c1/012/.DS_Store
SKIP (exists): content/real/es/c1/012/images/84049f3d8a0a946afa1bee9378b59d1cbef9bb0a7a3300e6ac4e615efc97dd17.png
SKIP (exists): content/real/es/c1/012/audio/7561ca15fd6d7b298ee7a07090130223efb13cf8dcaa8af5f00bbcb6599ff904.wav
SKIP (exists): content/real/es/c1/012/data/e248c6af9a976576de9c901bf7b5aabc035dfb0ae9cdfe8a05d092cbabada264.json
SKIP (exists): content/real/es/c1/013/.DS_Store
SKIP (exists): content/real/es/c1/013/images/1081f590b71125d7440a80446e006ccc00def12a7706976d76c4c4aeb667f1c5.png
SKIP (exists): content/real/es/c1/013/audio/2b03570f791c5a1478617201b01b9da8d7d9f57ea6b56f7053b4bbbdf056d795.wav
SKIP (exists): content/real/es/c1/013/data/a63c7cd8d6700b4a2f29087009e5bc5f0df865b2b4e40b80fbbd2e692152afea.json
SKIP (exists): content/real/es/c1/014/.DS_Store
SKIP (exists): content/real/es/c1/014/images/48daea09df4c3b0afa93315acb05ca584acf8f86b5d2933829d1fceac359bf3b.png
SKIP (exists): content/real/es/c1/014/audio/8bdfb50854b0a5cacaa30da6399776dbfc56feb37e36d0b4bf8c612ad36e27ee.wav
SKIP (exists): content/real/es/c1/014/data/a0f0b333191f5b7b758a8b3e831d31983bb2e7b13dd032e780ef7703342131f5.json
SKIP (exists): content/real/es/c1/007/.DS_Store
SKIP (exists): content/real/es/c1/007/images/b7311bc9a8cb09ba31ac23ac79dd178fbbc4d10c0bde1ee82eadd2eba2f6651d.png
SKIP (exists): content/real/es/c1/007/audio/e111bccdd9d1d51800d75e00d99021cbdf6accb4a47f8c454826df7b1b86e0ad.wav
SKIP (exists): content/real/es/c1/007/data/a92696aad7d79014fbe0fd336d3e8f82c38ba20875f67bff1521b0d032a92216.json
SKIP (exists): content/real/es/c1/009/.DS_Store
SKIP (exists): content/real/es/c1/009/images/88671d5ced7909e14c611e9efff1bae4b7186832ab77de54ccb2ab4bb0cdee7e.png
SKIP (exists): content/real/es/c1/009/audio/84782f8d64b8401058fe69b5edece55ed5b6d761ba01f9ed01a8d00ae903490c.wav
SKIP (exists): content/real/es/c1/009/data/a0ad5eb5193f762659297108b22e6bda23c758feb6a3b92cf2d30156f6561a53.json
SKIP (exists): content/real/es/c1/008/.DS_Store
SKIP (exists): content/real/es/c1/008/images/78d8ad39b02ef6c1589fa15a23fbaac94e4acff13c5a993837a12675e2a1c32c.png
SKIP (exists): content/real/es/c1/008/audio/b117d20a0cc10657d954762dd537461ff2565db9929543fa76357c4406d04b36.wav
SKIP (exists): content/real/es/c1/008/data/cbe052f58e08d8c87394e3311ffc048a8293b0c79df5935d21a7d929e9827a4d.json
SKIP (exists): content/real/es/c1/001/.DS_Store
SKIP (exists): content/real/es/c1/001/images/00fbe21a9f55e6aae509d3193c0dcf9eb07152e0761981748f9600ac9ea427ff.png
SKIP (exists): content/real/es/c1/001/audio/b8bd6e26b57ffe998ba4b096583a19589246b7900635303880fd95ba4dedcee7.wav
SKIP (exists): content/real/es/c1/001/data/2ce232f00eaf0d6697a7a722746d2a81dee5083be794802a3b1e4074648c8fae.json
SKIP (exists): content/real/es/c1/006/.DS_Store
SKIP (exists): content/real/es/c1/006/images/d1aeefb2c3d8cc84717895f51c30585a24e270a70ee4f90aabb3509d0cd26eab.png
SKIP (exists): content/real/es/c1/006/audio/2a07fbb1cdd786d85c974eac0dbb47dc0b1846aff91b6ba60c3015d8479208ad.wav
SKIP (exists): content/real/es/c1/006/data/bd98599f582957e5b64d6d00ea202ac4bab4bfaf0a100a64a42817c6ab4c26e6.json
SKIP (exists): content/real/es/c1/020/.DS_Store
SKIP (exists): content/real/es/c1/020/images/1e567216a08852b95846bfb4c1afe4eec726dc6f146f948a5562e4abfbdaacd0.png
SKIP (exists): content/real/es/c1/020/audio/200008c6e3b6a4db9122b67267f6aae789e62790ccd1cd1e345100f2f8a1e9ad.wav
SKIP (exists): content/real/es/c1/020/data/9b88c8a71737ab44f24a3eb9427e343e64db267ffa8023b37a720096c521362f.json
SKIP (exists): content/real/es/c1/018/.DS_Store
SKIP (exists): content/real/es/c1/018/images/578e90d486eece6b0e02c3c8fd1da59f9b314c2bcde5cb1260dc6ff15626358d.png
SKIP (exists): content/real/es/c1/018/audio/288db571739775a087981628437b6a3d4a70291bb84dae63fe8271b4cc917328.wav
SKIP (exists): content/real/es/c1/018/data/d46effcce927c6e3323f180509d1416fcace5e621756f8a6b4bcd70e81c1835a.json
SKIP (exists): content/real/es/c1/011/.DS_Store
SKIP (exists): content/real/es/c1/011/images/1dbeb269e129c6a932f4c8acf9167c24ede2e69642f5d52b110d72207d9697d4.png
SKIP (exists): content/real/es/c1/011/audio/ed520aaab233706eae7a8d8d38ce4ae08b04d9f077caef000f21031a31e3bf8e.wav
SKIP (exists): content/real/es/c1/011/data/82adf5edab08004cd8b962c47bfef331d9d0f1295c36907db49e68db796bb7ea.json
SKIP (exists): content/real/es/c1/016/.DS_Store
SKIP (exists): content/real/es/c1/016/images/485cc8b57ce67643d28fccf97d77f3d02326261e376fee9475fa30203a0e76b7.png
SKIP (exists): content/real/es/c1/016/audio/f97b85fecacef690cce27fef74e02cf2f84dfe28ae9cfc0d5be8fae5dfbc7ddd.wav
SKIP (exists): content/real/es/c1/016/data/8701daea41e0237f2449640cb467207d48a7fe308066d8b11f1c47aa8cc5fd72.json
SKIP (exists): content/real/es/c1/017/.DS_Store
SKIP (exists): content/real/es/c1/017/images/65e8a71c516ed546cf35b2b76b2f02909af2f83541cbacb18688b8eb792960ec.png
SKIP (exists): content/real/es/c1/017/audio/3f612fa6476d0aa87cd7d7330236e1c74e1209f3b6903cca53ca352ca06d9f09.wav
SKIP (exists): content/real/es/c1/017/data/aa2ecb2b7a73fc8ff1cfe4d007c0900565eaa4e23277869fc10e56f7e45a10be.json
SKIP (exists): content/real/es/c1/010/.DS_Store
SKIP (exists): content/real/es/c1/010/images/3c45313e173e03ef962ab40bcd6bebd76f5286d67b3493bb6b03b8ce09326058.png
SKIP (exists): content/real/es/c1/010/audio/57043f7398a391ecf5771602ab3944336d61ef3c5086dd1a73a2a91f5e36b46e.wav
SKIP (exists): content/real/es/c1/010/data/e773ca14d517ad05504c65239ad6b066991058d8a0a739ee32a1b830747b8699.json
SKIP (exists): content/real/es/c1/019/.DS_Store
SKIP (exists): content/real/es/c1/019/images/18ca9d037ff5e4d424c3f7b3cab8f08f6f7bd391ae328a83129aa3443ebddef0.png
SKIP (exists): content/real/es/c1/019/audio/bccdda6d8228777b2b6aa5319966a36d75f7a7a7117cd0640f10e16b4aa2d165.wav
SKIP (exists): content/real/es/c1/019/data/57b725d0b0272a639c7c4aec9c1491f0f19025bcac010ef44822efbb4b5e7fb7.json
SKIP (exists): content/real/es/c1/003/.DS_Store
SKIP (exists): content/real/es/c1/003/images/14cd4d3e7da697daa1436f1477843605a4834cf0286b68a046cd0aa4acd19d11.png
SKIP (exists): content/real/es/c1/003/audio/21bdcd7722ffcd615fa488ec7c0c614fc0090c8925855b288de256133771fa37.wav
SKIP (exists): content/real/es/c1/003/data/c0aa662d4172ebb4adfe0e7219a611b90d75798ca7a6b5c1ca012ccce261e287.json
SKIP (exists): content/real/es/c1/004/.DS_Store
SKIP (exists): content/real/es/c1/004/images/9913a160352247e0af004b3c4fe0486dd84812855a78143b2e8fd52dc69fe88f.png
SKIP (exists): content/real/es/c1/004/audio/eabc9536ec069f0aee9b4e580a7cb9cdf30ab56f12f7333250cd250fafd9586c.wav
SKIP (exists): content/real/es/c1/004/data/569109fd974c9c01becfaf19c516532c84b36018f23c04fab03f5d3c07bd90a5.json
SKIP (exists): content/real/es/c1/005/.DS_Store
SKIP (exists): content/real/es/c1/005/images/45cf17b3182280f01cc3a9b6e65394849b4509202c1d05b1bace4d0f43a25dc6.png
SKIP (exists): content/real/es/c1/005/audio/c522d1b1adcbc1ce51951b645da7bb3e877f3f13b7cca767dfe52184f2bbd9c5.wav
SKIP (exists): content/real/es/c1/005/data/c0e13677b8000c85e620d54a475d65f31c5aa4f1a5d11502578d20cd89183c1e.json
SKIP (exists): content/real/es/c1/002/.DS_Store
SKIP (exists): content/real/es/c1/002/images/75974b80497da301952b2c9e3aed1be23fdcd3c5832e7d2aff4228cadf3c4eaf.png
SKIP (exists): content/real/es/c1/002/audio/f9380b586c353f233c17717aebcee6777b5d9c0b31032e4be73a52f4cf491e79.wav
SKIP (exists): content/real/es/c1/002/data/bd46d12b8e8015d2f8bec26141422cdd612c83b7e59265b68e43bfee1c979191.json
SKIP (exists): content/real/es/b1/015/.DS_Store
SKIP (exists): content/real/es/b1/015/images/46b415c18630072eb6167337aed64386924509eba43e02eea2ba0cf8e3a5bbeb.png
SKIP (exists): content/real/es/b1/015/audio/3bf72a93fa288ecd405c1871d6737a2d19ca80b8197da5ff7cdeda4f6a4151a8.wav
SKIP (exists): content/real/es/b1/015/data/c56f105ad3b3eedcefc1d1892281d4d2d6262257c6bc6562edc9cf42878cf51e.json
SKIP (exists): content/real/es/b1/.DS_Store
SKIP (exists): content/real/es/b1/012/.DS_Store
SKIP (exists): content/real/es/b1/012/images/45cb2953db1b8704bda38b245438dcede59fbc69aa06724c43ea29fcd3dfb28b.png
SKIP (exists): content/real/es/b1/012/audio/18d93a5a89ce032b6e60fe6e449772c43d79172a0ddb94b481742cd3b3ba87b7.wav
SKIP (exists): content/real/es/b1/012/data/54234406a8833e30b77185b2d3682abcbcfd18dddfccfe65e4a71e0f4bfef1c3.json
SKIP (exists): content/real/es/b1/013/.DS_Store
SKIP (exists): content/real/es/b1/013/images/24e2845f9c24e9d1072b7fce995cb26f5ede82bd80000acef04d94eb565f5c53.png
SKIP (exists): content/real/es/b1/013/audio/3e452ea4ed41ee82621d35f043fa04196616a98db9027ab9feca67da691a1972.wav
SKIP (exists): content/real/es/b1/013/data/9a265d799298ed8db2af6013cbae396bc775bda2108bbef7cb5705f68a6d7648.json
SKIP (exists): content/real/es/b1/014/.DS_Store
SKIP (exists): content/real/es/b1/014/images/233f59697f6a858eda58434fa06290671f4a1d43e31952f04cbb8835edcbafe0.png
SKIP (exists): content/real/es/b1/014/audio/f2faef0ea38784696f4b2a520dbe7cfaf46cee4e819ca395cba8107501519c9d.wav
SKIP (exists): content/real/es/b1/014/data/02e00c14f187885e8c066b0ad8c8baa23925ef4e294cb80a07892a7cb32f7e8a.json
SKIP (exists): content/real/es/b1/007/.DS_Store
SKIP (exists): content/real/es/b1/007/images/1a16f352bcf69eb66f971ed724a4c5c838f906b9604f25200a75e85f94959a3f.png
SKIP (exists): content/real/es/b1/007/audio/363c5949996265121a74087ceb30ee3b680d28d43339ab3eb2244c27ccf8cf73.wav
SKIP (exists): content/real/es/b1/007/data/252a07aed9cb4f74301e2b54da1a56b101a0531e42624a5f74e308e53d8a998f.json
SKIP (exists): content/real/es/b1/009/.DS_Store
SKIP (exists): content/real/es/b1/009/images/88f1d75054edea560e7f98fea48a1f1ce5cb16690c21c8e48493af0a42332b47.png
SKIP (exists): content/real/es/b1/009/audio/f0e0a0abd681348a077072991dab34381ef179ebde6ef0e113613e4312e0ef2d.wav
SKIP (exists): content/real/es/b1/009/data/66a94e6437172ebf03bc97a7d2b0c028c1cb7b9f09e227832cc0a0630cf0366d.json
SKIP (exists): content/real/es/b1/008/.DS_Store
SKIP (exists): content/real/es/b1/008/images/a7fd87ce56aab298b95bbf0747a0dc6e32361ec3965696331979ca2fa834bc9c.png
SKIP (exists): content/real/es/b1/008/audio/3ab393fd97c642a2ad1af2fca9983d6df2f323d66e7266da56cc6f6e38db43c4.wav
SKIP (exists): content/real/es/b1/008/data/cef1457b75ec449065f8a67bc2d0acf19ef368d632ce6b83374abc126f112a50.json
SKIP (exists): content/real/es/b1/001/.DS_Store
SKIP (exists): content/real/es/b1/001/images/1b728a0b5347f284b04e58256092439a586ab072bc44adcd7431b6fb19b5b458.png
SKIP (exists): content/real/es/b1/001/audio/5aa4d3c1cea5176946db74a2721592e8661b94a130951ae8dd83abeceb75f26e.wav
SKIP (exists): content/real/es/b1/001/data/f901f01b4d1c9004acaccfebadb42a68164745c598f7203e5ea9aca78ad773e6.json
SKIP (exists): content/real/es/b1/006/.DS_Store
SKIP (exists): content/real/es/b1/006/images/9b5798da31393afe3fdc99b443192e6ddf615f37c369794d188999fb64bc5c09.png
SKIP (exists): content/real/es/b1/006/audio/4df337fc4750e8db7eb0db2cb6d6aa28cd05084f70a3d223f3f7b8626aceabcb.wav
SKIP (exists): content/real/es/b1/006/data/731e02c4237822a0fce40ddc9b1f17acff908acc469423f3ed51c424b8442b0e.json
SKIP (exists): content/real/es/b1/020/.DS_Store
SKIP (exists): content/real/es/b1/020/images/ba8a1ee0d0982ce1c57d6d36406e822d587ddffb00f1c0414f2f8941351f293c.png
SKIP (exists): content/real/es/b1/020/audio/fc23e1332ee45a49c5f555be8aec2fdc4c5c93866e17b2a9faacdd0fc281c426.wav
SKIP (exists): content/real/es/b1/020/data/22373c85437c067d21625febc4315ba583e27a418ea6ee858973d3355094af49.json
SKIP (exists): content/real/es/b1/018/.DS_Store
SKIP (exists): content/real/es/b1/018/images/d4a5f3769810fabef1109690ffac0da4c828f93900e7d45f98cc15569ea1f994.png
SKIP (exists): content/real/es/b1/018/audio/0e3780529e0a3a61a319f64ff31fd65392e16371acfb408b7ca63190c6a3afa0.wav
SKIP (exists): content/real/es/b1/018/data/8f6b4be099f9c4f37c927a133ff8d71e97a11613c49d09121da8b1556d2e78cf.json
SKIP (exists): content/real/es/b1/011/.DS_Store
SKIP (exists): content/real/es/b1/011/images/efaaef9849386b8890309079a0c94b8e673c133452f4185ccb5e88e8d95b752d.png
SKIP (exists): content/real/es/b1/011/audio/7a2c7bb71efe2aadcc9ceb32a1566ff38e88cea58b612e8e197721274e5a6d44.wav
SKIP (exists): content/real/es/b1/011/data/66719965b434ff7b59e12522802eebd9acc49f6ff0b124beab8c6a4db65c2ae9.json
SKIP (exists): content/real/es/b1/016/.DS_Store
SKIP (exists): content/real/es/b1/016/images/53e0ee7b4f7e7bfe816fe27c887ae888660a8d291a83b04327860f148fe80f4b.png
SKIP (exists): content/real/es/b1/016/audio/6ac217c2bf28cc85445f4d24569a56ab06eae916734ec0cb8e27f5cfe01abc4d.wav
SKIP (exists): content/real/es/b1/016/data/efa7b09d3bbdc9a0f922ae7cef6b52d506ccd18ecfcfcda56cfcf8f2c6d9a45d.json
SKIP (exists): content/real/es/b1/017/.DS_Store
SKIP (exists): content/real/es/b1/017/images/8126989c72a51b781fbdfe959fb92b9ba4a92cd8a2e501a7be476ceb260ce119.png
SKIP (exists): content/real/es/b1/017/audio/0d6da1b2e67c13a55677fe0bba5883ef075ea9a08ce09d076070feadf14df7a6.wav
SKIP (exists): content/real/es/b1/017/data/3c03cb04462a9aa3a5280b2b9905b448eb0a0901437d75d93ffb7cef004228a4.json
SKIP (exists): content/real/es/b1/010/.DS_Store
SKIP (exists): content/real/es/b1/010/images/d9079710b9378fd54c97a6135b438eb31672976b6fe05553be7586b188cee2ab.png
SKIP (exists): content/real/es/b1/010/audio/0105a49de1fda6657d5dc34e2cf5b3652e15ad5a1c0883b6f7807338f3ff186f.wav
SKIP (exists): content/real/es/b1/010/data/9dcfb216538e9b4e99d4792536b90a768e738715cdf359699d05594317ffaaaa.json
SKIP (exists): content/real/es/b1/019/.DS_Store
SKIP (exists): content/real/es/b1/019/images/b215e3c6616946457207932dec99a372635971ba211669fe9868f1307b0b3d84.png
SKIP (exists): content/real/es/b1/019/audio/a7daf5c520623e2c02feebdc1ee350ba9239cc11c6d40c259a4d83840e2fc534.wav
SKIP (exists): content/real/es/b1/019/data/5b23929f7fa6cb7520ab0c42fe294dfbf0122e4b5b4d0383a59248eebb801490.json
SKIP (exists): content/real/es/b1/003/.DS_Store
SKIP (exists): content/real/es/b1/003/images/f7f1ccd5ad9c2b5bcf5c4cb651cee790754a53b0ab6fbab6cc7e14943231cef4.png
SKIP (exists): content/real/es/b1/003/audio/8e6714cef02a33a1988a6ac54f2b96a4c42c4fbf87279b7f8833fb789ba58513.wav
SKIP (exists): content/real/es/b1/003/data/fb900ee74c0c91223e6a440fa4c844d33544ccfa0c660fb665ccca5f514003da.json
SKIP (exists): content/real/es/b1/004/.DS_Store
SKIP (exists): content/real/es/b1/004/images/e0e5756ccc1134bf460bd5b9835f52e770e92fe7a49b50f9bc8574aca39e026b.png
SKIP (exists): content/real/es/b1/004/audio/27bdedde5d482ebaac21ade86eed0c7aa922eaa5b2462ff3cd7656bfe35dee5a.wav
SKIP (exists): content/real/es/b1/004/data/71ac26e7c9db14e5200d95babf09e2c9a6aba78eb985195338c75d37aa368bf5.json
SKIP (exists): content/real/es/b1/005/.DS_Store
SKIP (exists): content/real/es/b1/005/images/4d829b88f85b363bf945c64bfea46da3cdb59ecfdff559a29b50fb35d9e2775f.png
SKIP (exists): content/real/es/b1/005/audio/cfb113d68e11663bfe5950d767c97422246bbe7b29901b6d121f4fd7c2654dc1.wav
SKIP (exists): content/real/es/b1/005/data/116ce6d0dbb27ab67e643e27867e541bc11eaed4e88fae49ce61d7b293be8ecf.json
SKIP (exists): content/real/es/b1/002/.DS_Store
SKIP (exists): content/real/es/b1/002/images/2ac3db4028785a7a7122de0b01fddd50e6363a8edcadc9c5ad3904da106b7461.png
SKIP (exists): content/real/es/b1/002/audio/6b007c48461e48cc2d9f2f2ae94ef78b41acbba0398e22376a0af9155d5ce156.wav
SKIP (exists): content/real/es/b1/002/data/eb61a44e1663fe5c845caee4c0f10e348c4aef53942e5d5ea99e15f56a36a9e0.json
SKIP (exists): content/real/es/a1/015/.DS_Store
SKIP (exists): content/real/es/a1/015/images/015.png
SKIP (exists): content/real/es/a1/015/images/c42f2fa922aa77e3dc5a9adc87561dbc32cee4b9573e414c5887e23fa0e9a913.png
SKIP (exists): content/real/es/a1/015/audio/db60ad3f5bbf7b3ba36a2c979224afc1ca2ee95e0b8ee19d73ab181827ed3ab9.wav
SKIP (exists): content/real/es/a1/015/data/174a9b315e3e561b7c02c54f4ffb10c41d90e7683988c2c91b6a2c3f03fc1a67.json
SKIP (exists): content/real/es/a1/.DS_Store
SKIP (exists): content/real/es/a1/012/.DS_Store
SKIP (exists): content/real/es/a1/012/images/012.png
SKIP (exists): content/real/es/a1/012/images/5b83a3578f33d675562887c1a5ba12259e7d4551067ce0668e2a9cff8c0e7e47.png
SKIP (exists): content/real/es/a1/012/audio/f4a47eb8e2248e5f162111055977a6ca51ad4f42a0192b518484ceecbd197274.wav
SKIP (exists): content/real/es/a1/012/data/96ebee62ea04b5b35023ada218c22d1e5a47e64442465fc1e3c34ceafba2b2c9.json
SKIP (exists): content/real/es/a1/013/.DS_Store
SKIP (exists): content/real/es/a1/013/images/013.png
SKIP (exists): content/real/es/a1/013/images/784a04b1decc9fd3d87ddaf287c64f07140330b343ce49ffae5046e4f554c3c2.png
SKIP (exists): content/real/es/a1/013/audio/657a805de72e62e5e1c00b58b08f1d82ed15714ccbde0974f9299e6cbd87d2af.wav
SKIP (exists): content/real/es/a1/013/data/f08330f6c84ccbdb903476d74e4d13604bb817be91cbde383cf8087018ca92c4.json
SKIP (exists): content/real/es/a1/014/.DS_Store
SKIP (exists): content/real/es/a1/014/images/014.png
SKIP (exists): content/real/es/a1/014/images/2a60a10b24aad4a1ca0cb7d657237251640e211938e59af0b2aee1c9faf5034b.png
SKIP (exists): content/real/es/a1/014/audio/8b59e83044993199d009328dc0f97955454f5321f1f6617469d68d82f11e3a47.wav
SKIP (exists): content/real/es/a1/014/data/52ed698002cc675fb57f1d120a106f23b52db1c812790227f94d6a63654adf67.json
SKIP (exists): content/real/es/a1/007/.DS_Store
SKIP (exists): content/real/es/a1/007/images/93d8966c26c3d64dc8c0e767f84ca8c5815e13d936c68222cfeb52fc53b60a5d.png
SKIP (exists): content/real/es/a1/007/images/007.png
SKIP (exists): content/real/es/a1/007/audio/b36c3204a2219b8df50247f7dacbb34a1f40813b714653eca24751fdd03b33c1.wav
SKIP (exists): content/real/es/a1/007/data/41eb51fd9c55f578635ee3b14725c3fd5dde76b184a23cf360fd258a5be28ca2.json
SKIP (exists): content/real/es/a1/009/.DS_Store
SKIP (exists): content/real/es/a1/009/images/5ffc2f743350ad793d0322b7ba464d24541eff7fc8111b409a602fc967bec0f4.png
SKIP (exists): content/real/es/a1/009/images/009.png
SKIP (exists): content/real/es/a1/009/audio/75c57f06bbe44b2b0a18667e14cdf9f7d98f75b029312b3d3e67c09599ead15a.wav
SKIP (exists): content/real/es/a1/009/data/92a268b6c8acbbab94fc2b7dd653e60b840a97d6026568d415531aecb30b5605.json
SKIP (exists): content/real/es/a1/008/.DS_Store
SKIP (exists): content/real/es/a1/008/images/008.png
SKIP (exists): content/real/es/a1/008/images/9770329906665fc67bd4f7af9861079a83075342b10d325bb805f58808d22a7d.png
SKIP (exists): content/real/es/a1/008/audio/7493acaf79537ef2c7e96d2892d145702384cbbda3e400cc6a431162889c6ad6.wav
SKIP (exists): content/real/es/a1/008/data/eb915c18d861f7247c11c9ff08cbd0865178c8dd0cb62a3f22f2d5477d9c396d.json
SKIP (exists): content/real/es/a1/001/.DS_Store
SKIP (exists): content/real/es/a1/001/images/001.png
SKIP (exists): content/real/es/a1/001/images/dcfc4de9cfdbd7fa9765b9142dab6ff034c2a66578835bd17655b56481acd836.png
SKIP (exists): content/real/es/a1/001/audio/042d2050d99903b1d6020374de0a4782f1d904522e76e60dd1588223db9f0454.wav
SKIP (exists): content/real/es/a1/001/data/4906be159b084144a2ce58d2203187608da28d3fa37f8c20646f0b8777904955.json
SKIP (exists): content/real/es/a1/006/.DS_Store
SKIP (exists): content/real/es/a1/006/images/006.png
SKIP (exists): content/real/es/a1/006/images/4181fb53115942a97034391d757cbc2f889a5a7ea70278375a3741a89ee87119.png
SKIP (exists): content/real/es/a1/006/audio/cefb32c60f3e29266981be65fad9db9ccad6582b8e0efdc84ac8814f3b8d56f1.wav
SKIP (exists): content/real/es/a1/006/data/c56b56fc4f34a6fbaa6af5040e9a2b864a345293b4cfb1ff810f004a979c432f.json
SKIP (exists): content/real/es/a1/020/.DS_Store
SKIP (exists): content/real/es/a1/020/images/020.png
SKIP (exists): content/real/es/a1/020/images/0c4e0234eb1019b872f671fbc2bb3ffdc5e232915e31d4075235688aca73abc4.png
SKIP (exists): content/real/es/a1/020/audio/90d82964bba5a0fd1b987648d849786408f813351f48496c203640881c02aa80.wav
SKIP (exists): content/real/es/a1/020/data/7f8e5104548459515d34ce57f1ce9f222652944cd3001148cf74305a447afb13.json
SKIP (exists): content/real/es/a1/018/.DS_Store
SKIP (exists): content/real/es/a1/018/images/f434bd679657a4498e0512ea2e7023911457d3b30027d868b6d756a8eac37af0.png
SKIP (exists): content/real/es/a1/018/images/018.png
SKIP (exists): content/real/es/a1/018/audio/75a8bafa00612e9f140dc863ce1841dce5db4fca8efab4cc82939e1fcee73453.wav
SKIP (exists): content/real/es/a1/018/data/3d8ce23a772a142e7fe484022ef5887e6ad89920a6a5054bafe2ce7837644363.json
SKIP (exists): content/real/es/a1/011/.DS_Store
SKIP (exists): content/real/es/a1/011/images/011.png
SKIP (exists): content/real/es/a1/011/images/812810ecf5436fb54bd6d3534929da3774c77048e13a5f3a47df45e19cb6731d.png
SKIP (exists): content/real/es/a1/011/audio/6d4eff7a0e39c85a4367adb2c740977b160ed0d6f2409c4dac84e66edf17941a.wav
SKIP (exists): content/real/es/a1/011/data/81c09fdec139fc2e5600bc4989b8f5faa8feeb78796c4bd56793723f308fc845.json
SKIP (exists): content/real/es/a1/016/.DS_Store
SKIP (exists): content/real/es/a1/016/images/016.png
SKIP (exists): content/real/es/a1/016/images/f5354d370c4a42f45324fa6a122bfb55568694e6f13633fdfb2b217a580d3074.png
SKIP (exists): content/real/es/a1/016/audio/f6f123a08990b2f76b936f3048d2ce16e024b5052e5142c8d82b7b1ef4be2951.wav
SKIP (exists): content/real/es/a1/016/data/534135e56aefd4db9306acf68ec46b51a6e8296ed57f600217cd5d422e38727e.json
SKIP (exists): content/real/es/a1/017/.DS_Store
SKIP (exists): content/real/es/a1/017/images/017.png
SKIP (exists): content/real/es/a1/017/images/0b72e9963aa9c4c4b737e4093c113d04f486050973ada5ada9db88497a638e1d.png
SKIP (exists): content/real/es/a1/017/audio/e15e118dcfe9f7e7bc204946a7c4273b43c41a9b70bea3c8f91f73d331214200.wav
SKIP (exists): content/real/es/a1/017/data/bcee1067e0db8ca64f789f512f3b219dea2e0fc359c6f5d5374cab004e968ec2.json
SKIP (exists): content/real/es/a1/010/.DS_Store
SKIP (exists): content/real/es/a1/010/images/010.png
SKIP (exists): content/real/es/a1/010/images/020beae9241d8e905e6aa109180208fbb6a8b3a0c3d84975b674a6b23983590a.png
SKIP (exists): content/real/es/a1/010/audio/618f3e731bdac0da0e9cad9ef595648f50b28d78550217a53dd70cd6d565874e.wav
SKIP (exists): content/real/es/a1/010/data/90098c6c62eea2b28feb492845c5044694d6461c2af679599f56ff3efbcca1c3.json
SKIP (exists): content/real/es/a1/019/.DS_Store
SKIP (exists): content/real/es/a1/019/images/ac1b96f2775df985809c6b46fe4f0d7b753859b2c42541c160e1f27ccf9021e2.png
SKIP (exists): content/real/es/a1/019/images/019.png
SKIP (exists): content/real/es/a1/019/audio/863179a8c8a958d090388a87b5a124850cc2174297592b8ff5a190c64aefec6e.wav
SKIP (exists): content/real/es/a1/019/data/d6b51564fdb35c321e08e70b65f858a34ca1884ace37abfd03ed4ccd4db4cfee.json
SKIP (exists): content/real/es/a1/003/.DS_Store
SKIP (exists): content/real/es/a1/003/images/003.png
SKIP (exists): content/real/es/a1/003/images/3d6fa300c9228a1e0693b9b0ff4de84f0cf441b37d2e5353835ae38eec936b0a.png
SKIP (exists): content/real/es/a1/003/audio/b1e6ac148db4ca2e05bb4daa18d97409cef8c972c4f9eece81c7cab319691e82.wav
SKIP (exists): content/real/es/a1/003/data/9175d4831cdb8bdef8bcbff7838ac55f4597e793a0d0060481769852a8bc8e83.json
SKIP (exists): content/real/es/a1/004/.DS_Store
SKIP (exists): content/real/es/a1/004/images/004.png
SKIP (exists): content/real/es/a1/004/images/60b8ba2b650e09d1857f57bedc85ac72b0acc0d986403f710879011b163b0fba.png
SKIP (exists): content/real/es/a1/004/audio/4f4ab8801e8674bdb63575d42d67498f55e114b95d89bcda6df1f039f73b6f80.wav
SKIP (exists): content/real/es/a1/004/data/8fb0ad6996ec199eeeba46e35e3c82a84f6297ef38b642815564e25002574878.json
SKIP (exists): content/real/es/a1/005/.DS_Store
SKIP (exists): content/real/es/a1/005/images/005.png
SKIP (exists): content/real/es/a1/005/images/f3603b5385a2b65fcf12e234fd0f84e3e1e6fae8bce8139c7e370be91d66ab28.png
SKIP (exists): content/real/es/a1/005/audio/c2d011ec99dd5705e940f35e1352e94098ac03327c65b4e24ca4017101fc4d24.wav
SKIP (exists): content/real/es/a1/005/data/1c3da00155dc54958f157e55002dcf259657695db110b97823c65d95ee18a0f2.json
SKIP (exists): content/real/es/a1/002/.DS_Store
SKIP (exists): content/real/es/a1/002/images/002.png
SKIP (exists): content/real/es/a1/002/images/825ec903af31b557c55181bb84e5a805dcaf37b5857511d402ebc77592ca2448.png
SKIP (exists): content/real/es/a1/002/audio/db173b7bae1675a2d6ce11c9474596323d12b467a62b2e729df7014dbf018542.wav
SKIP (exists): content/real/es/a1/002/data/02a4d537a10f208cab528b78dfcf459ea73c10b355a709eeda399bb853557a84.json
SKIP (exists): content/real/es/c2/015/.DS_Store
SKIP (exists): content/real/es/c2/015/images/5c3d3f1d0d8f77d92ebdcbdd16a84b24da19cb77ba63b945b381ac752324de6c.png
SKIP (exists): content/real/es/c2/015/audio/13cc70f0b4f2775ac75092af95b1cb6785e2ee645103881469a1e1c0f06e32ad.wav
SKIP (exists): content/real/es/c2/015/data/c7b4f4b2e50b6e4efce7b074118791dfc6171742b864c5280467ae6c41d3714d.json
SKIP (exists): content/real/es/c2/.DS_Store
SKIP (exists): content/real/es/c2/012/.DS_Store
SKIP (exists): content/real/es/c2/012/images/fe3a53b24e92b03f8c9f7952f1da82641d042bf72bac8fd4d60b0a3cfe4f0552.png
SKIP (exists): content/real/es/c2/012/audio/d52cdc7849c04920168d3c37e091fe439535b6f4d37bdda9455052aadb50e8c0.wav
SKIP (exists): content/real/es/c2/012/data/660a28db82a6ef507d5e6145dbf2e07f36cd5b991fc8f7a6a9a166c61c21b5a6.json
SKIP (exists): content/real/es/c2/013/.DS_Store
SKIP (exists): content/real/es/c2/013/images/9245c83f376a36ba4f1df15bfcd6525515bf261db12622420b877490c26ce39a.png
SKIP (exists): content/real/es/c2/013/audio/ec5afe951313a6ca0535e421987ffc9e2c9f87c6adfd8b1a98c0465d16028eed.wav
SKIP (exists): content/real/es/c2/013/data/12f47eb23d2326901d5e335df8cb14c0bbee86662504cdba025fd42e21294353.json
SKIP (exists): content/real/es/c2/014/.DS_Store
SKIP (exists): content/real/es/c2/014/images/a3a2eb88843b637d671331aa72aec9da6691f9265c256493ef63fe7b7fcf7fa0.png
SKIP (exists): content/real/es/c2/014/audio/9b3b5231e881e71127766334e1daed93eba40367c38019b07be4bee46aeacca7.wav
SKIP (exists): content/real/es/c2/014/data/11739ff18c6049476e0d54deedf9e034cf1b6d4906fb1546c5557412c0701af4.json
SKIP (exists): content/real/es/c2/007/.DS_Store
SKIP (exists): content/real/es/c2/007/images/73fe9e7b0f55ae46e89fe4f8a3a876cd250c7fab959f01ad75d4af0392c13a5b.png
SKIP (exists): content/real/es/c2/007/audio/d10cd7234770f4cfd67ba236fe82ac6363a64759b7552d0cb074a743818aecd5.wav
SKIP (exists): content/real/es/c2/007/data/94ee964db8be1d735d2397bcf7e114a6cd5afd8b7b48026d18615ccca78e5862.json
SKIP (exists): content/real/es/c2/009/.DS_Store
SKIP (exists): content/real/es/c2/009/images/d19f8345ec136cafd47531a634a4f313858ca00f9504964753f15dafe8914d41.png
SKIP (exists): content/real/es/c2/009/audio/8e3cd4f8114b3f34dc7a398407c742da8db38e92e3d3b8a9459f43e8c6adadcf.wav
SKIP (exists): content/real/es/c2/009/data/483871b77b4cbded846791ae868a0acae5108cad06cee443ce0f7619f2cd0909.json
SKIP (exists): content/real/es/c2/008/.DS_Store
SKIP (exists): content/real/es/c2/008/images/3cb4c265655baa592e3a1f9af74bd5f909c6eec1d2ffcfd57948b39de4d7c3b2.png
SKIP (exists): content/real/es/c2/008/audio/49d190ef594b6363005184d88953f5e3cfab4a30f56d5513a9ae1f5009e8f72e.wav
SKIP (exists): content/real/es/c2/008/data/344b77161f8b3920bc42c95b0b1aac489ed719af90e74038e519625d10e603c5.json
SKIP (exists): content/real/es/c2/001/.DS_Store
SKIP (exists): content/real/es/c2/001/images/9ba28af02fdd408a832062609ea166746b8c4f9eb37e6c4ff49f8a6c5dc81714.png
SKIP (exists): content/real/es/c2/001/audio/d2abf8fb60516d4c38fe557530b8f39c068abf6d4e32cbbdae5c33131bc10aef.wav
SKIP (exists): content/real/es/c2/001/data/9f24ffc575fb6f162b9aeb0f95e8c9257f910ebbdd21d92e5ed6f2e8e39a272b.json
SKIP (exists): content/real/es/c2/006/.DS_Store
SKIP (exists): content/real/es/c2/006/images/7dab63d4f0187b995efc3c8e4650fae2d86f952a3155113c8cc6dec0221e87fe.png
SKIP (exists): content/real/es/c2/006/audio/218caeb7e4b69c63c88b5d4d59069d0c7fb8646a1a28fd32af004e9193a4b3f1.wav
SKIP (exists): content/real/es/c2/006/data/64af8b08ad2a1310b5ab73c7f0710ce1747963ae0e1964f084d6e284031f3927.json
SKIP (exists): content/real/es/c2/020/.DS_Store
SKIP (exists): content/real/es/c2/020/images/0a55f1946f2427a0c9a90258576f0587f2a229967bbc7396c3fc03d6d4ab94ba.png
SKIP (exists): content/real/es/c2/020/audio/3823ba52e3c6f999106ff8b5cffdefdc05006ac8e8b20dd1b41077a74331ca29.wav
SKIP (exists): content/real/es/c2/020/data/8632e52910babec4843fcc1a0cf9b4d09d36abd4dcf52cc4750f4e8a620c90a3.json
SKIP (exists): content/real/es/c2/018/.DS_Store
SKIP (exists): content/real/es/c2/018/images/4c680c403fd44cd064a3ef9f19275d06c8de8bf80e9b7a30fd0fe6a21c0f0558.png
SKIP (exists): content/real/es/c2/018/audio/c60d3122d15509b0b8f19bdfe657c9b5a2e0966eae7d9aae57ff8ea87457b65e.wav
SKIP (exists): content/real/es/c2/018/data/61be7262f28176d3dc1f12f69cd1d2d66f8250dccc760b746e1a8c887f33a525.json
SKIP (exists): content/real/es/c2/011/.DS_Store
SKIP (exists): content/real/es/c2/011/images/5e8b0691c12593d0212bb16602793000a7578eaf9dcc98bc55410ff14f85797c.png
SKIP (exists): content/real/es/c2/011/audio/4097451ce73f15e09e4b62ddbc829216ee12173e2a4d417cdc8e195d0cd411d7.wav
SKIP (exists): content/real/es/c2/011/data/d64eebff207cab21294636402f351515f9e55b039db08ff452b64f674dcc0732.json
SKIP (exists): content/real/es/c2/016/.DS_Store
SKIP (exists): content/real/es/c2/016/images/cf6b6f2bbd1fb85f360504351d48da0e8019e28140eb184babf8be759e2f536b.png
SKIP (exists): content/real/es/c2/016/audio/d5f5d838ea418539bf0595ae82029fb72d9a2bc6dc8da0a37589118466a0b347.wav
SKIP (exists): content/real/es/c2/016/data/7b337b078ca1e86a6e4dc3992d5e109f5f2311f47ab4a2de06ddbfaa5cd6f15c.json
SKIP (exists): content/real/es/c2/017/.DS_Store
SKIP (exists): content/real/es/c2/017/images/679f4fabf3ae86ba7b887802725b2a8f80e492fdfb2505755dccb0722a76a033.png
SKIP (exists): content/real/es/c2/017/audio/77ecf07fb907b2e158ac24fae60772c2f1a91d0f8609d15f5c1316435f81912f.wav
SKIP (exists): content/real/es/c2/017/data/c81ac68de6eb5d0ba5ce3b3545f4c7e6f1bf906259db8065728544bc79359a43.json
SKIP (exists): content/real/es/c2/010/.DS_Store
SKIP (exists): content/real/es/c2/010/images/3876ed4d204407c24136b03e39f89d0b3908bffbcadb876dba5268d8989666a3.png
SKIP (exists): content/real/es/c2/010/audio/622a5c2581e5136650411413821c8786ecd19e566cadbedfb04b93ec11552441.wav
SKIP (exists): content/real/es/c2/010/data/bc8f3fb1ca594bc4ed2ff50bad4f81fb3c1a2af45fb4e3688f3ded1d083803ed.json
SKIP (exists): content/real/es/c2/019/.DS_Store
SKIP (exists): content/real/es/c2/019/images/44bcac4c1c95c6f983e979e6d5789241da0c1e0dffc51a427bcaad82ec1f3091.png
SKIP (exists): content/real/es/c2/019/audio/90dd8dad4f03c58271ac9754f2ce234d9260fe821a5ea73c34a771d7d9966549.wav
SKIP (exists): content/real/es/c2/019/data/d5492054bf20638e95346209e8b94d2b633875340fa5a864a00eb072a84d717e.json
SKIP (exists): content/real/es/c2/003/.DS_Store
SKIP (exists): content/real/es/c2/003/images/1b2dba91f6125dd1f4bc7ffed77cc23ddf24a243a8884872438bff8bed32eb17.png
SKIP (exists): content/real/es/c2/003/audio/4d31d2a876d46357cc838f1742150648e91b8f13a69658c2c5b272e10445335d.wav
SKIP (exists): content/real/es/c2/003/data/e60f1557c3e9bb8d9c6faa2b4e7db20d8b3a3cc6d286425c717abb0fc84f9504.json
SKIP (exists): content/real/es/c2/004/.DS_Store
SKIP (exists): content/real/es/c2/004/images/047127e049f2cf415281be7a8f1c23cbe6cbc55326270d439122ac18d858943e.png
SKIP (exists): content/real/es/c2/004/audio/59ed1c9c7a91728541704676f3cc0f831d7c498f0b74e768cbc1058a2dff883b.wav
SKIP (exists): content/real/es/c2/004/data/e697be87bfb937c03b68866fe7d5da3e1fe4d8e5e342ccc54a23265aec24ea7e.json
SKIP (exists): content/real/es/c2/005/.DS_Store
SKIP (exists): content/real/es/c2/005/images/65cb3173fba0a9bde476fc65551ea4211bfc50861f567f68a44d3564d340efe1.png
SKIP (exists): content/real/es/c2/005/audio/b746d4288d6caacabb0521929e7c22818964009011a7264fe087f32ab1f15772.wav
SKIP (exists): content/real/es/c2/005/data/a15df6f936d50f1e13712140b27fc7bcb4659eb8601d7f2b6871465576d7e206.json
SKIP (exists): content/real/es/c2/002/.DS_Store
SKIP (exists): content/real/es/c2/002/images/6c67cb984d4dec3b2fd269ac0a8230f18b087e39f9b6d1ce825dbd849b789e78.png
SKIP (exists): content/real/es/c2/002/audio/034e7006b539211584013d61aac774e9199fe556675d52404a8d30d60405a3c0.wav
SKIP (exists): content/real/es/c2/002/data/9c5cda861e230cc3d63c31ec90113e38cd86cc4a24e26236611b09f1d4a2eb47.json
SKIP (exists): content/real/en/.DS_Store
SKIP (exists): content/real/en/b2/015/.DS_Store
SKIP (exists): content/real/en/b2/015/images/b8ffe67275bf8783a85a68fa458cb1f6e65318aad7ba23e584394cb13736bf0d.png
SKIP (exists): content/real/en/b2/015/audio/1644520a91e63391e9f07a3a2bf4b6b8ddd06cf03b0d7b95177ecec467e735b9.wav
SKIP (exists): content/real/en/b2/015/data/87036ad5cd84035ff2e8e46c67532c78aef8728332b15455a5bb59fbbb01cffb.json
SKIP (exists): content/real/en/b2/.DS_Store
SKIP (exists): content/real/en/b2/012/.DS_Store
SKIP (exists): content/real/en/b2/012/images/d09d2a86fe04d9d15cdd041d68386f9c7ae18663f345d46cd37a3139cc7b1e21.png
SKIP (exists): content/real/en/b2/012/audio/2be444f68d42ea92a9c0c398c9873f22a5e34fdc307809b4e9e6772ab33c8551.wav
SKIP (exists): content/real/en/b2/012/data/90aa7fb6249391a24ad713a67cb9a95415df332407f0d5e6c3d65b1b72160799.json
SKIP (exists): content/real/en/b2/013/.DS_Store
SKIP (exists): content/real/en/b2/013/images/e21cb954b1705b086336be6ae149cd01e79222b4ca43403656dfa6baf5c00e02.png
SKIP (exists): content/real/en/b2/013/audio/c50d2add04215cba0ea12ba6b5da6679e70341eadfbc8c4d7d28be1a39ce2504.wav
SKIP (exists): content/real/en/b2/013/data/a2ba75781d348bdb54b76dbb0d1b48ebc6fc289ae2ba2c3655eee5d5cb7a7e1d.json
SKIP (exists): content/real/en/b2/014/.DS_Store
SKIP (exists): content/real/en/b2/014/images/92bf0ad21cd8547ff5ef214073c54a7d487d8b405990827801ec2ee7e6eefe57.png
SKIP (exists): content/real/en/b2/014/audio/571c8c37448c1a5e109ffbf1e268c1cf2406cf38ed2367c3b478dac771453de7.wav
SKIP (exists): content/real/en/b2/014/data/77d5f49f4cef2c6060c9600a80134656d750d72666cfad01139f8c5139dcff82.json
SKIP (exists): content/real/en/b2/007/.DS_Store
SKIP (exists): content/real/en/b2/007/images/e79d030927da3008ddb1b996ece983e679ddb1a169021736cf2c42e555e501ab.png
SKIP (exists): content/real/en/b2/007/audio/4f5f71c9bf40810ce3ae4c0adf67afc5d986a6ce4f6c4a972a7926c6fea63c8e.wav
SKIP (exists): content/real/en/b2/007/data/16e1a878ce48d4bde20355aa3a0d4d5599c39cef51ca1d2cc19ae262009062a3.json
SKIP (exists): content/real/en/b2/009/.DS_Store
SKIP (exists): content/real/en/b2/009/images/2db48a40a5a5407418ee0bd4edfba28ee85f8331cc78838cbe93b11a3b1363a6.png
SKIP (exists): content/real/en/b2/009/audio/1e34aa2e88e6f234307e5a398cf96a3a887281840e8af8356743b4b2b9d41b8d.wav
SKIP (exists): content/real/en/b2/009/data/552c2c73f58ff1e91973f60bfb3774069f518a71657a0851874d29094dbb7d32.json
SKIP (exists): content/real/en/b2/008/.DS_Store
SKIP (exists): content/real/en/b2/008/images/68946d682bea89aa730928099130e87c26be0e1269facead9ea2b904b74b6e49.png
SKIP (exists): content/real/en/b2/008/audio/93015535c24ce542c296da0f20d4bf34e2a25d110a84ab2348bc2b6fccba5c34.wav
SKIP (exists): content/real/en/b2/008/data/c6281fbc905133ccc93e5b00b7933a297fe6287a1e8ba096c80369432c39c0c1.json
SKIP (exists): content/real/en/b2/001/.DS_Store
SKIP (exists): content/real/en/b2/001/images/0c7d0d23ced9ea50595bc7eae6ab634559b524b3380f661b6e63a7daf73cb60c.png
SKIP (exists): content/real/en/b2/001/audio/d52a6051dc7b131fce84f07e1ddf8cae5934543690b1859cb793092cf0b99283.wav
SKIP (exists): content/real/en/b2/001/data/1d814999a81659bd325064f26b0061ede2a975f02caf3a957772a849fcf74c95.json
SKIP (exists): content/real/en/b2/006/.DS_Store
SKIP (exists): content/real/en/b2/006/images/778d49a83c7f4814f0df33b861ea83f8ca424528fc3aaadf8b91f87fe26b4b96.png
SKIP (exists): content/real/en/b2/006/audio/20a7149f1f9499e80d75960c30b12860169f2e29df4d29fd50fc98ec07a622b7.wav
SKIP (exists): content/real/en/b2/006/data/a3b2be2197a026c6e1d831ce123b2c02a0477ac1247defc3437984c12bd10c3c.json
SKIP (exists): content/real/en/b2/020/.DS_Store
SKIP (exists): content/real/en/b2/020/images/1687c45f74ce170c5edff5d268ec68ad8cd000cedafba42b5e189a9995391222.png
SKIP (exists): content/real/en/b2/020/audio/b75f18117931b2fa0f33f9083c7c8800380089b1f6be83b11234b5c966c4ef63.wav
SKIP (exists): content/real/en/b2/020/data/dd7c336fea440877046e08155e5219091bdbbcc04c7f99c4446499779aa789c0.json
SKIP (exists): content/real/en/b2/018/.DS_Store
SKIP (exists): content/real/en/b2/018/images/a7745653a617677e17ed7c9a7b862956ef35a5ec9a491152afbf5fd76c6d2f3b.png
SKIP (exists): content/real/en/b2/018/audio/678ff066a2aed1b03a6b318dce45f7aba5918cf841aab8e6674ad32928256f6b.wav
SKIP (exists): content/real/en/b2/018/data/e8aef969f574d26a678233183c870648ac93be2284fcb4c682a1530452836017.json
SKIP (exists): content/real/en/b2/011/.DS_Store
SKIP (exists): content/real/en/b2/011/images/363268b08f82864f3f4a049413979576381fca2506fc08fe4cbf45998d4c8da0.png
SKIP (exists): content/real/en/b2/011/audio/911c51056341be4f206bf8504579b632fa2e473b7bbd27a80d0cf434b09a1997.wav
SKIP (exists): content/real/en/b2/011/data/dd74eef22a7fa0a79ad0140874870718319976b929944fa7c7dd2c660deab339.json
SKIP (exists): content/real/en/b2/016/.DS_Store
SKIP (exists): content/real/en/b2/016/images/1143e97dab67874589ee7a33482d0b91d597bedb9be36140b97efe7145279b80.png
SKIP (exists): content/real/en/b2/016/audio/062600497250a43bb1f49f2c9528a2253050432da6f940024b3656d414d652d2.wav
SKIP (exists): content/real/en/b2/016/data/df34eae98ec6815e6489eb567ca5d61b76bcf8718ae6a420f77222ec1d9a9e09.json
SKIP (exists): content/real/en/b2/017/.DS_Store
SKIP (exists): content/real/en/b2/017/images/3a5bc1d0f8873cd7dc3ac2535f7a3bc407ccc179e2ba4c6734f06d715afb6673.png
SKIP (exists): content/real/en/b2/017/audio/a2e097ef5acae55aa58f6c9a21f3da850198a1e61782cf47f5158508e46439ee.wav
SKIP (exists): content/real/en/b2/017/data/e61928d1b67ab60f96c12381f79395d491cb682283c35c4c669e8e488a5b692d.json
SKIP (exists): content/real/en/b2/010/.DS_Store
SKIP (exists): content/real/en/b2/010/images/cc2be27b94898f8c5b8968ab0d9f76b41fb2c9c15c49d433b4bc96863855cbc2.png
SKIP (exists): content/real/en/b2/010/audio/5cfe40c4d96bb3440c30ada8536319af10e0ae9a60af0f3705267ba0c1c27139.wav
SKIP (exists): content/real/en/b2/010/data/7cca488425332a2052e8499be85e3b78f2b249ba4b94f20cb285891ac4e59d28.json
SKIP (exists): content/real/en/b2/019/.DS_Store
SKIP (exists): content/real/en/b2/019/images/924f911cb93bcc4fdf3125126f3ee02b368dc1066376e1a00dcaf294d70db754.png
SKIP (exists): content/real/en/b2/019/audio/95e63464d00d60cd3d17e3bed84327033aa541d668349c547c36dd2734fe02c4.wav
SKIP (exists): content/real/en/b2/019/data/cb4b846dc6bdfda4a406641cc9d5ad6e21c4937c2217695678e9463e6635426d.json
SKIP (exists): content/real/en/b2/003/.DS_Store
SKIP (exists): content/real/en/b2/003/images/7507b8e28a289ae768df25984fb0c0c2d7dd875c0a8c9289d7563b0443ac575a.png
SKIP (exists): content/real/en/b2/003/audio/56714e6a5c27af21e262be8a1c7fe3a2007ede4a18123833c18300e170eff1fa.wav
SKIP (exists): content/real/en/b2/003/data/b638b07da09a21db9aad67eb270cdaa8889352f5c31ac20ecbc7ca9074ecf9c2.json
SKIP (exists): content/real/en/b2/004/.DS_Store
SKIP (exists): content/real/en/b2/004/images/275989786c5e84e203c261a61def0b07e9ba3ee2e44eb3badea2d8abdc82fa80.png
SKIP (exists): content/real/en/b2/004/audio/6e8bd964ff23a0cdb67e4bc332b7920fd3758cc799558eacdc31a3cf87a3b812.wav
SKIP (exists): content/real/en/b2/004/data/a712d4bcc908e08efbdf56ec5b20188463fbf4d12111285be0080c0cb5b3065a.json
SKIP (exists): content/real/en/b2/005/.DS_Store
SKIP (exists): content/real/en/b2/005/images/d39bca741d6be57dbd6a91ae42c3fb5a9d7fcbd796ef3ef62b772903e3d58a9f.png
SKIP (exists): content/real/en/b2/005/audio/39123edd60bab26d4702321282d69d75be5171097f6f809d11547fbd97cea1a7.wav
SKIP (exists): content/real/en/b2/005/data/b89bbc3d316cc6b08a5d487ebd344a6255b457f73155c8be0f2947a5a15db6d6.json
SKIP (exists): content/real/en/b2/002/.DS_Store
SKIP (exists): content/real/en/b2/002/images/c2eca23a83766e2636c7f1b96bbb6d74f9b24967b185736dfd03782a9345f56d.png
SKIP (exists): content/real/en/b2/002/audio/34dafefe7e334a94e9edfa5cc62c62accf5cb38c1c5fdae6208e9d0989309d8b.wav
SKIP (exists): content/real/en/b2/002/data/0c0975eb1bed1d5dbe2422541716cfba673635ffa9ca0d2e363e14f4640fc88f.json
SKIP (exists): content/real/en/a2/015/.DS_Store
SKIP (exists): content/real/en/a2/015/images/1179cbd23124aaab36b3b22ea498e2d5e222fa7a2398cd89ae83eb489488aed2.png
SKIP (exists): content/real/en/a2/015/audio/a87582508512410df6630358e75ba018d13bc7e3b6f23ee42fe1cbefcf8a1f4b.wav
SKIP (exists): content/real/en/a2/015/data/1f23cb321222db3afa6d1aab3ad4a01b2668c824fbc7643608a3613e12cfec9a.json
SKIP (exists): content/real/en/a2/.DS_Store
SKIP (exists): content/real/en/a2/012/.DS_Store
SKIP (exists): content/real/en/a2/012/images/c1df836a9c5f560267cdb0a8b3b0daa6fc1a8bc7fb5026d5abc1e32caae91df8.png
SKIP (exists): content/real/en/a2/012/audio/8a2b4a33363433fb93397ae565f1b5f579ca47c617a1c2534aa82cfae4b0380e.wav
SKIP (exists): content/real/en/a2/012/data/73116adcdc17cb6078b1bf5cccc12cad01dc6a37e9c995b27a25636a3fed1b12.json
SKIP (exists): content/real/en/a2/013/.DS_Store
SKIP (exists): content/real/en/a2/013/images/97a96edb4ab3e106dcfce6f5665e8767a1252b3664b07c3f30034dc4871de7df.png
SKIP (exists): content/real/en/a2/013/audio/7ae12b3c827f483996dbf4180f5c51d76a9dfb66b96842e6677c21d075c57cf9.wav
SKIP (exists): content/real/en/a2/013/data/ee53945dc17ad438e2491004d8121d35b6f19e881ff194fef917f6238a4ce9d5.json
SKIP (exists): content/real/en/a2/014/.DS_Store
SKIP (exists): content/real/en/a2/014/images/1784b15614dd8a038125f5eecdee88908766050f3f1eaf219ebfab98c01b1650.png
SKIP (exists): content/real/en/a2/014/audio/15328f0874908c814ea0133df1493b5a2de494d3784f76d26bfb3c987e11a91d.wav
SKIP (exists): content/real/en/a2/014/data/5d0414dca3d572248185ea9fa9b506d4254f1b2bc8ae731101e2afa2fa5ec172.json
SKIP (exists): content/real/en/a2/007/.DS_Store
SKIP (exists): content/real/en/a2/007/images/b81be82f55e48c0cd3b8443e1eb2caa475f562ad2b6d4131176dc732617f4a66.png
SKIP (exists): content/real/en/a2/007/audio/e086ae4268a5f441ee096be2d3b782362eecb06c5f455f1883559d94e9835f1b.wav
SKIP (exists): content/real/en/a2/007/data/7c00072114d125ad95d0abbaaaad184be111e7c5c9aec4c54055c3ea88c08e2e.json
SKIP (exists): content/real/en/a2/009/.DS_Store
SKIP (exists): content/real/en/a2/009/images/f9e6bc3c74f874dfa02a7471b98ad727d8543996162d370fd59d5f40dcfb1338.png
SKIP (exists): content/real/en/a2/009/audio/97b2bbadabdfeebc8174b2e113ef61c0b4e17f23e820824ee2cbdb28b35aab95.wav
SKIP (exists): content/real/en/a2/009/data/e9ba16847b7e4a33932f7872a8a4dff41fd8d2bd64b670c966158f2dadb8b3d0.json
SKIP (exists): content/real/en/a2/008/.DS_Store
SKIP (exists): content/real/en/a2/008/images/0b70560a2aaf75665c3ce5d05f9e91dd07ea409eef458660a199f151b662ab87.png
SKIP (exists): content/real/en/a2/008/audio/e88e9369b5d9a043caf45f17448f039c68e80b077a96b49030c505daafc74d27.wav
SKIP (exists): content/real/en/a2/008/data/40ff663b83a5a4c16c96b162e47cd6fff9f75eea5a697a6b06210bd329f91732.json
SKIP (exists): content/real/en/a2/001/.DS_Store
SKIP (exists): content/real/en/a2/001/images/9ebb655cc04834dce7d8c4cb40d26b5f7588eb1a0deb92c0701be8b86200c263.png
SKIP (exists): content/real/en/a2/001/audio/0cf4c47049abde27a09e0523db1ec0aa4f345f539b881d8209763188f29c247b.wav
SKIP (exists): content/real/en/a2/001/data/221f95d4017c7624b1803f4b3c49f5af7dbde39e95cf473c9e0683cdd19facef.json
SKIP (exists): content/real/en/a2/006/.DS_Store
SKIP (exists): content/real/en/a2/006/images/b85639e142469d003ae22ff85568011264e9ed288894f01c8ce6e1bae72f5522.png
SKIP (exists): content/real/en/a2/006/audio/76698261b5d958ba8dddfb23a79e9d1340fd1fed06e7300dffe69509ad5fbf86.wav
SKIP (exists): content/real/en/a2/006/data/60a629338b2f12d8d2953bd3c51f3eaa8250166e0df94742b012796322dc00da.json
SKIP (exists): content/real/en/a2/020/.DS_Store
SKIP (exists): content/real/en/a2/020/images/5be63d41d9cf6b99b777831459540aedfe7a1498918f7b8ec6a498a68444ce05.png
SKIP (exists): content/real/en/a2/020/audio/538b30cd3bc0de3457f1bcbec72cc3d301fe19f33f67260b6cbb162a4f5b72a8.wav
SKIP (exists): content/real/en/a2/020/data/d1b5550b0d3632c583b871a20ef8d21d2b0d597bee5626c08022c902d703bc1e.json
SKIP (exists): content/real/en/a2/018/.DS_Store
SKIP (exists): content/real/en/a2/018/images/df65d06d2f54c257c76d8d8d947f2b786a4a43ff5aaddea939a514a8882c13ae.png
SKIP (exists): content/real/en/a2/018/audio/f0166ad978d454901836cb2d06cf9f8aadcce74a1d0af9b67ea7f4e76065c851.wav
SKIP (exists): content/real/en/a2/018/data/8cb59c84d76cfb46d85455d9197786586db8078593ac62b37be12b400f9bc8c4.json
SKIP (exists): content/real/en/a2/011/.DS_Store
SKIP (exists): content/real/en/a2/011/images/323ce68b1db7443677f78e582cc5e0b6c25bdc0cd4f083eb14f074bfa8910107.png
SKIP (exists): content/real/en/a2/011/audio/034b3e8aae2bd1aa3bf96aa608e3ee4e37036ef7a67b7db0d4240c12fc01ea59.wav
SKIP (exists): content/real/en/a2/011/data/6a2bb488b9a48cd58acf7921cf9b0941c4f07d9370904b1ebcadedf7f27da635.json
SKIP (exists): content/real/en/a2/016/.DS_Store
SKIP (exists): content/real/en/a2/016/images/86b3b966146891f13f6b6dc069450ebe7d23913721b07127ec091eaec709fa8b.png
SKIP (exists): content/real/en/a2/016/audio/ccf439f286cc2ddb26aab079cdc1cc26c5b00db4d21ef08fc71493892d8391a8.wav
SKIP (exists): content/real/en/a2/016/data/ed2c94c18115d306eef0c84388d0e4b0083a5388ab1431d5114249d958a50e53.json
SKIP (exists): content/real/en/a2/017/.DS_Store
SKIP (exists): content/real/en/a2/017/images/6d896cb049c30277fe7e53acc5ba1a7ace7d618381cd214f89a381602974506c.png
SKIP (exists): content/real/en/a2/017/audio/cc8e5a54fb224fc15f8b9e01f84de526a0391d46a11af446475a1f160a66acd9.wav
SKIP (exists): content/real/en/a2/017/data/c17a6b94e825bf370baf548a77babeabab0898eb2bb31e5a7b5caaf1b757ad3a.json
SKIP (exists): content/real/en/a2/010/.DS_Store
SKIP (exists): content/real/en/a2/010/images/5e19ab226ff4dc166bb761f8160ac49c925cc19e054faa0b5d2c79c386619b41.png
SKIP (exists): content/real/en/a2/010/audio/808856f731d910a65a826ff7a455ce9aa38cf5a854f9213493c31d9f44d97397.wav
SKIP (exists): content/real/en/a2/010/data/13a6cbb05cb9cb004939c770c5ecdc8c1d3e5e3cdce98131ceef3386128cc2c0.json
SKIP (exists): content/real/en/a2/019/.DS_Store
SKIP (exists): content/real/en/a2/019/images/b7cc328bbdb4dd25618b5ef15f63c1a19b9dc5f31902de7c927e1becc4c492be.png
SKIP (exists): content/real/en/a2/019/audio/0ea2968a539a1f47139bf41720c496b02a06085eba1bc84f7fee66d25efc1a02.wav
SKIP (exists): content/real/en/a2/019/data/7fb2954ebc941e7616f6be367c612181bd644f4f2437e8001a44f9fbc9e15078.json
SKIP (exists): content/real/en/a2/003/.DS_Store
SKIP (exists): content/real/en/a2/003/images/4ec60525f6e0d010256ecb4111d7c576c2b60b0ffd68fa0fd96e152c11818f13.png
SKIP (exists): content/real/en/a2/003/audio/210e3482bb66b6186228c030f39db220f78f61af23ef706db2b93a1eb0c296dc.wav
SKIP (exists): content/real/en/a2/003/data/9b5e68eab423932e80f769f12ae1e3919c2053126c3564abae789199eb6a29f2.json
SKIP (exists): content/real/en/a2/004/.DS_Store
SKIP (exists): content/real/en/a2/004/images/2c946bb44f872ed73cf9d8713ced3eb5204d1f77483e9848dd5058493ecefabe.png
SKIP (exists): content/real/en/a2/004/audio/1c5568fb2a810e15469c9cd7dda2d47ee9af1824793ae67f464b3ab05ac8d915.wav
SKIP (exists): content/real/en/a2/004/data/337b69f910364543da72c7ef95a8ab011418500bcdda1b71fc257ab4e1ddfc9e.json
SKIP (exists): content/real/en/a2/005/.DS_Store
SKIP (exists): content/real/en/a2/005/images/a470537da324fe2d8b7b758fdb1314793ed6ffb44f9e1a97f208e3f3ab94a8c7.png
SKIP (exists): content/real/en/a2/005/audio/151d0e92669e79a4068dde84d6622de68373e2e3b57e63d9d74cac2d74171131.wav
SKIP (exists): content/real/en/a2/005/data/d2d5e96e5feb3c5d0951c7d4ab79917fad6d615cedb40ed5b4372934194f8510.json
SKIP (exists): content/real/en/a2/002/.DS_Store
SKIP (exists): content/real/en/a2/002/images/6a0b00a03ab8fd97c96e046c183f256ad0ba0f1b64a91748cabf260c48f5ba08.png
SKIP (exists): content/real/en/a2/002/audio/703da2b884629498396d0d50c55706e955af2fe63b71fe296918a6c262f6fa8f.wav
SKIP (exists): content/real/en/a2/002/data/be9ab410698163436dd943f88fa58e7307a17955bbb2185e72bf4609370bc81d.json
SKIP (exists): content/real/en/c1/015/.DS_Store
SKIP (exists): content/real/en/c1/015/images/34e81c919da34281a6a915605776281c2f67ab807199806ffb74e248b39eee4d.png
SKIP (exists): content/real/en/c1/015/audio/a94c80d86055de0d5b80c1638fc0f26943d39167bc81e2ce1a474d6b0d987eed.wav
SKIP (exists): content/real/en/c1/015/data/d8af8d436fb60c09c650013b38daf82955320fb4680577360240488a3e62e6c3.json
SKIP (exists): content/real/en/c1/.DS_Store
SKIP (exists): content/real/en/c1/012/.DS_Store
SKIP (exists): content/real/en/c1/012/images/84049f3d8a0a946afa1bee9378b59d1cbef9bb0a7a3300e6ac4e615efc97dd17.png
SKIP (exists): content/real/en/c1/012/audio/7561ca15fd6d7b298ee7a07090130223efb13cf8dcaa8af5f00bbcb6599ff904.wav
SKIP (exists): content/real/en/c1/012/data/e248c6af9a976576de9c901bf7b5aabc035dfb0ae9cdfe8a05d092cbabada264.json
SKIP (exists): content/real/en/c1/013/.DS_Store
SKIP (exists): content/real/en/c1/013/images/1081f590b71125d7440a80446e006ccc00def12a7706976d76c4c4aeb667f1c5.png
SKIP (exists): content/real/en/c1/013/audio/2b03570f791c5a1478617201b01b9da8d7d9f57ea6b56f7053b4bbbdf056d795.wav
SKIP (exists): content/real/en/c1/013/data/a63c7cd8d6700b4a2f29087009e5bc5f0df865b2b4e40b80fbbd2e692152afea.json
SKIP (exists): content/real/en/c1/014/.DS_Store
SKIP (exists): content/real/en/c1/014/images/48daea09df4c3b0afa93315acb05ca584acf8f86b5d2933829d1fceac359bf3b.png
SKIP (exists): content/real/en/c1/014/audio/8bdfb50854b0a5cacaa30da6399776dbfc56feb37e36d0b4bf8c612ad36e27ee.wav
SKIP (exists): content/real/en/c1/014/data/a0f0b333191f5b7b758a8b3e831d31983bb2e7b13dd032e780ef7703342131f5.json
SKIP (exists): content/real/en/c1/007/.DS_Store
SKIP (exists): content/real/en/c1/007/images/b7311bc9a8cb09ba31ac23ac79dd178fbbc4d10c0bde1ee82eadd2eba2f6651d.png
SKIP (exists): content/real/en/c1/007/audio/e111bccdd9d1d51800d75e00d99021cbdf6accb4a47f8c454826df7b1b86e0ad.wav
SKIP (exists): content/real/en/c1/007/data/a92696aad7d79014fbe0fd336d3e8f82c38ba20875f67bff1521b0d032a92216.json
SKIP (exists): content/real/en/c1/009/.DS_Store
SKIP (exists): content/real/en/c1/009/images/88671d5ced7909e14c611e9efff1bae4b7186832ab77de54ccb2ab4bb0cdee7e.png
SKIP (exists): content/real/en/c1/009/audio/84782f8d64b8401058fe69b5edece55ed5b6d761ba01f9ed01a8d00ae903490c.wav
SKIP (exists): content/real/en/c1/009/data/a0ad5eb5193f762659297108b22e6bda23c758feb6a3b92cf2d30156f6561a53.json
SKIP (exists): content/real/en/c1/008/.DS_Store
SKIP (exists): content/real/en/c1/008/images/78d8ad39b02ef6c1589fa15a23fbaac94e4acff13c5a993837a12675e2a1c32c.png
SKIP (exists): content/real/en/c1/008/audio/b117d20a0cc10657d954762dd537461ff2565db9929543fa76357c4406d04b36.wav
SKIP (exists): content/real/en/c1/008/data/cbe052f58e08d8c87394e3311ffc048a8293b0c79df5935d21a7d929e9827a4d.json
SKIP (exists): content/real/en/c1/001/.DS_Store
SKIP (exists): content/real/en/c1/001/images/00fbe21a9f55e6aae509d3193c0dcf9eb07152e0761981748f9600ac9ea427ff.png
SKIP (exists): content/real/en/c1/001/audio/b8bd6e26b57ffe998ba4b096583a19589246b7900635303880fd95ba4dedcee7.wav
SKIP (exists): content/real/en/c1/001/data/2ce232f00eaf0d6697a7a722746d2a81dee5083be794802a3b1e4074648c8fae.json
SKIP (exists): content/real/en/c1/006/.DS_Store
SKIP (exists): content/real/en/c1/006/images/d1aeefb2c3d8cc84717895f51c30585a24e270a70ee4f90aabb3509d0cd26eab.png
SKIP (exists): content/real/en/c1/006/audio/2a07fbb1cdd786d85c974eac0dbb47dc0b1846aff91b6ba60c3015d8479208ad.wav
SKIP (exists): content/real/en/c1/006/data/bd98599f582957e5b64d6d00ea202ac4bab4bfaf0a100a64a42817c6ab4c26e6.json
SKIP (exists): content/real/en/c1/020/.DS_Store
SKIP (exists): content/real/en/c1/020/images/1e567216a08852b95846bfb4c1afe4eec726dc6f146f948a5562e4abfbdaacd0.png
SKIP (exists): content/real/en/c1/020/audio/200008c6e3b6a4db9122b67267f6aae789e62790ccd1cd1e345100f2f8a1e9ad.wav
SKIP (exists): content/real/en/c1/020/data/9b88c8a71737ab44f24a3eb9427e343e64db267ffa8023b37a720096c521362f.json
SKIP (exists): content/real/en/c1/018/.DS_Store
SKIP (exists): content/real/en/c1/018/images/578e90d486eece6b0e02c3c8fd1da59f9b314c2bcde5cb1260dc6ff15626358d.png
SKIP (exists): content/real/en/c1/018/audio/288db571739775a087981628437b6a3d4a70291bb84dae63fe8271b4cc917328.wav
SKIP (exists): content/real/en/c1/018/data/d46effcce927c6e3323f180509d1416fcace5e621756f8a6b4bcd70e81c1835a.json
SKIP (exists): content/real/en/c1/011/.DS_Store
SKIP (exists): content/real/en/c1/011/images/1dbeb269e129c6a932f4c8acf9167c24ede2e69642f5d52b110d72207d9697d4.png
SKIP (exists): content/real/en/c1/011/audio/ed520aaab233706eae7a8d8d38ce4ae08b04d9f077caef000f21031a31e3bf8e.wav
SKIP (exists): content/real/en/c1/011/data/82adf5edab08004cd8b962c47bfef331d9d0f1295c36907db49e68db796bb7ea.json
SKIP (exists): content/real/en/c1/016/.DS_Store
SKIP (exists): content/real/en/c1/016/images/485cc8b57ce67643d28fccf97d77f3d02326261e376fee9475fa30203a0e76b7.png
SKIP (exists): content/real/en/c1/016/audio/f97b85fecacef690cce27fef74e02cf2f84dfe28ae9cfc0d5be8fae5dfbc7ddd.wav
SKIP (exists): content/real/en/c1/016/data/8701daea41e0237f2449640cb467207d48a7fe308066d8b11f1c47aa8cc5fd72.json
SKIP (exists): content/real/en/c1/017/.DS_Store
SKIP (exists): content/real/en/c1/017/images/65e8a71c516ed546cf35b2b76b2f02909af2f83541cbacb18688b8eb792960ec.png
SKIP (exists): content/real/en/c1/017/audio/3f612fa6476d0aa87cd7d7330236e1c74e1209f3b6903cca53ca352ca06d9f09.wav
SKIP (exists): content/real/en/c1/017/data/aa2ecb2b7a73fc8ff1cfe4d007c0900565eaa4e23277869fc10e56f7e45a10be.json
SKIP (exists): content/real/en/c1/010/.DS_Store
SKIP (exists): content/real/en/c1/010/images/3c45313e173e03ef962ab40bcd6bebd76f5286d67b3493bb6b03b8ce09326058.png
SKIP (exists): content/real/en/c1/010/audio/57043f7398a391ecf5771602ab3944336d61ef3c5086dd1a73a2a91f5e36b46e.wav
SKIP (exists): content/real/en/c1/010/data/e773ca14d517ad05504c65239ad6b066991058d8a0a739ee32a1b830747b8699.json
SKIP (exists): content/real/en/c1/019/.DS_Store
SKIP (exists): content/real/en/c1/019/images/18ca9d037ff5e4d424c3f7b3cab8f08f6f7bd391ae328a83129aa3443ebddef0.png
SKIP (exists): content/real/en/c1/019/audio/bccdda6d8228777b2b6aa5319966a36d75f7a7a7117cd0640f10e16b4aa2d165.wav
SKIP (exists): content/real/en/c1/019/data/57b725d0b0272a639c7c4aec9c1491f0f19025bcac010ef44822efbb4b5e7fb7.json
SKIP (exists): content/real/en/c1/003/.DS_Store
SKIP (exists): content/real/en/c1/003/images/14cd4d3e7da697daa1436f1477843605a4834cf0286b68a046cd0aa4acd19d11.png
SKIP (exists): content/real/en/c1/003/audio/21bdcd7722ffcd615fa488ec7c0c614fc0090c8925855b288de256133771fa37.wav
SKIP (exists): content/real/en/c1/003/data/c0aa662d4172ebb4adfe0e7219a611b90d75798ca7a6b5c1ca012ccce261e287.json
SKIP (exists): content/real/en/c1/004/.DS_Store
SKIP (exists): content/real/en/c1/004/images/9913a160352247e0af004b3c4fe0486dd84812855a78143b2e8fd52dc69fe88f.png
SKIP (exists): content/real/en/c1/004/audio/eabc9536ec069f0aee9b4e580a7cb9cdf30ab56f12f7333250cd250fafd9586c.wav
SKIP (exists): content/real/en/c1/004/data/569109fd974c9c01becfaf19c516532c84b36018f23c04fab03f5d3c07bd90a5.json
SKIP (exists): content/real/en/c1/005/.DS_Store
SKIP (exists): content/real/en/c1/005/images/45cf17b3182280f01cc3a9b6e65394849b4509202c1d05b1bace4d0f43a25dc6.png
SKIP (exists): content/real/en/c1/005/audio/c522d1b1adcbc1ce51951b645da7bb3e877f3f13b7cca767dfe52184f2bbd9c5.wav
SKIP (exists): content/real/en/c1/005/data/c0e13677b8000c85e620d54a475d65f31c5aa4f1a5d11502578d20cd89183c1e.json
SKIP (exists): content/real/en/c1/002/.DS_Store
SKIP (exists): content/real/en/c1/002/images/75974b80497da301952b2c9e3aed1be23fdcd3c5832e7d2aff4228cadf3c4eaf.png
SKIP (exists): content/real/en/c1/002/audio/f9380b586c353f233c17717aebcee6777b5d9c0b31032e4be73a52f4cf491e79.wav
SKIP (exists): content/real/en/c1/002/data/bd46d12b8e8015d2f8bec26141422cdd612c83b7e59265b68e43bfee1c979191.json
SKIP (exists): content/real/en/b1/015/.DS_Store
SKIP (exists): content/real/en/b1/015/images/46b415c18630072eb6167337aed64386924509eba43e02eea2ba0cf8e3a5bbeb.png
SKIP (exists): content/real/en/b1/015/audio/3bf72a93fa288ecd405c1871d6737a2d19ca80b8197da5ff7cdeda4f6a4151a8.wav
SKIP (exists): content/real/en/b1/015/data/c56f105ad3b3eedcefc1d1892281d4d2d6262257c6bc6562edc9cf42878cf51e.json
SKIP (exists): content/real/en/b1/.DS_Store
SKIP (exists): content/real/en/b1/012/.DS_Store
SKIP (exists): content/real/en/b1/012/images/45cb2953db1b8704bda38b245438dcede59fbc69aa06724c43ea29fcd3dfb28b.png
SKIP (exists): content/real/en/b1/012/audio/18d93a5a89ce032b6e60fe6e449772c43d79172a0ddb94b481742cd3b3ba87b7.wav
SKIP (exists): content/real/en/b1/012/data/54234406a8833e30b77185b2d3682abcbcfd18dddfccfe65e4a71e0f4bfef1c3.json
SKIP (exists): content/real/en/b1/013/.DS_Store
SKIP (exists): content/real/en/b1/013/images/24e2845f9c24e9d1072b7fce995cb26f5ede82bd80000acef04d94eb565f5c53.png
SKIP (exists): content/real/en/b1/013/audio/3e452ea4ed41ee82621d35f043fa04196616a98db9027ab9feca67da691a1972.wav
SKIP (exists): content/real/en/b1/013/data/9a265d799298ed8db2af6013cbae396bc775bda2108bbef7cb5705f68a6d7648.json
SKIP (exists): content/real/en/b1/014/.DS_Store
SKIP (exists): content/real/en/b1/014/images/233f59697f6a858eda58434fa06290671f4a1d43e31952f04cbb8835edcbafe0.png
SKIP (exists): content/real/en/b1/014/audio/f2faef0ea38784696f4b2a520dbe7cfaf46cee4e819ca395cba8107501519c9d.wav
SKIP (exists): content/real/en/b1/014/data/02e00c14f187885e8c066b0ad8c8baa23925ef4e294cb80a07892a7cb32f7e8a.json
SKIP (exists): content/real/en/b1/007/.DS_Store
SKIP (exists): content/real/en/b1/007/images/1a16f352bcf69eb66f971ed724a4c5c838f906b9604f25200a75e85f94959a3f.png
SKIP (exists): content/real/en/b1/007/audio/363c5949996265121a74087ceb30ee3b680d28d43339ab3eb2244c27ccf8cf73.wav
SKIP (exists): content/real/en/b1/007/data/252a07aed9cb4f74301e2b54da1a56b101a0531e42624a5f74e308e53d8a998f.json
SKIP (exists): content/real/en/b1/009/.DS_Store
SKIP (exists): content/real/en/b1/009/images/88f1d75054edea560e7f98fea48a1f1ce5cb16690c21c8e48493af0a42332b47.png
SKIP (exists): content/real/en/b1/009/audio/f0e0a0abd681348a077072991dab34381ef179ebde6ef0e113613e4312e0ef2d.wav
SKIP (exists): content/real/en/b1/009/data/66a94e6437172ebf03bc97a7d2b0c028c1cb7b9f09e227832cc0a0630cf0366d.json
SKIP (exists): content/real/en/b1/008/.DS_Store
SKIP (exists): content/real/en/b1/008/images/a7fd87ce56aab298b95bbf0747a0dc6e32361ec3965696331979ca2fa834bc9c.png
SKIP (exists): content/real/en/b1/008/audio/3ab393fd97c642a2ad1af2fca9983d6df2f323d66e7266da56cc6f6e38db43c4.wav
SKIP (exists): content/real/en/b1/008/data/cef1457b75ec449065f8a67bc2d0acf19ef368d632ce6b83374abc126f112a50.json
SKIP (exists): content/real/en/b1/001/.DS_Store
SKIP (exists): content/real/en/b1/001/images/1b728a0b5347f284b04e58256092439a586ab072bc44adcd7431b6fb19b5b458.png
SKIP (exists): content/real/en/b1/001/audio/5aa4d3c1cea5176946db74a2721592e8661b94a130951ae8dd83abeceb75f26e.wav
SKIP (exists): content/real/en/b1/001/data/f901f01b4d1c9004acaccfebadb42a68164745c598f7203e5ea9aca78ad773e6.json
SKIP (exists): content/real/en/b1/006/.DS_Store
SKIP (exists): content/real/en/b1/006/images/9b5798da31393afe3fdc99b443192e6ddf615f37c369794d188999fb64bc5c09.png
SKIP (exists): content/real/en/b1/006/audio/4df337fc4750e8db7eb0db2cb6d6aa28cd05084f70a3d223f3f7b8626aceabcb.wav
SKIP (exists): content/real/en/b1/006/data/731e02c4237822a0fce40ddc9b1f17acff908acc469423f3ed51c424b8442b0e.json
SKIP (exists): content/real/en/b1/020/.DS_Store
SKIP (exists): content/real/en/b1/020/images/ba8a1ee0d0982ce1c57d6d36406e822d587ddffb00f1c0414f2f8941351f293c.png
SKIP (exists): content/real/en/b1/020/audio/fc23e1332ee45a49c5f555be8aec2fdc4c5c93866e17b2a9faacdd0fc281c426.wav
SKIP (exists): content/real/en/b1/020/data/22373c85437c067d21625febc4315ba583e27a418ea6ee858973d3355094af49.json
SKIP (exists): content/real/en/b1/018/.DS_Store
SKIP (exists): content/real/en/b1/018/images/d4a5f3769810fabef1109690ffac0da4c828f93900e7d45f98cc15569ea1f994.png
SKIP (exists): content/real/en/b1/018/audio/0e3780529e0a3a61a319f64ff31fd65392e16371acfb408b7ca63190c6a3afa0.wav
SKIP (exists): content/real/en/b1/018/data/8f6b4be099f9c4f37c927a133ff8d71e97a11613c49d09121da8b1556d2e78cf.json
SKIP (exists): content/real/en/b1/011/.DS_Store
SKIP (exists): content/real/en/b1/011/images/efaaef9849386b8890309079a0c94b8e673c133452f4185ccb5e88e8d95b752d.png
SKIP (exists): content/real/en/b1/011/audio/7a2c7bb71efe2aadcc9ceb32a1566ff38e88cea58b612e8e197721274e5a6d44.wav
SKIP (exists): content/real/en/b1/011/data/66719965b434ff7b59e12522802eebd9acc49f6ff0b124beab8c6a4db65c2ae9.json
SKIP (exists): content/real/en/b1/016/.DS_Store
SKIP (exists): content/real/en/b1/016/images/53e0ee7b4f7e7bfe816fe27c887ae888660a8d291a83b04327860f148fe80f4b.png
SKIP (exists): content/real/en/b1/016/audio/6ac217c2bf28cc85445f4d24569a56ab06eae916734ec0cb8e27f5cfe01abc4d.wav
SKIP (exists): content/real/en/b1/016/data/efa7b09d3bbdc9a0f922ae7cef6b52d506ccd18ecfcfcda56cfcf8f2c6d9a45d.json
SKIP (exists): content/real/en/b1/017/.DS_Store
SKIP (exists): content/real/en/b1/017/images/8126989c72a51b781fbdfe959fb92b9ba4a92cd8a2e501a7be476ceb260ce119.png
SKIP (exists): content/real/en/b1/017/audio/0d6da1b2e67c13a55677fe0bba5883ef075ea9a08ce09d076070feadf14df7a6.wav
SKIP (exists): content/real/en/b1/017/data/3c03cb04462a9aa3a5280b2b9905b448eb0a0901437d75d93ffb7cef004228a4.json
SKIP (exists): content/real/en/b1/010/.DS_Store
SKIP (exists): content/real/en/b1/010/images/d9079710b9378fd54c97a6135b438eb31672976b6fe05553be7586b188cee2ab.png
SKIP (exists): content/real/en/b1/010/audio/0105a49de1fda6657d5dc34e2cf5b3652e15ad5a1c0883b6f7807338f3ff186f.wav
SKIP (exists): content/real/en/b1/010/data/9dcfb216538e9b4e99d4792536b90a768e738715cdf359699d05594317ffaaaa.json
SKIP (exists): content/real/en/b1/019/.DS_Store
SKIP (exists): content/real/en/b1/019/images/b215e3c6616946457207932dec99a372635971ba211669fe9868f1307b0b3d84.png
SKIP (exists): content/real/en/b1/019/audio/a7daf5c520623e2c02feebdc1ee350ba9239cc11c6d40c259a4d83840e2fc534.wav
SKIP (exists): content/real/en/b1/019/data/5b23929f7fa6cb7520ab0c42fe294dfbf0122e4b5b4d0383a59248eebb801490.json
SKIP (exists): content/real/en/b1/003/.DS_Store
SKIP (exists): content/real/en/b1/003/images/f7f1ccd5ad9c2b5bcf5c4cb651cee790754a53b0ab6fbab6cc7e14943231cef4.png
SKIP (exists): content/real/en/b1/003/audio/8e6714cef02a33a1988a6ac54f2b96a4c42c4fbf87279b7f8833fb789ba58513.wav
SKIP (exists): content/real/en/b1/003/data/fb900ee74c0c91223e6a440fa4c844d33544ccfa0c660fb665ccca5f514003da.json
SKIP (exists): content/real/en/b1/004/.DS_Store
SKIP (exists): content/real/en/b1/004/images/e0e5756ccc1134bf460bd5b9835f52e770e92fe7a49b50f9bc8574aca39e026b.png
SKIP (exists): content/real/en/b1/004/audio/27bdedde5d482ebaac21ade86eed0c7aa922eaa5b2462ff3cd7656bfe35dee5a.wav
SKIP (exists): content/real/en/b1/004/data/71ac26e7c9db14e5200d95babf09e2c9a6aba78eb985195338c75d37aa368bf5.json
SKIP (exists): content/real/en/b1/005/.DS_Store
SKIP (exists): content/real/en/b1/005/images/4d829b88f85b363bf945c64bfea46da3cdb59ecfdff559a29b50fb35d9e2775f.png
SKIP (exists): content/real/en/b1/005/audio/cfb113d68e11663bfe5950d767c97422246bbe7b29901b6d121f4fd7c2654dc1.wav
SKIP (exists): content/real/en/b1/005/data/116ce6d0dbb27ab67e643e27867e541bc11eaed4e88fae49ce61d7b293be8ecf.json
SKIP (exists): content/real/en/b1/002/.DS_Store
SKIP (exists): content/real/en/b1/002/images/2ac3db4028785a7a7122de0b01fddd50e6363a8edcadc9c5ad3904da106b7461.png
SKIP (exists): content/real/en/b1/002/audio/6b007c48461e48cc2d9f2f2ae94ef78b41acbba0398e22376a0af9155d5ce156.wav
SKIP (exists): content/real/en/b1/002/data/eb61a44e1663fe5c845caee4c0f10e348c4aef53942e5d5ea99e15f56a36a9e0.json
SKIP (exists): content/real/en/a1/015/.DS_Store
SKIP (exists): content/real/en/a1/015/images/015.png
SKIP (exists): content/real/en/a1/015/images/c42f2fa922aa77e3dc5a9adc87561dbc32cee4b9573e414c5887e23fa0e9a913.png
SKIP (exists): content/real/en/a1/015/audio/db60ad3f5bbf7b3ba36a2c979224afc1ca2ee95e0b8ee19d73ab181827ed3ab9.wav
SKIP (exists): content/real/en/a1/015/data/174a9b315e3e561b7c02c54f4ffb10c41d90e7683988c2c91b6a2c3f03fc1a67.json
SKIP (exists): content/real/en/a1/.DS_Store
SKIP (exists): content/real/en/a1/012/.DS_Store
SKIP (exists): content/real/en/a1/012/images/012.png
SKIP (exists): content/real/en/a1/012/images/5b83a3578f33d675562887c1a5ba12259e7d4551067ce0668e2a9cff8c0e7e47.png
SKIP (exists): content/real/en/a1/012/audio/f4a47eb8e2248e5f162111055977a6ca51ad4f42a0192b518484ceecbd197274.wav
SKIP (exists): content/real/en/a1/012/data/96ebee62ea04b5b35023ada218c22d1e5a47e64442465fc1e3c34ceafba2b2c9.json
SKIP (exists): content/real/en/a1/013/.DS_Store
SKIP (exists): content/real/en/a1/013/images/013.png
SKIP (exists): content/real/en/a1/013/images/784a04b1decc9fd3d87ddaf287c64f07140330b343ce49ffae5046e4f554c3c2.png
SKIP (exists): content/real/en/a1/013/audio/657a805de72e62e5e1c00b58b08f1d82ed15714ccbde0974f9299e6cbd87d2af.wav
SKIP (exists): content/real/en/a1/013/data/f08330f6c84ccbdb903476d74e4d13604bb817be91cbde383cf8087018ca92c4.json
SKIP (exists): content/real/en/a1/014/.DS_Store
SKIP (exists): content/real/en/a1/014/images/014.png
SKIP (exists): content/real/en/a1/014/images/2a60a10b24aad4a1ca0cb7d657237251640e211938e59af0b2aee1c9faf5034b.png
SKIP (exists): content/real/en/a1/014/audio/8b59e83044993199d009328dc0f97955454f5321f1f6617469d68d82f11e3a47.wav
SKIP (exists): content/real/en/a1/014/data/52ed698002cc675fb57f1d120a106f23b52db1c812790227f94d6a63654adf67.json
SKIP (exists): content/real/en/a1/007/.DS_Store
SKIP (exists): content/real/en/a1/007/images/93d8966c26c3d64dc8c0e767f84ca8c5815e13d936c68222cfeb52fc53b60a5d.png
SKIP (exists): content/real/en/a1/007/images/007.png
SKIP (exists): content/real/en/a1/007/audio/b36c3204a2219b8df50247f7dacbb34a1f40813b714653eca24751fdd03b33c1.wav
SKIP (exists): content/real/en/a1/007/data/41eb51fd9c55f578635ee3b14725c3fd5dde76b184a23cf360fd258a5be28ca2.json
SKIP (exists): content/real/en/a1/009/.DS_Store
SKIP (exists): content/real/en/a1/009/images/5ffc2f743350ad793d0322b7ba464d24541eff7fc8111b409a602fc967bec0f4.png
SKIP (exists): content/real/en/a1/009/images/009.png
SKIP (exists): content/real/en/a1/009/audio/75c57f06bbe44b2b0a18667e14cdf9f7d98f75b029312b3d3e67c09599ead15a.wav
SKIP (exists): content/real/en/a1/009/data/92a268b6c8acbbab94fc2b7dd653e60b840a97d6026568d415531aecb30b5605.json
SKIP (exists): content/real/en/a1/008/.DS_Store
SKIP (exists): content/real/en/a1/008/images/008.png
SKIP (exists): content/real/en/a1/008/images/9770329906665fc67bd4f7af9861079a83075342b10d325bb805f58808d22a7d.png
SKIP (exists): content/real/en/a1/008/audio/7493acaf79537ef2c7e96d2892d145702384cbbda3e400cc6a431162889c6ad6.wav
SKIP (exists): content/real/en/a1/008/data/eb915c18d861f7247c11c9ff08cbd0865178c8dd0cb62a3f22f2d5477d9c396d.json
SKIP (exists): content/real/en/a1/001/.DS_Store
SKIP (exists): content/real/en/a1/001/images/001.png
SKIP (exists): content/real/en/a1/001/images/dcfc4de9cfdbd7fa9765b9142dab6ff034c2a66578835bd17655b56481acd836.png
SKIP (exists): content/real/en/a1/001/audio/042d2050d99903b1d6020374de0a4782f1d904522e76e60dd1588223db9f0454.wav
SKIP (exists): content/real/en/a1/001/data/4906be159b084144a2ce58d2203187608da28d3fa37f8c20646f0b8777904955.json
SKIP (exists): content/real/en/a1/006/.DS_Store
SKIP (exists): content/real/en/a1/006/images/006.png
SKIP (exists): content/real/en/a1/006/images/4181fb53115942a97034391d757cbc2f889a5a7ea70278375a3741a89ee87119.png
SKIP (exists): content/real/en/a1/006/audio/cefb32c60f3e29266981be65fad9db9ccad6582b8e0efdc84ac8814f3b8d56f1.wav
SKIP (exists): content/real/en/a1/006/data/c56b56fc4f34a6fbaa6af5040e9a2b864a345293b4cfb1ff810f004a979c432f.json
SKIP (exists): content/real/en/a1/020/.DS_Store
SKIP (exists): content/real/en/a1/020/images/020.png
SKIP (exists): content/real/en/a1/020/images/0c4e0234eb1019b872f671fbc2bb3ffdc5e232915e31d4075235688aca73abc4.png
SKIP (exists): content/real/en/a1/020/audio/90d82964bba5a0fd1b987648d849786408f813351f48496c203640881c02aa80.wav
SKIP (exists): content/real/en/a1/020/data/7f8e5104548459515d34ce57f1ce9f222652944cd3001148cf74305a447afb13.json
SKIP (exists): content/real/en/a1/018/.DS_Store
SKIP (exists): content/real/en/a1/018/images/f434bd679657a4498e0512ea2e7023911457d3b30027d868b6d756a8eac37af0.png
SKIP (exists): content/real/en/a1/018/images/018.png
SKIP (exists): content/real/en/a1/018/audio/75a8bafa00612e9f140dc863ce1841dce5db4fca8efab4cc82939e1fcee73453.wav
SKIP (exists): content/real/en/a1/018/data/3d8ce23a772a142e7fe484022ef5887e6ad89920a6a5054bafe2ce7837644363.json
SKIP (exists): content/real/en/a1/011/.DS_Store
SKIP (exists): content/real/en/a1/011/images/011.png
SKIP (exists): content/real/en/a1/011/images/812810ecf5436fb54bd6d3534929da3774c77048e13a5f3a47df45e19cb6731d.png
SKIP (exists): content/real/en/a1/011/audio/6d4eff7a0e39c85a4367adb2c740977b160ed0d6f2409c4dac84e66edf17941a.wav
SKIP (exists): content/real/en/a1/011/data/81c09fdec139fc2e5600bc4989b8f5faa8feeb78796c4bd56793723f308fc845.json
SKIP (exists): content/real/en/a1/016/.DS_Store
SKIP (exists): content/real/en/a1/016/images/016.png
SKIP (exists): content/real/en/a1/016/images/f5354d370c4a42f45324fa6a122bfb55568694e6f13633fdfb2b217a580d3074.png
SKIP (exists): content/real/en/a1/016/audio/f6f123a08990b2f76b936f3048d2ce16e024b5052e5142c8d82b7b1ef4be2951.wav
SKIP (exists): content/real/en/a1/016/data/534135e56aefd4db9306acf68ec46b51a6e8296ed57f600217cd5d422e38727e.json
SKIP (exists): content/real/en/a1/017/.DS_Store
SKIP (exists): content/real/en/a1/017/images/017.png
SKIP (exists): content/real/en/a1/017/images/0b72e9963aa9c4c4b737e4093c113d04f486050973ada5ada9db88497a638e1d.png
SKIP (exists): content/real/en/a1/017/audio/e15e118dcfe9f7e7bc204946a7c4273b43c41a9b70bea3c8f91f73d331214200.wav
SKIP (exists): content/real/en/a1/017/data/bcee1067e0db8ca64f789f512f3b219dea2e0fc359c6f5d5374cab004e968ec2.json
SKIP (exists): content/real/en/a1/010/.DS_Store
SKIP (exists): content/real/en/a1/010/images/010.png
SKIP (exists): content/real/en/a1/010/images/020beae9241d8e905e6aa109180208fbb6a8b3a0c3d84975b674a6b23983590a.png
SKIP (exists): content/real/en/a1/010/audio/618f3e731bdac0da0e9cad9ef595648f50b28d78550217a53dd70cd6d565874e.wav
SKIP (exists): content/real/en/a1/010/data/90098c6c62eea2b28feb492845c5044694d6461c2af679599f56ff3efbcca1c3.json
SKIP (exists): content/real/en/a1/019/.DS_Store
SKIP (exists): content/real/en/a1/019/images/ac1b96f2775df985809c6b46fe4f0d7b753859b2c42541c160e1f27ccf9021e2.png
SKIP (exists): content/real/en/a1/019/images/019.png
SKIP (exists): content/real/en/a1/019/audio/863179a8c8a958d090388a87b5a124850cc2174297592b8ff5a190c64aefec6e.wav
SKIP (exists): content/real/en/a1/019/data/d6b51564fdb35c321e08e70b65f858a34ca1884ace37abfd03ed4ccd4db4cfee.json
SKIP (exists): content/real/en/a1/003/.DS_Store
SKIP (exists): content/real/en/a1/003/images/003.png
SKIP (exists): content/real/en/a1/003/images/3d6fa300c9228a1e0693b9b0ff4de84f0cf441b37d2e5353835ae38eec936b0a.png
SKIP (exists): content/real/en/a1/003/audio/b1e6ac148db4ca2e05bb4daa18d97409cef8c972c4f9eece81c7cab319691e82.wav
SKIP (exists): content/real/en/a1/003/data/9175d4831cdb8bdef8bcbff7838ac55f4597e793a0d0060481769852a8bc8e83.json
SKIP (exists): content/real/en/a1/004/.DS_Store
SKIP (exists): content/real/en/a1/004/images/004.png
SKIP (exists): content/real/en/a1/004/images/60b8ba2b650e09d1857f57bedc85ac72b0acc0d986403f710879011b163b0fba.png
SKIP (exists): content/real/en/a1/004/audio/4f4ab8801e8674bdb63575d42d67498f55e114b95d89bcda6df1f039f73b6f80.wav
SKIP (exists): content/real/en/a1/004/data/8fb0ad6996ec199eeeba46e35e3c82a84f6297ef38b642815564e25002574878.json
SKIP (exists): content/real/en/a1/005/.DS_Store
SKIP (exists): content/real/en/a1/005/images/005.png
SKIP (exists): content/real/en/a1/005/images/f3603b5385a2b65fcf12e234fd0f84e3e1e6fae8bce8139c7e370be91d66ab28.png
SKIP (exists): content/real/en/a1/005/audio/c2d011ec99dd5705e940f35e1352e94098ac03327c65b4e24ca4017101fc4d24.wav
SKIP (exists): content/real/en/a1/005/data/1c3da00155dc54958f157e55002dcf259657695db110b97823c65d95ee18a0f2.json
SKIP (exists): content/real/en/a1/002/.DS_Store
SKIP (exists): content/real/en/a1/002/images/002.png
SKIP (exists): content/real/en/a1/002/images/825ec903af31b557c55181bb84e5a805dcaf37b5857511d402ebc77592ca2448.png
SKIP (exists): content/real/en/a1/002/audio/db173b7bae1675a2d6ce11c9474596323d12b467a62b2e729df7014dbf018542.wav
SKIP (exists): content/real/en/a1/002/data/02a4d537a10f208cab528b78dfcf459ea73c10b355a709eeda399bb853557a84.json
SKIP (exists): content/real/en/c2/015/.DS_Store
SKIP (exists): content/real/en/c2/015/images/5c3d3f1d0d8f77d92ebdcbdd16a84b24da19cb77ba63b945b381ac752324de6c.png
SKIP (exists): content/real/en/c2/015/audio/13cc70f0b4f2775ac75092af95b1cb6785e2ee645103881469a1e1c0f06e32ad.wav
SKIP (exists): content/real/en/c2/015/data/c7b4f4b2e50b6e4efce7b074118791dfc6171742b864c5280467ae6c41d3714d.json
SKIP (exists): content/real/en/c2/.DS_Store
SKIP (exists): content/real/en/c2/012/.DS_Store
SKIP (exists): content/real/en/c2/012/images/fe3a53b24e92b03f8c9f7952f1da82641d042bf72bac8fd4d60b0a3cfe4f0552.png
SKIP (exists): content/real/en/c2/012/audio/d52cdc7849c04920168d3c37e091fe439535b6f4d37bdda9455052aadb50e8c0.wav
SKIP (exists): content/real/en/c2/012/data/660a28db82a6ef507d5e6145dbf2e07f36cd5b991fc8f7a6a9a166c61c21b5a6.json
SKIP (exists): content/real/en/c2/013/.DS_Store
SKIP (exists): content/real/en/c2/013/images/9245c83f376a36ba4f1df15bfcd6525515bf261db12622420b877490c26ce39a.png
SKIP (exists): content/real/en/c2/013/audio/ec5afe951313a6ca0535e421987ffc9e2c9f87c6adfd8b1a98c0465d16028eed.wav
SKIP (exists): content/real/en/c2/013/data/12f47eb23d2326901d5e335df8cb14c0bbee86662504cdba025fd42e21294353.json
SKIP (exists): content/real/en/c2/014/.DS_Store
SKIP (exists): content/real/en/c2/014/images/a3a2eb88843b637d671331aa72aec9da6691f9265c256493ef63fe7b7fcf7fa0.png
SKIP (exists): content/real/en/c2/014/audio/9b3b5231e881e71127766334e1daed93eba40367c38019b07be4bee46aeacca7.wav
SKIP (exists): content/real/en/c2/014/data/11739ff18c6049476e0d54deedf9e034cf1b6d4906fb1546c5557412c0701af4.json
SKIP (exists): content/real/en/c2/007/.DS_Store
SKIP (exists): content/real/en/c2/007/images/73fe9e7b0f55ae46e89fe4f8a3a876cd250c7fab959f01ad75d4af0392c13a5b.png
SKIP (exists): content/real/en/c2/007/audio/d10cd7234770f4cfd67ba236fe82ac6363a64759b7552d0cb074a743818aecd5.wav
SKIP (exists): content/real/en/c2/007/data/94ee964db8be1d735d2397bcf7e114a6cd5afd8b7b48026d18615ccca78e5862.json
SKIP (exists): content/real/en/c2/009/.DS_Store
SKIP (exists): content/real/en/c2/009/images/d19f8345ec136cafd47531a634a4f313858ca00f9504964753f15dafe8914d41.png
SKIP (exists): content/real/en/c2/009/audio/8e3cd4f8114b3f34dc7a398407c742da8db38e92e3d3b8a9459f43e8c6adadcf.wav
SKIP (exists): content/real/en/c2/009/data/483871b77b4cbded846791ae868a0acae5108cad06cee443ce0f7619f2cd0909.json
SKIP (exists): content/real/en/c2/008/.DS_Store
SKIP (exists): content/real/en/c2/008/images/3cb4c265655baa592e3a1f9af74bd5f909c6eec1d2ffcfd57948b39de4d7c3b2.png
SKIP (exists): content/real/en/c2/008/audio/49d190ef594b6363005184d88953f5e3cfab4a30f56d5513a9ae1f5009e8f72e.wav
SKIP (exists): content/real/en/c2/008/data/344b77161f8b3920bc42c95b0b1aac489ed719af90e74038e519625d10e603c5.json
SKIP (exists): content/real/en/c2/001/.DS_Store
SKIP (exists): content/real/en/c2/001/images/9ba28af02fdd408a832062609ea166746b8c4f9eb37e6c4ff49f8a6c5dc81714.png
SKIP (exists): content/real/en/c2/001/audio/d2abf8fb60516d4c38fe557530b8f39c068abf6d4e32cbbdae5c33131bc10aef.wav
SKIP (exists): content/real/en/c2/001/data/9f24ffc575fb6f162b9aeb0f95e8c9257f910ebbdd21d92e5ed6f2e8e39a272b.json
SKIP (exists): content/real/en/c2/006/.DS_Store
SKIP (exists): content/real/en/c2/006/images/7dab63d4f0187b995efc3c8e4650fae2d86f952a3155113c8cc6dec0221e87fe.png
SKIP (exists): content/real/en/c2/006/audio/218caeb7e4b69c63c88b5d4d59069d0c7fb8646a1a28fd32af004e9193a4b3f1.wav
SKIP (exists): content/real/en/c2/006/data/64af8b08ad2a1310b5ab73c7f0710ce1747963ae0e1964f084d6e284031f3927.json
SKIP (exists): content/real/en/c2/020/.DS_Store
SKIP (exists): content/real/en/c2/020/images/0a55f1946f2427a0c9a90258576f0587f2a229967bbc7396c3fc03d6d4ab94ba.png
SKIP (exists): content/real/en/c2/020/audio/3823ba52e3c6f999106ff8b5cffdefdc05006ac8e8b20dd1b41077a74331ca29.wav
SKIP (exists): content/real/en/c2/020/data/8632e52910babec4843fcc1a0cf9b4d09d36abd4dcf52cc4750f4e8a620c90a3.json
SKIP (exists): content/real/en/c2/018/.DS_Store
SKIP (exists): content/real/en/c2/018/images/4c680c403fd44cd064a3ef9f19275d06c8de8bf80e9b7a30fd0fe6a21c0f0558.png
SKIP (exists): content/real/en/c2/018/audio/c60d3122d15509b0b8f19bdfe657c9b5a2e0966eae7d9aae57ff8ea87457b65e.wav
SKIP (exists): content/real/en/c2/018/data/61be7262f28176d3dc1f12f69cd1d2d66f8250dccc760b746e1a8c887f33a525.json
SKIP (exists): content/real/en/c2/011/.DS_Store
SKIP (exists): content/real/en/c2/011/images/5e8b0691c12593d0212bb16602793000a7578eaf9dcc98bc55410ff14f85797c.png
SKIP (exists): content/real/en/c2/011/audio/4097451ce73f15e09e4b62ddbc829216ee12173e2a4d417cdc8e195d0cd411d7.wav
SKIP (exists): content/real/en/c2/011/data/d64eebff207cab21294636402f351515f9e55b039db08ff452b64f674dcc0732.json
SKIP (exists): content/real/en/c2/016/.DS_Store
SKIP (exists): content/real/en/c2/016/images/cf6b6f2bbd1fb85f360504351d48da0e8019e28140eb184babf8be759e2f536b.png
SKIP (exists): content/real/en/c2/016/audio/d5f5d838ea418539bf0595ae82029fb72d9a2bc6dc8da0a37589118466a0b347.wav
SKIP (exists): content/real/en/c2/016/data/7b337b078ca1e86a6e4dc3992d5e109f5f2311f47ab4a2de06ddbfaa5cd6f15c.json
SKIP (exists): content/real/en/c2/017/.DS_Store
SKIP (exists): content/real/en/c2/017/images/679f4fabf3ae86ba7b887802725b2a8f80e492fdfb2505755dccb0722a76a033.png
SKIP (exists): content/real/en/c2/017/audio/77ecf07fb907b2e158ac24fae60772c2f1a91d0f8609d15f5c1316435f81912f.wav
SKIP (exists): content/real/en/c2/017/data/c81ac68de6eb5d0ba5ce3b3545f4c7e6f1bf906259db8065728544bc79359a43.json
SKIP (exists): content/real/en/c2/010/.DS_Store
SKIP (exists): content/real/en/c2/010/images/3876ed4d204407c24136b03e39f89d0b3908bffbcadb876dba5268d8989666a3.png
SKIP (exists): content/real/en/c2/010/audio/622a5c2581e5136650411413821c8786ecd19e566cadbedfb04b93ec11552441.wav
SKIP (exists): content/real/en/c2/010/data/bc8f3fb1ca594bc4ed2ff50bad4f81fb3c1a2af45fb4e3688f3ded1d083803ed.json
SKIP (exists): content/real/en/c2/019/.DS_Store
SKIP (exists): content/real/en/c2/019/images/44bcac4c1c95c6f983e979e6d5789241da0c1e0dffc51a427bcaad82ec1f3091.png
SKIP (exists): content/real/en/c2/019/audio/90dd8dad4f03c58271ac9754f2ce234d9260fe821a5ea73c34a771d7d9966549.wav
SKIP (exists): content/real/en/c2/019/data/d5492054bf20638e95346209e8b94d2b633875340fa5a864a00eb072a84d717e.json
SKIP (exists): content/real/en/c2/003/.DS_Store
SKIP (exists): content/real/en/c2/003/images/1b2dba91f6125dd1f4bc7ffed77cc23ddf24a243a8884872438bff8bed32eb17.png
SKIP (exists): content/real/en/c2/003/audio/4d31d2a876d46357cc838f1742150648e91b8f13a69658c2c5b272e10445335d.wav
SKIP (exists): content/real/en/c2/003/data/e60f1557c3e9bb8d9c6faa2b4e7db20d8b3a3cc6d286425c717abb0fc84f9504.json
SKIP (exists): content/real/en/c2/004/.DS_Store
SKIP (exists): content/real/en/c2/004/images/047127e049f2cf415281be7a8f1c23cbe6cbc55326270d439122ac18d858943e.png
SKIP (exists): content/real/en/c2/004/audio/59ed1c9c7a91728541704676f3cc0f831d7c498f0b74e768cbc1058a2dff883b.wav
SKIP (exists): content/real/en/c2/004/data/e697be87bfb937c03b68866fe7d5da3e1fe4d8e5e342ccc54a23265aec24ea7e.json
SKIP (exists): content/real/en/c2/005/.DS_Store
SKIP (exists): content/real/en/c2/005/images/65cb3173fba0a9bde476fc65551ea4211bfc50861f567f68a44d3564d340efe1.png
SKIP (exists): content/real/en/c2/005/audio/b746d4288d6caacabb0521929e7c22818964009011a7264fe087f32ab1f15772.wav
SKIP (exists): content/real/en/c2/005/data/a15df6f936d50f1e13712140b27fc7bcb4659eb8601d7f2b6871465576d7e206.json
SKIP (exists): content/real/en/c2/002/.DS_Store
SKIP (exists): content/real/en/c2/002/images/6c67cb984d4dec3b2fd269ac0a8230f18b087e39f9b6d1ce825dbd849b789e78.png
SKIP (exists): content/real/en/c2/002/audio/034e7006b539211584013d61aac774e9199fe556675d52404a8d30d60405a3c0.wav
SKIP (exists): content/real/en/c2/002/data/9c5cda861e230cc3d63c31ec90113e38cd86cc4a24e26236611b09f1d4a2eb47.json
SKIP (exists): content/idiom/.DS_Store
SKIP (exists): content/idiom/pt/b2/007/audio/idiom_b2_007.wav
SKIP (exists): content/idiom/pt/b2/007/data/data.json
SKIP (exists): content/idiom/pt/b2/001/audio/idiom_b2_001.wav
SKIP (exists): content/idiom/pt/b2/001/data/data.json
SKIP (exists): content/idiom/pt/b2/006/audio/idiom_b2_006.wav
SKIP (exists): content/idiom/pt/b2/006/data/data.json
SKIP (exists): content/idiom/pt/b2/003/audio/idiom_b2_003.wav
SKIP (exists): content/idiom/pt/b2/003/data/data.json
SKIP (exists): content/idiom/pt/b2/004/audio/idiom_b2_004.wav
SKIP (exists): content/idiom/pt/b2/004/data/data.json
SKIP (exists): content/idiom/pt/b2/005/audio/idiom_b2_005.wav
SKIP (exists): content/idiom/pt/b2/005/data/data.json
SKIP (exists): content/idiom/pt/b2/002/audio/idiom_b2_002.wav
SKIP (exists): content/idiom/pt/b2/002/data/data.json
SKIP (exists): content/idiom/pt/a2/007/audio/idiom_a2_007.wav
SKIP (exists): content/idiom/pt/a2/007/data/data.json
SKIP (exists): content/idiom/pt/a2/001/audio/idiom_a2_001.wav
SKIP (exists): content/idiom/pt/a2/001/data/data.json
SKIP (exists): content/idiom/pt/a2/006/audio/idiom_a2_006.wav
SKIP (exists): content/idiom/pt/a2/006/data/data.json
SKIP (exists): content/idiom/pt/a2/003/audio/idiom_a2_003.wav
SKIP (exists): content/idiom/pt/a2/003/data/data.json
SKIP (exists): content/idiom/pt/a2/004/audio/idiom_a2_004.wav
SKIP (exists): content/idiom/pt/a2/004/data/data.json
SKIP (exists): content/idiom/pt/a2/005/audio/idiom_a2_005.wav
SKIP (exists): content/idiom/pt/a2/005/data/data.json
SKIP (exists): content/idiom/pt/a2/002/audio/idiom_a2_002.wav
SKIP (exists): content/idiom/pt/a2/002/data/data.json
SKIP (exists): content/idiom/pt/c1/001/audio/idiom_c1_001.wav
SKIP (exists): content/idiom/pt/c1/001/data/data.json
SKIP (exists): content/idiom/pt/c1/006/audio/idiom_c1_006.wav
SKIP (exists): content/idiom/pt/c1/006/data/data.json
SKIP (exists): content/idiom/pt/c1/003/audio/idiom_c1_003.wav
SKIP (exists): content/idiom/pt/c1/003/data/data.json
SKIP (exists): content/idiom/pt/c1/004/audio/idiom_c1_004.wav
SKIP (exists): content/idiom/pt/c1/004/data/data.json
SKIP (exists): content/idiom/pt/c1/005/audio/idiom_c1_005.wav
SKIP (exists): content/idiom/pt/c1/005/data/data.json
SKIP (exists): content/idiom/pt/c1/002/audio/idiom_c1_002.wav
SKIP (exists): content/idiom/pt/c1/002/data/data.json
SKIP (exists): content/idiom/pt/b1/007/audio/idiom_b1_007.wav
SKIP (exists): content/idiom/pt/b1/007/data/data.json
SKIP (exists): content/idiom/pt/b1/001/data/data.json
SKIP (exists): content/idiom/pt/b1/006/audio/idiom_b1_006.wav
SKIP (exists): content/idiom/pt/b1/006/data/data.json
SKIP (exists): content/idiom/pt/b1/003/audio/idiom_b1_003.wav
SKIP (exists): content/idiom/pt/b1/003/data/data.json
SKIP (exists): content/idiom/pt/b1/004/audio/idiom_b1_004.wav
SKIP (exists): content/idiom/pt/b1/004/data/data.json
SKIP (exists): content/idiom/pt/b1/005/audio/idiom_b1_005.wav
SKIP (exists): content/idiom/pt/b1/005/data/data.json
SKIP (exists): content/idiom/pt/b1/002/audio/idiom_b1_002.wav
SKIP (exists): content/idiom/pt/b1/002/data/data.json
SKIP (exists): content/idiom/pt/a1/007/audio/idiom_a1_007.wav
SKIP (exists): content/idiom/pt/a1/007/data/data.json
SKIP (exists): content/idiom/pt/a1/001/audio/idiom_a1_001.wav
SKIP (exists): content/idiom/pt/a1/001/data/data.json
SKIP (exists): content/idiom/pt/a1/006/audio/idiom_a1_006.wav
SKIP (exists): content/idiom/pt/a1/006/data/data.json
SKIP (exists): content/idiom/pt/a1/003/audio/idiom_a1_003.wav
SKIP (exists): content/idiom/pt/a1/003/data/data.json
SKIP (exists): content/idiom/pt/a1/004/audio/idiom_a1_004.wav
SKIP (exists): content/idiom/pt/a1/004/data/data.json
SKIP (exists): content/idiom/pt/a1/005/audio/idiom_a1_005.wav
SKIP (exists): content/idiom/pt/a1/005/data/data.json
SKIP (exists): content/idiom/pt/a1/002/audio/idiom_a1_002.wav
SKIP (exists): content/idiom/pt/a1/002/data/data.json
SKIP (exists): content/idiom/pt/c2/001/audio/idiom_c2_001.wav
SKIP (exists): content/idiom/pt/c2/001/data/data.json
SKIP (exists): content/idiom/pt/c2/003/audio/idiom_c2_003.wav
SKIP (exists): content/idiom/pt/c2/003/data/data.json
SKIP (exists): content/idiom/pt/c2/004/audio/idiom_c2_004.wav
SKIP (exists): content/idiom/pt/c2/004/data/data.json
SKIP (exists): content/idiom/pt/c2/002/audio/idiom_c2_002.wav
SKIP (exists): content/idiom/pt/c2/002/data/data.json
SKIP (exists): content/idiom/kr/.DS_Store
SKIP (exists): content/idiom/kr/b2/007/audio/idiom_b2_007.cues.json
SKIP (exists): content/idiom/kr/b2/007/audio/idiom_b2_007.wav
SKIP (exists): content/idiom/kr/b2/007/data/data.json
SKIP (exists): content/idiom/kr/b2/001/audio/idiom_b2_001.cues.json
SKIP (exists): content/idiom/kr/b2/001/audio/idiom_b2_001.wav
SKIP (exists): content/idiom/kr/b2/001/data/data.json
SKIP (exists): content/idiom/kr/b2/006/audio/idiom_b2_006.cues.json
SKIP (exists): content/idiom/kr/b2/006/audio/idiom_b2_006.wav
SKIP (exists): content/idiom/kr/b2/006/data/data.json
SKIP (exists): content/idiom/kr/b2/003/audio/idiom_b2_003.cues.json
SKIP (exists): content/idiom/kr/b2/003/audio/idiom_b2_003.wav
SKIP (exists): content/idiom/kr/b2/003/data/data.json
SKIP (exists): content/idiom/kr/b2/004/audio/idiom_b2_004.cues.json
SKIP (exists): content/idiom/kr/b2/004/audio/idiom_b2_004.wav
SKIP (exists): content/idiom/kr/b2/004/data/data.json
SKIP (exists): content/idiom/kr/b2/005/audio/idiom_b2_005.cues.json
SKIP (exists): content/idiom/kr/b2/005/audio/idiom_b2_005.wav
SKIP (exists): content/idiom/kr/b2/005/data/data.json
SKIP (exists): content/idiom/kr/b2/002/audio/idiom_b2_002.cues.json
SKIP (exists): content/idiom/kr/b2/002/audio/idiom_b2_002.wav
SKIP (exists): content/idiom/kr/b2/002/data/data.json
SKIP (exists): content/idiom/kr/a2/007/audio/idiom_a2_007.wav
SKIP (exists): content/idiom/kr/a2/007/audio/idiom_a2_007.cues.json
SKIP (exists): content/idiom/kr/a2/007/data/data.json
SKIP (exists): content/idiom/kr/a2/001/audio/idiom_a2_001.cues.json
SKIP (exists): content/idiom/kr/a2/001/audio/idiom_a2_001.wav
SKIP (exists): content/idiom/kr/a2/001/data/data.json
SKIP (exists): content/idiom/kr/a2/006/audio/idiom_a2_006.cues.json
SKIP (exists): content/idiom/kr/a2/006/audio/idiom_a2_006.wav
SKIP (exists): content/idiom/kr/a2/006/data/data.json
SKIP (exists): content/idiom/kr/a2/003/audio/idiom_a2_003.wav
SKIP (exists): content/idiom/kr/a2/003/audio/idiom_a2_003.cues.json
SKIP (exists): content/idiom/kr/a2/003/data/data.json
SKIP (exists): content/idiom/kr/a2/004/audio/idiom_a2_004.wav
SKIP (exists): content/idiom/kr/a2/004/audio/idiom_a2_004.cues.json
SKIP (exists): content/idiom/kr/a2/004/data/data.json
SKIP (exists): content/idiom/kr/a2/005/audio/idiom_a2_005.wav
SKIP (exists): content/idiom/kr/a2/005/audio/idiom_a2_005.cues.json
SKIP (exists): content/idiom/kr/a2/005/data/data.json
SKIP (exists): content/idiom/kr/a2/002/audio/idiom_a2_002.wav
SKIP (exists): content/idiom/kr/a2/002/audio/idiom_a2_002.cues.json
SKIP (exists): content/idiom/kr/a2/002/data/data.json
SKIP (exists): content/idiom/kr/c1/001/audio/idiom_c1_001.cues.json
SKIP (exists): content/idiom/kr/c1/001/audio/idiom_c1_001.wav
SKIP (exists): content/idiom/kr/c1/001/data/data.json
SKIP (exists): content/idiom/kr/c1/006/audio/idiom_c1_006.cues.json
SKIP (exists): content/idiom/kr/c1/006/audio/idiom_c1_006.wav
SKIP (exists): content/idiom/kr/c1/006/data/data.json
SKIP (exists): content/idiom/kr/c1/003/audio/idiom_c1_003.cues.json
SKIP (exists): content/idiom/kr/c1/003/audio/idiom_c1_003.wav
SKIP (exists): content/idiom/kr/c1/003/data/data.json
SKIP (exists): content/idiom/kr/c1/004/audio/idiom_c1_004.wav
SKIP (exists): content/idiom/kr/c1/004/audio/idiom_c1_004.cues.json
SKIP (exists): content/idiom/kr/c1/004/data/data.json
SKIP (exists): content/idiom/kr/c1/005/audio/idiom_c1_005.wav
SKIP (exists): content/idiom/kr/c1/005/audio/idiom_c1_005.cues.json
SKIP (exists): content/idiom/kr/c1/005/data/data.json
SKIP (exists): content/idiom/kr/c1/002/audio/idiom_c1_002.wav
SKIP (exists): content/idiom/kr/c1/002/audio/idiom_c1_002.cues.json
SKIP (exists): content/idiom/kr/c1/002/data/data.json
SKIP (exists): content/idiom/kr/b1/007/audio/idiom_b1_007.cues.json
SKIP (exists): content/idiom/kr/b1/007/audio/idiom_b1_007.wav
SKIP (exists): content/idiom/kr/b1/007/data/data.json
SKIP (exists): content/idiom/kr/b1/001/data/data.json
SKIP (exists): content/idiom/kr/b1/006/audio/idiom_b1_006.cues.json
SKIP (exists): content/idiom/kr/b1/006/audio/idiom_b1_006.wav
SKIP (exists): content/idiom/kr/b1/006/data/data.json
SKIP (exists): content/idiom/kr/b1/003/audio/idiom_b1_003.wav
SKIP (exists): content/idiom/kr/b1/003/audio/idiom_b1_003.cues.json
SKIP (exists): content/idiom/kr/b1/003/data/data.json
SKIP (exists): content/idiom/kr/b1/004/audio/idiom_b1_004.wav
SKIP (exists): content/idiom/kr/b1/004/audio/idiom_b1_004.cues.json
SKIP (exists): content/idiom/kr/b1/004/data/data.json
SKIP (exists): content/idiom/kr/b1/005/audio/idiom_b1_005.cues.json
SKIP (exists): content/idiom/kr/b1/005/audio/idiom_b1_005.wav
SKIP (exists): content/idiom/kr/b1/005/data/data.json
SKIP (exists): content/idiom/kr/b1/002/audio/idiom_b1_002.wav
SKIP (exists): content/idiom/kr/b1/002/audio/idiom_b1_002.cues.json
SKIP (exists): content/idiom/kr/b1/002/data/data.json
SKIP (exists): content/idiom/kr/a1/.DS_Store
SKIP (exists): content/idiom/kr/a1/007/audio/idiom_a1_007.wav
SKIP (exists): content/idiom/kr/a1/007/audio/idiom_a1_007.cues.json
SKIP (exists): content/idiom/kr/a1/007/data/data.json
SKIP (exists): content/idiom/kr/a1/001/.DS_Store
SKIP (exists): content/idiom/kr/a1/001/audio/idiom_a1_001.wav
SKIP (exists): content/idiom/kr/a1/001/audio/idiom_a1_001.cues.json
SKIP (exists): content/idiom/kr/a1/001/data/data.json
SKIP (exists): content/idiom/kr/a1/006/audio/idiom_a1_006.wav
SKIP (exists): content/idiom/kr/a1/006/audio/idiom_a1_006.cues.json
SKIP (exists): content/idiom/kr/a1/006/data/data.json
SKIP (exists): content/idiom/kr/a1/003/audio/idiom_a1_003.wav
SKIP (exists): content/idiom/kr/a1/003/audio/idiom_a1_003.cues.json
SKIP (exists): content/idiom/kr/a1/003/data/data.json
SKIP (exists): content/idiom/kr/a1/004/audio/idiom_a1_004.wav
SKIP (exists): content/idiom/kr/a1/004/audio/idiom_a1_004.cues.json
SKIP (exists): content/idiom/kr/a1/004/data/data.json
SKIP (exists): content/idiom/kr/a1/005/audio/idiom_a1_005.wav
SKIP (exists): content/idiom/kr/a1/005/audio/idiom_a1_005.cues.json
SKIP (exists): content/idiom/kr/a1/005/data/data.json
SKIP (exists): content/idiom/kr/a1/002/audio/idiom_a1_002.wav
SKIP (exists): content/idiom/kr/a1/002/audio/idiom_a1_002.cues.json
SKIP (exists): content/idiom/kr/a1/002/data/data.json
SKIP (exists): content/idiom/kr/c2/.DS_Store
SKIP (exists): content/idiom/kr/c2/001/.DS_Store
SKIP (exists): content/idiom/kr/c2/001/audio/idiom_c2_001.cues.json
SKIP (exists): content/idiom/kr/c2/001/audio/idiom_c2_001.wav
SKIP (exists): content/idiom/kr/c2/001/data/data.json
SKIP (exists): content/idiom/kr/c2/003/audio/idiom_c2_003.cues.json
SKIP (exists): content/idiom/kr/c2/003/audio/idiom_c2_003.wav
SKIP (exists): content/idiom/kr/c2/003/data/data.json
SKIP (exists): content/idiom/kr/c2/004/audio/idiom_c2_004.cues.json
SKIP (exists): content/idiom/kr/c2/004/audio/idiom_c2_004.wav
SKIP (exists): content/idiom/kr/c2/004/data/data.json
SKIP (exists): content/idiom/kr/c2/002/audio/idiom_c2_002.wav
SKIP (exists): content/idiom/kr/c2/002/audio/idiom_c2_002.cues.json
SKIP (exists): content/idiom/kr/c2/002/data/data.json
SKIP (exists): content/idiom/fr/b2/007/audio/idiom_b2_007.wav
SKIP (exists): content/idiom/fr/b2/007/data/data.json
SKIP (exists): content/idiom/fr/b2/001/audio/idiom_b2_001.wav
SKIP (exists): content/idiom/fr/b2/001/data/data.json
SKIP (exists): content/idiom/fr/b2/006/audio/idiom_b2_006.wav
SKIP (exists): content/idiom/fr/b2/006/data/data.json
SKIP (exists): content/idiom/fr/b2/003/audio/idiom_b2_003.wav
SKIP (exists): content/idiom/fr/b2/003/data/data.json
SKIP (exists): content/idiom/fr/b2/004/audio/idiom_b2_004.wav
SKIP (exists): content/idiom/fr/b2/004/data/data.json
SKIP (exists): content/idiom/fr/b2/005/audio/idiom_b2_005.wav
SKIP (exists): content/idiom/fr/b2/005/data/data.json
SKIP (exists): content/idiom/fr/b2/002/audio/idiom_b2_002.wav
SKIP (exists): content/idiom/fr/b2/002/data/data.json
SKIP (exists): content/idiom/fr/a2/007/audio/idiom_a2_007.wav
SKIP (exists): content/idiom/fr/a2/007/data/data.json
SKIP (exists): content/idiom/fr/a2/001/audio/idiom_a2_001.wav
SKIP (exists): content/idiom/fr/a2/001/data/data.json
SKIP (exists): content/idiom/fr/a2/006/audio/idiom_a2_006.wav
SKIP (exists): content/idiom/fr/a2/006/data/data.json
SKIP (exists): content/idiom/fr/a2/003/audio/idiom_a2_003.wav
SKIP (exists): content/idiom/fr/a2/003/data/data.json
SKIP (exists): content/idiom/fr/a2/004/audio/idiom_a2_004.wav
SKIP (exists): content/idiom/fr/a2/004/data/data.json
SKIP (exists): content/idiom/fr/a2/005/audio/idiom_a2_005.wav
SKIP (exists): content/idiom/fr/a2/005/data/data.json
SKIP (exists): content/idiom/fr/a2/002/audio/idiom_a2_002.wav
SKIP (exists): content/idiom/fr/a2/002/data/data.json
SKIP (exists): content/idiom/fr/c1/001/audio/idiom_c1_001.wav
SKIP (exists): content/idiom/fr/c1/001/data/data.json
SKIP (exists): content/idiom/fr/c1/006/audio/idiom_c1_006.wav
SKIP (exists): content/idiom/fr/c1/006/data/data.json
SKIP (exists): content/idiom/fr/c1/003/audio/idiom_c1_003.wav
SKIP (exists): content/idiom/fr/c1/003/data/data.json
SKIP (exists): content/idiom/fr/c1/004/audio/idiom_c1_004.wav
SKIP (exists): content/idiom/fr/c1/004/data/data.json
SKIP (exists): content/idiom/fr/c1/005/audio/idiom_c1_005.wav
SKIP (exists): content/idiom/fr/c1/005/data/data.json
SKIP (exists): content/idiom/fr/c1/002/audio/idiom_c1_002.wav
SKIP (exists): content/idiom/fr/c1/002/data/data.json
SKIP (exists): content/idiom/fr/b1/007/audio/idiom_b1_007.wav
SKIP (exists): content/idiom/fr/b1/007/data/data.json
SKIP (exists): content/idiom/fr/b1/001/data/data.json
SKIP (exists): content/idiom/fr/b1/006/audio/idiom_b1_006.wav
SKIP (exists): content/idiom/fr/b1/006/data/data.json
SKIP (exists): content/idiom/fr/b1/003/audio/idiom_b1_003.wav
SKIP (exists): content/idiom/fr/b1/003/data/data.json
SKIP (exists): content/idiom/fr/b1/004/audio/idiom_b1_004.wav
SKIP (exists): content/idiom/fr/b1/004/data/data.json
SKIP (exists): content/idiom/fr/b1/005/audio/idiom_b1_005.wav
SKIP (exists): content/idiom/fr/b1/005/data/data.json
SKIP (exists): content/idiom/fr/b1/002/audio/idiom_b1_002.wav
SKIP (exists): content/idiom/fr/b1/002/data/data.json
SKIP (exists): content/idiom/fr/a1/007/audio/idiom_a1_007.wav
SKIP (exists): content/idiom/fr/a1/007/data/data.json
SKIP (exists): content/idiom/fr/a1/001/audio/idiom_a1_001.wav
SKIP (exists): content/idiom/fr/a1/001/data/data.json
SKIP (exists): content/idiom/fr/a1/006/audio/idiom_a1_006.wav
SKIP (exists): content/idiom/fr/a1/006/data/data.json
SKIP (exists): content/idiom/fr/a1/003/audio/idiom_a1_003.wav
SKIP (exists): content/idiom/fr/a1/003/data/data.json
SKIP (exists): content/idiom/fr/a1/004/audio/idiom_a1_004.wav
SKIP (exists): content/idiom/fr/a1/004/data/data.json
SKIP (exists): content/idiom/fr/a1/005/audio/idiom_a1_005.wav
SKIP (exists): content/idiom/fr/a1/005/data/data.json
SKIP (exists): content/idiom/fr/a1/002/audio/idiom_a1_002.wav
SKIP (exists): content/idiom/fr/a1/002/data/data.json
SKIP (exists): content/idiom/fr/c2/001/audio/idiom_c2_001.wav
SKIP (exists): content/idiom/fr/c2/001/data/data.json
SKIP (exists): content/idiom/fr/c2/003/audio/idiom_c2_003.wav
SKIP (exists): content/idiom/fr/c2/003/data/data.json
SKIP (exists): content/idiom/fr/c2/004/audio/idiom_c2_004.wav
SKIP (exists): content/idiom/fr/c2/004/data/data.json
SKIP (exists): content/idiom/fr/c2/002/audio/idiom_c2_002.wav
SKIP (exists): content/idiom/fr/c2/002/data/data.json
SKIP (exists): content/idiom/es/b2/007/audio/idiom_b2_007.wav
SKIP (exists): content/idiom/es/b2/007/data/data.json
SKIP (exists): content/idiom/es/b2/001/audio/idiom_b2_001.wav
SKIP (exists): content/idiom/es/b2/001/data/data.json
SKIP (exists): content/idiom/es/b2/006/audio/idiom_b2_006.wav
SKIP (exists): content/idiom/es/b2/006/data/data.json
SKIP (exists): content/idiom/es/b2/003/audio/idiom_b2_003.wav
SKIP (exists): content/idiom/es/b2/003/data/data.json
SKIP (exists): content/idiom/es/b2/004/audio/idiom_b2_004.wav
SKIP (exists): content/idiom/es/b2/004/data/data.json
SKIP (exists): content/idiom/es/b2/005/audio/idiom_b2_005.wav
SKIP (exists): content/idiom/es/b2/005/data/data.json
SKIP (exists): content/idiom/es/b2/002/audio/idiom_b2_002.wav
SKIP (exists): content/idiom/es/b2/002/data/data.json
SKIP (exists): content/idiom/es/a2/007/audio/idiom_a2_007.wav
SKIP (exists): content/idiom/es/a2/007/data/data.json
SKIP (exists): content/idiom/es/a2/001/audio/idiom_a2_001.wav
SKIP (exists): content/idiom/es/a2/001/data/data.json
SKIP (exists): content/idiom/es/a2/006/audio/idiom_a2_006.wav
SKIP (exists): content/idiom/es/a2/006/data/data.json
SKIP (exists): content/idiom/es/a2/003/audio/idiom_a2_003.wav
SKIP (exists): content/idiom/es/a2/003/data/data.json
SKIP (exists): content/idiom/es/a2/004/audio/idiom_a2_004.wav
SKIP (exists): content/idiom/es/a2/004/data/data.json
SKIP (exists): content/idiom/es/a2/005/audio/idiom_a2_005.wav
SKIP (exists): content/idiom/es/a2/005/data/data.json
SKIP (exists): content/idiom/es/a2/002/audio/idiom_a2_002.wav
SKIP (exists): content/idiom/es/a2/002/data/data.json
SKIP (exists): content/idiom/es/c1/001/audio/idiom_c1_001.wav
SKIP (exists): content/idiom/es/c1/001/data/data.json
SKIP (exists): content/idiom/es/c1/006/audio/idiom_c1_006.wav
SKIP (exists): content/idiom/es/c1/006/data/data.json
SKIP (exists): content/idiom/es/c1/003/audio/idiom_c1_003.wav
SKIP (exists): content/idiom/es/c1/003/data/data.json
SKIP (exists): content/idiom/es/c1/004/audio/idiom_c1_004.wav
SKIP (exists): content/idiom/es/c1/004/data/data.json
SKIP (exists): content/idiom/es/c1/005/audio/idiom_c1_005.wav
SKIP (exists): content/idiom/es/c1/005/data/data.json
SKIP (exists): content/idiom/es/c1/002/audio/idiom_c1_002.wav
SKIP (exists): content/idiom/es/c1/002/data/data.json
SKIP (exists): content/idiom/es/b1/007/audio/idiom_b1_007.wav
SKIP (exists): content/idiom/es/b1/007/data/data.json
SKIP (exists): content/idiom/es/b1/001/data/data.json
SKIP (exists): content/idiom/es/b1/006/audio/idiom_b1_006.wav
SKIP (exists): content/idiom/es/b1/006/data/data.json
SKIP (exists): content/idiom/es/b1/003/audio/idiom_b1_003.wav
SKIP (exists): content/idiom/es/b1/003/data/data.json
SKIP (exists): content/idiom/es/b1/004/audio/idiom_b1_004.wav
SKIP (exists): content/idiom/es/b1/004/data/data.json
SKIP (exists): content/idiom/es/b1/005/audio/idiom_b1_005.wav
SKIP (exists): content/idiom/es/b1/005/data/data.json
SKIP (exists): content/idiom/es/b1/002/audio/idiom_b1_002.wav
SKIP (exists): content/idiom/es/b1/002/data/data.json
SKIP (exists): content/idiom/es/a1/007/audio/idiom_a1_007.wav
SKIP (exists): content/idiom/es/a1/007/data/data.json
SKIP (exists): content/idiom/es/a1/001/audio/idiom_a1_001.wav
SKIP (exists): content/idiom/es/a1/001/data/data.json
SKIP (exists): content/idiom/es/a1/006/audio/idiom_a1_006.wav
SKIP (exists): content/idiom/es/a1/006/data/data.json
SKIP (exists): content/idiom/es/a1/003/audio/idiom_a1_003.wav
SKIP (exists): content/idiom/es/a1/003/data/data.json
SKIP (exists): content/idiom/es/a1/004/audio/idiom_a1_004.wav
SKIP (exists): content/idiom/es/a1/004/data/data.json
SKIP (exists): content/idiom/es/a1/005/audio/idiom_a1_005.wav
SKIP (exists): content/idiom/es/a1/005/data/data.json
SKIP (exists): content/idiom/es/a1/002/audio/idiom_a1_002.wav
SKIP (exists): content/idiom/es/a1/002/data/data.json
SKIP (exists): content/idiom/es/c2/001/audio/idiom_c2_001.wav
SKIP (exists): content/idiom/es/c2/001/data/data.json
SKIP (exists): content/idiom/es/c2/003/audio/idiom_c2_003.wav
SKIP (exists): content/idiom/es/c2/003/data/data.json
SKIP (exists): content/idiom/es/c2/004/audio/idiom_c2_004.wav
SKIP (exists): content/idiom/es/c2/004/data/data.json
SKIP (exists): content/idiom/es/c2/002/audio/idiom_c2_002.wav
SKIP (exists): content/idiom/es/c2/002/data/data.json
SKIP (exists): content/idiom/en/b2/007/audio/idiom_b2_007.wav
SKIP (exists): content/idiom/en/b2/007/data/data.json
SKIP (exists): content/idiom/en/b2/001/audio/idiom_b2_001.wav
SKIP (exists): content/idiom/en/b2/001/data/data.json
SKIP (exists): content/idiom/en/b2/006/audio/idiom_b2_006.wav
SKIP (exists): content/idiom/en/b2/006/data/data.json
SKIP (exists): content/idiom/en/b2/003/audio/idiom_b2_003.wav
SKIP (exists): content/idiom/en/b2/003/data/data.json
SKIP (exists): content/idiom/en/b2/004/audio/idiom_b2_004.wav
SKIP (exists): content/idiom/en/b2/004/data/data.json
SKIP (exists): content/idiom/en/b2/005/audio/idiom_b2_005.wav
SKIP (exists): content/idiom/en/b2/005/data/data.json
SKIP (exists): content/idiom/en/b2/002/audio/idiom_b2_002.wav
SKIP (exists): content/idiom/en/b2/002/data/data.json
SKIP (exists): content/idiom/en/a2/007/audio/idiom_a2_007.wav
SKIP (exists): content/idiom/en/a2/007/data/data.json
SKIP (exists): content/idiom/en/a2/001/audio/idiom_a2_001.wav
SKIP (exists): content/idiom/en/a2/001/data/data.json
SKIP (exists): content/idiom/en/a2/006/audio/idiom_a2_006.wav
SKIP (exists): content/idiom/en/a2/006/data/data.json
SKIP (exists): content/idiom/en/a2/003/audio/idiom_a2_003.wav
SKIP (exists): content/idiom/en/a2/003/data/data.json
SKIP (exists): content/idiom/en/a2/004/audio/idiom_a2_004.wav
SKIP (exists): content/idiom/en/a2/004/data/data.json
SKIP (exists): content/idiom/en/a2/005/audio/idiom_a2_005.wav
SKIP (exists): content/idiom/en/a2/005/data/data.json
SKIP (exists): content/idiom/en/a2/002/audio/idiom_a2_002.wav
SKIP (exists): content/idiom/en/a2/002/data/data.json
SKIP (exists): content/idiom/en/c1/001/audio/idiom_c1_001.wav
SKIP (exists): content/idiom/en/c1/001/data/data.json
SKIP (exists): content/idiom/en/c1/006/audio/idiom_c1_006.wav
SKIP (exists): content/idiom/en/c1/006/data/data.json
SKIP (exists): content/idiom/en/c1/003/audio/idiom_c1_003.wav
SKIP (exists): content/idiom/en/c1/003/data/data.json
SKIP (exists): content/idiom/en/c1/004/audio/idiom_c1_004.wav
SKIP (exists): content/idiom/en/c1/004/data/data.json
SKIP (exists): content/idiom/en/c1/005/audio/idiom_c1_005.wav
SKIP (exists): content/idiom/en/c1/005/data/data.json
SKIP (exists): content/idiom/en/c1/002/audio/idiom_c1_002.wav
SKIP (exists): content/idiom/en/c1/002/data/data.json
SKIP (exists): content/idiom/en/b1/007/audio/idiom_b1_007.wav
SKIP (exists): content/idiom/en/b1/007/data/data.json
SKIP (exists): content/idiom/en/b1/001/data/data.json
SKIP (exists): content/idiom/en/b1/006/audio/idiom_b1_006.wav
SKIP (exists): content/idiom/en/b1/006/data/data.json
SKIP (exists): content/idiom/en/b1/003/audio/idiom_b1_003.wav
SKIP (exists): content/idiom/en/b1/003/data/data.json
SKIP (exists): content/idiom/en/b1/004/audio/idiom_b1_004.wav
SKIP (exists): content/idiom/en/b1/004/data/data.json
SKIP (exists): content/idiom/en/b1/005/audio/idiom_b1_005.wav
SKIP (exists): content/idiom/en/b1/005/data/data.json
SKIP (exists): content/idiom/en/b1/002/audio/idiom_b1_002.wav
SKIP (exists): content/idiom/en/b1/002/data/data.json
SKIP (exists): content/idiom/en/a1/007/audio/idiom_a1_007.wav
SKIP (exists): content/idiom/en/a1/007/data/data.json
SKIP (exists): content/idiom/en/a1/001/audio/idiom_a1_001.wav
SKIP (exists): content/idiom/en/a1/001/data/data.json
SKIP (exists): content/idiom/en/a1/006/audio/idiom_a1_006.wav
SKIP (exists): content/idiom/en/a1/006/data/data.json
SKIP (exists): content/idiom/en/a1/003/audio/idiom_a1_003.wav
SKIP (exists): content/idiom/en/a1/003/data/data.json
SKIP (exists): content/idiom/en/a1/004/audio/idiom_a1_004.wav
SKIP (exists): content/idiom/en/a1/004/data/data.json
SKIP (exists): content/idiom/en/a1/005/audio/idiom_a1_005.wav
SKIP (exists): content/idiom/en/a1/005/data/data.json
SKIP (exists): content/idiom/en/a1/002/audio/idiom_a1_002.wav
SKIP (exists): content/idiom/en/a1/002/data/data.json
SKIP (exists): content/idiom/en/c2/001/audio/idiom_c2_001.wav
SKIP (exists): content/idiom/en/c2/001/data/data.json
SKIP (exists): content/idiom/en/c2/003/audio/idiom_c2_003.wav
SKIP (exists): content/idiom/en/c2/003/data/data.json
SKIP (exists): content/idiom/en/c2/004/audio/idiom_c2_004.wav
SKIP (exists): content/idiom/en/c2/004/data/data.json
SKIP (exists): content/idiom/en/c2/002/audio/idiom_c2_002.wav
SKIP (exists): content/idiom/en/c2/002/data/data.json
SKIP (exists): content/conversation/.DS_Store
SKIP (exists): content/conversation/pt/.DS_Store
SKIP (exists): content/conversation/pt/b2/.DS_Store
SKIP (exists): content/conversation/pt/b2/007/audio/conversation_b2_007.cues.json
SKIP (exists): content/conversation/pt/b2/007/audio/conversation_b2_007.wav
SKIP (exists): content/conversation/pt/b2/007/data/conversation_007.runtime.json
SKIP (exists): content/conversation/pt/b2/009/audio/conversation_b2_009.wav
SKIP (exists): content/conversation/pt/b2/009/audio/conversation_b2_009.cues.json
SKIP (exists): content/conversation/pt/b2/009/data/conversation_009.runtime.json
SKIP (exists): content/conversation/pt/b2/008/audio/conversation_b2_008.cues.json
SKIP (exists): content/conversation/pt/b2/008/audio/conversation_b2_008.wav
SKIP (exists): content/conversation/pt/b2/008/data/conversation_008.runtime.json
SKIP (exists): content/conversation/pt/b2/001/audio/conversation_b2_001.cues.json
SKIP (exists): content/conversation/pt/b2/001/audio/conversation_b2_001.wav
SKIP (exists): content/conversation/pt/b2/001/data/conversation_001.runtime.json
SKIP (exists): content/conversation/pt/b2/006/audio/conversation_b2_006.wav
SKIP (exists): content/conversation/pt/b2/006/audio/conversation_b2_006.cues.json
SKIP (exists): content/conversation/pt/b2/006/data/conversation_006.runtime.json
SKIP (exists): content/conversation/pt/b2/010/audio/conversation_b2_010.wav
SKIP (exists): content/conversation/pt/b2/010/audio/conversation_b2_010.cues.json
SKIP (exists): content/conversation/pt/b2/010/data/conversation_010.runtime.json
SKIP (exists): content/conversation/pt/b2/003/audio/conversation_b2_003.wav
SKIP (exists): content/conversation/pt/b2/003/audio/conversation_b2_003.cues.json
SKIP (exists): content/conversation/pt/b2/003/data/conversation_003.runtime.json
SKIP (exists): content/conversation/pt/b2/004/audio/conversation_b2_004.wav
SKIP (exists): content/conversation/pt/b2/004/audio/conversation_b2_004.cues.json
SKIP (exists): content/conversation/pt/b2/004/data/conversation_004.runtime.json
SKIP (exists): content/conversation/pt/b2/005/audio/conversation_b2_005.wav
SKIP (exists): content/conversation/pt/b2/005/audio/conversation_b2_005.cues.json
SKIP (exists): content/conversation/pt/b2/005/data/conversation_005.runtime.json
SKIP (exists): content/conversation/pt/b2/002/audio/conversation_b2_002.wav
SKIP (exists): content/conversation/pt/b2/002/audio/conversation_b2_002.cues.json
SKIP (exists): content/conversation/pt/b2/002/data/conversation_002.runtime.json
SKIP (exists): content/conversation/pt/a2/.DS_Store
SKIP (exists): content/conversation/pt/a2/007/audio/conversation_a2_007.cues.json
SKIP (exists): content/conversation/pt/a2/007/audio/conversation_a2_007.wav
SKIP (exists): content/conversation/pt/a2/007/data/conversation_007.runtime.json
SKIP (exists): content/conversation/pt/a2/009/audio/conversation_a2_009.wav
SKIP (exists): content/conversation/pt/a2/009/audio/conversation_a2_009.cues.json
SKIP (exists): content/conversation/pt/a2/009/data/conversation_009.runtime.json
SKIP (exists): content/conversation/pt/a2/008/audio/conversation_a2_008.wav
SKIP (exists): content/conversation/pt/a2/008/audio/conversation_a2_008.cues.json
SKIP (exists): content/conversation/pt/a2/008/data/conversation_008.runtime.json
SKIP (exists): content/conversation/pt/a2/001/audio/conversation_a2_001.cues.json
SKIP (exists): content/conversation/pt/a2/001/audio/conversation_a2_001.wav
SKIP (exists): content/conversation/pt/a2/001/data/conversation_001.runtime.json
SKIP (exists): content/conversation/pt/a2/006/audio/conversation_a2_006.cues.json
SKIP (exists): content/conversation/pt/a2/006/audio/conversation_a2_006.wav
SKIP (exists): content/conversation/pt/a2/006/data/conversation_006.runtime.json
SKIP (exists): content/conversation/pt/a2/010/audio/conversation_a2_010.wav
SKIP (exists): content/conversation/pt/a2/010/audio/conversation_a2_010.cues.json
SKIP (exists): content/conversation/pt/a2/010/data/conversation_010.runtime.json
SKIP (exists): content/conversation/pt/a2/003/audio/conversation_a2_003.wav
SKIP (exists): content/conversation/pt/a2/003/audio/conversation_a2_003.cues.json
SKIP (exists): content/conversation/pt/a2/003/data/conversation_003.runtime.json
SKIP (exists): content/conversation/pt/a2/004/audio/conversation_a2_004.wav
SKIP (exists): content/conversation/pt/a2/004/audio/conversation_a2_004.cues.json
SKIP (exists): content/conversation/pt/a2/004/data/conversation_004.runtime.json
SKIP (exists): content/conversation/pt/a2/005/audio/conversation_a2_005.wav
SKIP (exists): content/conversation/pt/a2/005/audio/conversation_a2_005.cues.json
SKIP (exists): content/conversation/pt/a2/005/data/conversation_005.runtime.json
SKIP (exists): content/conversation/pt/a2/002/audio/conversation_a2_002.cues.json
SKIP (exists): content/conversation/pt/a2/002/audio/conversation_a2_002.wav
SKIP (exists): content/conversation/pt/a2/002/data/conversation_002.runtime.json
SKIP (exists): content/conversation/pt/c1/.DS_Store
SKIP (exists): content/conversation/pt/c1/007/audio/conversation_c1_007.cues.json
SKIP (exists): content/conversation/pt/c1/007/audio/conversation_c1_007.wav
SKIP (exists): content/conversation/pt/c1/007/data/conversation_007.runtime.json
SKIP (exists): content/conversation/pt/c1/009/audio/conversation_c1_009.wav
SKIP (exists): content/conversation/pt/c1/009/audio/conversation_c1_009.cues.json
SKIP (exists): content/conversation/pt/c1/009/data/conversation_009.runtime.json
SKIP (exists): content/conversation/pt/c1/008/audio/conversation_c1_008.wav
SKIP (exists): content/conversation/pt/c1/008/audio/conversation_c1_008.cues.json
SKIP (exists): content/conversation/pt/c1/008/data/conversation_008.runtime.json
SKIP (exists): content/conversation/pt/c1/001/audio/conversation_c1_001.cues.json
SKIP (exists): content/conversation/pt/c1/001/audio/conversation_c1_001.wav
SKIP (exists): content/conversation/pt/c1/001/data/conversation_001.runtime.json
SKIP (exists): content/conversation/pt/c1/006/audio/conversation_c1_006.wav
SKIP (exists): content/conversation/pt/c1/006/audio/conversation_c1_006.cues.json
SKIP (exists): content/conversation/pt/c1/006/data/conversation_006.runtime.json
SKIP (exists): content/conversation/pt/c1/010/audio/conversation_c1_010.wav
SKIP (exists): content/conversation/pt/c1/010/audio/conversation_c1_010.cues.json
SKIP (exists): content/conversation/pt/c1/010/data/conversation_010.runtime.json
SKIP (exists): content/conversation/pt/c1/003/audio/conversation_c1_003.wav
SKIP (exists): content/conversation/pt/c1/003/audio/conversation_c1_003.cues.json
SKIP (exists): content/conversation/pt/c1/003/data/conversation_003.runtime.json
SKIP (exists): content/conversation/pt/c1/004/audio/conversation_c1_004.wav
SKIP (exists): content/conversation/pt/c1/004/audio/conversation_c1_004.cues.json
SKIP (exists): content/conversation/pt/c1/004/data/conversation_004.runtime.json
SKIP (exists): content/conversation/pt/c1/005/audio/conversation_c1_005.wav
SKIP (exists): content/conversation/pt/c1/005/audio/conversation_c1_005.cues.json
SKIP (exists): content/conversation/pt/c1/005/data/conversation_005.runtime.json
SKIP (exists): content/conversation/pt/c1/002/audio/conversation_c1_002.wav
SKIP (exists): content/conversation/pt/c1/002/audio/conversation_c1_002.cues.json
SKIP (exists): content/conversation/pt/c1/002/data/conversation_002.runtime.json
SKIP (exists): content/conversation/pt/b1/.DS_Store
SKIP (exists): content/conversation/pt/b1/007/audio/conversation_b1_007.cues.json
SKIP (exists): content/conversation/pt/b1/007/audio/conversation_b1_007.wav
SKIP (exists): content/conversation/pt/b1/007/data/conversation_007.runtime.json
SKIP (exists): content/conversation/pt/b1/009/audio/conversation_b1_009.wav
SKIP (exists): content/conversation/pt/b1/009/audio/conversation_b1_009.cues.json
SKIP (exists): content/conversation/pt/b1/009/data/conversation_009.runtime.json
SKIP (exists): content/conversation/pt/b1/008/audio/conversation_b1_008.wav
SKIP (exists): content/conversation/pt/b1/008/audio/conversation_b1_008.cues.json
SKIP (exists): content/conversation/pt/b1/008/data/conversation_008.runtime.json
SKIP (exists): content/conversation/pt/b1/001/audio/conversation_b1_001.cues.json
SKIP (exists): content/conversation/pt/b1/001/audio/conversation_b1_001.wav
SKIP (exists): content/conversation/pt/b1/001/data/conversation_001.runtime.json
SKIP (exists): content/conversation/pt/b1/006/audio/conversation_b1_006.cues.json
SKIP (exists): content/conversation/pt/b1/006/audio/conversation_b1_006.wav
SKIP (exists): content/conversation/pt/b1/006/data/conversation_006.runtime.json
SKIP (exists): content/conversation/pt/b1/010/audio/conversation_b1_010.wav
SKIP (exists): content/conversation/pt/b1/010/audio/conversation_b1_010.cues.json
SKIP (exists): content/conversation/pt/b1/010/data/conversation_010.runtime.json
SKIP (exists): content/conversation/pt/b1/003/audio/conversation_b1_003.wav
SKIP (exists): content/conversation/pt/b1/003/audio/conversation_b1_003.cues.json
SKIP (exists): content/conversation/pt/b1/003/data/conversation_003.runtime.json
SKIP (exists): content/conversation/pt/b1/004/audio/conversation_b1_004.wav
SKIP (exists): content/conversation/pt/b1/004/audio/conversation_b1_004.cues.json
SKIP (exists): content/conversation/pt/b1/004/data/conversation_004.runtime.json
SKIP (exists): content/conversation/pt/b1/005/audio/conversation_b1_005.wav
SKIP (exists): content/conversation/pt/b1/005/audio/conversation_b1_005.cues.json
SKIP (exists): content/conversation/pt/b1/005/data/conversation_005.runtime.json
SKIP (exists): content/conversation/pt/b1/002/audio/conversation_b1_002.wav
SKIP (exists): content/conversation/pt/b1/002/audio/conversation_b1_002.cues.json
SKIP (exists): content/conversation/pt/b1/002/data/conversation_002.runtime.json
SKIP (exists): content/conversation/pt/a1/.DS_Store
SKIP (exists): content/conversation/pt/a1/007/audio/conversation_a1_007.cues.json
SKIP (exists): content/conversation/pt/a1/007/audio/conversation_a1_007.wav
SKIP (exists): content/conversation/pt/a1/007/data/conversation_007.runtime.json
SKIP (exists): content/conversation/pt/a1/009/audio/conversation_a1_009.wav
SKIP (exists): content/conversation/pt/a1/009/audio/conversation_a1_009.cues.json
SKIP (exists): content/conversation/pt/a1/009/data/conversation_009.runtime.json
SKIP (exists): content/conversation/pt/a1/008/audio/conversation_a1_008.wav
SKIP (exists): content/conversation/pt/a1/008/audio/conversation_a1_008.cues.json
SKIP (exists): content/conversation/pt/a1/008/data/conversation_008.runtime.json
SKIP (exists): content/conversation/pt/a1/001/audio/conversation_a1_001.cues.json
SKIP (exists): content/conversation/pt/a1/001/audio/conversation_a1_001.wav
SKIP (exists): content/conversation/pt/a1/001/data/conversation_001.runtime.json
SKIP (exists): content/conversation/pt/a1/006/audio/conversation_a1_006.cues.json
SKIP (exists): content/conversation/pt/a1/006/audio/conversation_a1_006.wav
SKIP (exists): content/conversation/pt/a1/006/data/conversation_006.runtime.json
SKIP (exists): content/conversation/pt/a1/010/audio/conversation_a1_010.cues.json
SKIP (exists): content/conversation/pt/a1/010/audio/conversation_a1_010.wav
SKIP (exists): content/conversation/pt/a1/010/data/conversation_010.runtime.json
SKIP (exists): content/conversation/pt/a1/003/audio/conversation_a1_003.wav
SKIP (exists): content/conversation/pt/a1/003/audio/conversation_a1_003.cues.json
SKIP (exists): content/conversation/pt/a1/003/data/conversation_003.runtime.json
SKIP (exists): content/conversation/pt/a1/004/audio/conversation_a1_004.cues.json
SKIP (exists): content/conversation/pt/a1/004/audio/conversation_a1_004.wav
SKIP (exists): content/conversation/pt/a1/004/data/conversation_004.runtime.json
SKIP (exists): content/conversation/pt/a1/005/audio/conversation_a1_005.wav
SKIP (exists): content/conversation/pt/a1/005/audio/conversation_a1_005.cues.json
SKIP (exists): content/conversation/pt/a1/005/data/conversation_005.runtime.json
SKIP (exists): content/conversation/pt/a1/002/audio/conversation_a1_002.cues.json
SKIP (exists): content/conversation/pt/a1/002/audio/conversation_a1_002.wav
SKIP (exists): content/conversation/pt/a1/002/data/conversation_002.runtime.json
SKIP (exists): content/conversation/pt/c2/.DS_Store
SKIP (exists): content/conversation/pt/c2/007/audio/conversation_c2_007.cues.json
SKIP (exists): content/conversation/pt/c2/007/audio/conversation_c2_007.wav
SKIP (exists): content/conversation/pt/c2/007/data/conversation_007.runtime.json
SKIP (exists): content/conversation/pt/c2/009/audio/conversation_c2_009.wav
SKIP (exists): content/conversation/pt/c2/009/audio/conversation_c2_009.cues.json
SKIP (exists): content/conversation/pt/c2/009/data/conversation_009.runtime.json
SKIP (exists): content/conversation/pt/c2/008/audio/conversation_c2_008.cues.json
SKIP (exists): content/conversation/pt/c2/008/audio/conversation_c2_008.wav
SKIP (exists): content/conversation/pt/c2/008/data/conversation_008.runtime.json
SKIP (exists): content/conversation/pt/c2/001/audio/conversation_c2_001.wav
SKIP (exists): content/conversation/pt/c2/001/audio/conversation_c2_001.cues.json
SKIP (exists): content/conversation/pt/c2/001/data/conversation_001.runtime.json
SKIP (exists): content/conversation/pt/c2/006/audio/conversation_c2_006.wav
SKIP (exists): content/conversation/pt/c2/006/audio/conversation_c2_006.cues.json
SKIP (exists): content/conversation/pt/c2/006/data/conversation_006.runtime.json
SKIP (exists): content/conversation/pt/c2/010/audio/conversation_c2_010.wav
SKIP (exists): content/conversation/pt/c2/010/audio/conversation_c2_010.cues.json
SKIP (exists): content/conversation/pt/c2/010/data/conversation_010.runtime.json
SKIP (exists): content/conversation/pt/c2/003/audio/conversation_c2_003.wav
SKIP (exists): content/conversation/pt/c2/003/audio/conversation_c2_003.cues.json
SKIP (exists): content/conversation/pt/c2/003/data/conversation_003.runtime.json
SKIP (exists): content/conversation/pt/c2/004/audio/conversation_c2_004.wav
SKIP (exists): content/conversation/pt/c2/004/audio/conversation_c2_004.cues.json
SKIP (exists): content/conversation/pt/c2/004/data/conversation_004.runtime.json
SKIP (exists): content/conversation/pt/c2/005/audio/conversation_c2_005.wav
SKIP (exists): content/conversation/pt/c2/005/audio/conversation_c2_005.cues.json
SKIP (exists): content/conversation/pt/c2/005/data/conversation_005.runtime.json
SKIP (exists): content/conversation/pt/c2/002/audio/conversation_c2_002.wav
SKIP (exists): content/conversation/pt/c2/002/audio/conversation_c2_002.cues.json
SKIP (exists): content/conversation/pt/c2/002/data/conversation_002.runtime.json
SKIP (exists): content/conversation/kr/.DS_Store
SKIP (exists): content/conversation/kr/b2/.DS_Store
SKIP (exists): content/conversation/kr/b2/007/audio/conversation_b2_007.cues.json
SKIP (exists): content/conversation/kr/b2/007/audio/conversation_b2_007.wav
SKIP (exists): content/conversation/kr/b2/007/data/conversation_007.runtime.json
SKIP (exists): content/conversation/kr/b2/009/audio/conversation_b2_009.wav
SKIP (exists): content/conversation/kr/b2/009/audio/conversation_b2_009.cues.json
SKIP (exists): content/conversation/kr/b2/009/data/conversation_009.runtime.json
SKIP (exists): content/conversation/kr/b2/008/audio/conversation_b2_008.cues.json
SKIP (exists): content/conversation/kr/b2/008/audio/conversation_b2_008.wav
SKIP (exists): content/conversation/kr/b2/008/data/conversation_008.runtime.json
SKIP (exists): content/conversation/kr/b2/001/audio/conversation_b2_001.cues.json
SKIP (exists): content/conversation/kr/b2/001/audio/conversation_b2_001.wav
SKIP (exists): content/conversation/kr/b2/001/data/conversation_001.runtime.json
SKIP (exists): content/conversation/kr/b2/006/audio/conversation_b2_006.wav
SKIP (exists): content/conversation/kr/b2/006/audio/conversation_b2_006.cues.json
SKIP (exists): content/conversation/kr/b2/006/data/conversation_006.runtime.json
SKIP (exists): content/conversation/kr/b2/010/audio/conversation_b2_010.wav
SKIP (exists): content/conversation/kr/b2/010/audio/conversation_b2_010.cues.json
SKIP (exists): content/conversation/kr/b2/010/data/conversation_010.runtime.json
SKIP (exists): content/conversation/kr/b2/003/audio/conversation_b2_003.wav
SKIP (exists): content/conversation/kr/b2/003/audio/conversation_b2_003.cues.json
SKIP (exists): content/conversation/kr/b2/003/data/conversation_003.runtime.json
SKIP (exists): content/conversation/kr/b2/004/audio/conversation_b2_004.wav
SKIP (exists): content/conversation/kr/b2/004/audio/conversation_b2_004.cues.json
SKIP (exists): content/conversation/kr/b2/004/data/conversation_004.runtime.json
SKIP (exists): content/conversation/kr/b2/005/audio/conversation_b2_005.wav
SKIP (exists): content/conversation/kr/b2/005/audio/conversation_b2_005.cues.json
SKIP (exists): content/conversation/kr/b2/005/data/conversation_005.runtime.json
SKIP (exists): content/conversation/kr/b2/002/audio/conversation_b2_002.wav
SKIP (exists): content/conversation/kr/b2/002/audio/conversation_b2_002.cues.json
SKIP (exists): content/conversation/kr/b2/002/data/conversation_002.runtime.json
SKIP (exists): content/conversation/kr/a2/.DS_Store
SKIP (exists): content/conversation/kr/a2/007/audio/conversation_a2_007.cues.json
SKIP (exists): content/conversation/kr/a2/007/audio/conversation_a2_007.wav
SKIP (exists): content/conversation/kr/a2/007/data/conversation_007.runtime.json
SKIP (exists): content/conversation/kr/a2/009/audio/conversation_a2_009.wav
SKIP (exists): content/conversation/kr/a2/009/audio/conversation_a2_009.cues.json
SKIP (exists): content/conversation/kr/a2/009/data/conversation_009.runtime.json
SKIP (exists): content/conversation/kr/a2/008/audio/conversation_a2_008.wav
SKIP (exists): content/conversation/kr/a2/008/audio/conversation_a2_008.cues.json
SKIP (exists): content/conversation/kr/a2/008/data/conversation_008.runtime.json
SKIP (exists): content/conversation/kr/a2/001/audio/conversation_a2_001.cues.json
SKIP (exists): content/conversation/kr/a2/001/audio/conversation_a2_001.wav
SKIP (exists): content/conversation/kr/a2/001/data/conversation_001.runtime.json
SKIP (exists): content/conversation/kr/a2/006/audio/conversation_a2_006.cues.json
SKIP (exists): content/conversation/kr/a2/006/audio/conversation_a2_006.wav
SKIP (exists): content/conversation/kr/a2/006/data/conversation_006.runtime.json
SKIP (exists): content/conversation/kr/a2/010/audio/conversation_a2_010.wav
SKIP (exists): content/conversation/kr/a2/010/audio/conversation_a2_010.cues.json
SKIP (exists): content/conversation/kr/a2/010/data/conversation_010.runtime.json
SKIP (exists): content/conversation/kr/a2/003/audio/conversation_a2_003.wav
SKIP (exists): content/conversation/kr/a2/003/audio/conversation_a2_003.cues.json
SKIP (exists): content/conversation/kr/a2/003/data/conversation_003.runtime.json
SKIP (exists): content/conversation/kr/a2/004/audio/conversation_a2_004.wav
SKIP (exists): content/conversation/kr/a2/004/audio/conversation_a2_004.cues.json
SKIP (exists): content/conversation/kr/a2/004/data/conversation_004.runtime.json
SKIP (exists): content/conversation/kr/a2/005/audio/conversation_a2_005.wav
SKIP (exists): content/conversation/kr/a2/005/audio/conversation_a2_005.cues.json
SKIP (exists): content/conversation/kr/a2/005/data/conversation_005.runtime.json
SKIP (exists): content/conversation/kr/a2/002/audio/conversation_a2_002.cues.json
SKIP (exists): content/conversation/kr/a2/002/audio/conversation_a2_002.wav
SKIP (exists): content/conversation/kr/a2/002/data/conversation_002.runtime.json
SKIP (exists): content/conversation/kr/c1/.DS_Store
SKIP (exists): content/conversation/kr/c1/007/audio/conversation_c1_007.cues.json
SKIP (exists): content/conversation/kr/c1/007/audio/conversation_c1_007.wav
SKIP (exists): content/conversation/kr/c1/007/data/conversation_007.runtime.json
SKIP (exists): content/conversation/kr/c1/009/audio/conversation_c1_009.wav
SKIP (exists): content/conversation/kr/c1/009/audio/conversation_c1_009.cues.json
SKIP (exists): content/conversation/kr/c1/009/data/conversation_009.runtime.json
SKIP (exists): content/conversation/kr/c1/008/audio/conversation_c1_008.wav
SKIP (exists): content/conversation/kr/c1/008/audio/conversation_c1_008.cues.json
SKIP (exists): content/conversation/kr/c1/008/data/conversation_008.runtime.json
SKIP (exists): content/conversation/kr/c1/001/audio/conversation_c1_001.cues.json
SKIP (exists): content/conversation/kr/c1/001/audio/conversation_c1_001.wav
SKIP (exists): content/conversation/kr/c1/001/data/conversation_001.runtime.json
SKIP (exists): content/conversation/kr/c1/006/audio/conversation_c1_006.wav
SKIP (exists): content/conversation/kr/c1/006/audio/conversation_c1_006.cues.json
SKIP (exists): content/conversation/kr/c1/006/data/conversation_006.runtime.json
SKIP (exists): content/conversation/kr/c1/010/audio/conversation_c1_010.wav
SKIP (exists): content/conversation/kr/c1/010/audio/conversation_c1_010.cues.json
SKIP (exists): content/conversation/kr/c1/010/data/conversation_010.runtime.json
SKIP (exists): content/conversation/kr/c1/003/audio/conversation_c1_003.wav
SKIP (exists): content/conversation/kr/c1/003/audio/conversation_c1_003.cues.json
SKIP (exists): content/conversation/kr/c1/003/data/conversation_003.runtime.json
SKIP (exists): content/conversation/kr/c1/004/audio/conversation_c1_004.wav
SKIP (exists): content/conversation/kr/c1/004/audio/conversation_c1_004.cues.json
SKIP (exists): content/conversation/kr/c1/004/data/conversation_004.runtime.json
SKIP (exists): content/conversation/kr/c1/005/audio/conversation_c1_005.wav
SKIP (exists): content/conversation/kr/c1/005/audio/conversation_c1_005.cues.json
SKIP (exists): content/conversation/kr/c1/005/data/conversation_005.runtime.json
SKIP (exists): content/conversation/kr/c1/002/audio/conversation_c1_002.wav
SKIP (exists): content/conversation/kr/c1/002/audio/conversation_c1_002.cues.json
SKIP (exists): content/conversation/kr/c1/002/data/conversation_002.runtime.json
SKIP (exists): content/conversation/kr/b1/.DS_Store
SKIP (exists): content/conversation/kr/b1/007/audio/conversation_b1_007.cues.json
SKIP (exists): content/conversation/kr/b1/007/audio/conversation_b1_007.wav
SKIP (exists): content/conversation/kr/b1/007/data/conversation_007.runtime.json
SKIP (exists): content/conversation/kr/b1/009/audio/conversation_b1_009.wav
SKIP (exists): content/conversation/kr/b1/009/audio/conversation_b1_009.cues.json
SKIP (exists): content/conversation/kr/b1/009/data/conversation_009.runtime.json
SKIP (exists): content/conversation/kr/b1/008/audio/conversation_b1_008.wav
SKIP (exists): content/conversation/kr/b1/008/audio/conversation_b1_008.cues.json
SKIP (exists): content/conversation/kr/b1/008/data/conversation_008.runtime.json
SKIP (exists): content/conversation/kr/b1/001/audio/conversation_b1_001.cues.json
SKIP (exists): content/conversation/kr/b1/001/audio/conversation_b1_001.wav
SKIP (exists): content/conversation/kr/b1/001/data/conversation_001.runtime.json
SKIP (exists): content/conversation/kr/b1/006/audio/conversation_b1_006.cues.json
SKIP (exists): content/conversation/kr/b1/006/audio/conversation_b1_006.wav
SKIP (exists): content/conversation/kr/b1/006/data/conversation_006.runtime.json
SKIP (exists): content/conversation/kr/b1/010/audio/conversation_b1_010.wav
SKIP (exists): content/conversation/kr/b1/010/audio/conversation_b1_010.cues.json
SKIP (exists): content/conversation/kr/b1/010/data/conversation_010.runtime.json
SKIP (exists): content/conversation/kr/b1/003/audio/conversation_b1_003.wav
SKIP (exists): content/conversation/kr/b1/003/audio/conversation_b1_003.cues.json
SKIP (exists): content/conversation/kr/b1/003/data/conversation_003.runtime.json
SKIP (exists): content/conversation/kr/b1/004/audio/conversation_b1_004.wav
SKIP (exists): content/conversation/kr/b1/004/audio/conversation_b1_004.cues.json
SKIP (exists): content/conversation/kr/b1/004/data/conversation_004.runtime.json
SKIP (exists): content/conversation/kr/b1/005/audio/conversation_b1_005.wav
SKIP (exists): content/conversation/kr/b1/005/audio/conversation_b1_005.cues.json
SKIP (exists): content/conversation/kr/b1/005/data/conversation_005.runtime.json
SKIP (exists): content/conversation/kr/b1/002/audio/conversation_b1_002.wav
SKIP (exists): content/conversation/kr/b1/002/audio/conversation_b1_002.cues.json
SKIP (exists): content/conversation/kr/b1/002/data/conversation_002.runtime.json
SKIP (exists): content/conversation/kr/a1/.DS_Store
SKIP (exists): content/conversation/kr/a1/007/audio/conversation_a1_007.cues.json
SKIP (exists): content/conversation/kr/a1/007/audio/conversation_a1_007.wav
SKIP (exists): content/conversation/kr/a1/007/data/conversation_007.runtime.json
SKIP (exists): content/conversation/kr/a1/009/audio/conversation_a1_009.wav
SKIP (exists): content/conversation/kr/a1/009/audio/conversation_a1_009.cues.json
SKIP (exists): content/conversation/kr/a1/009/data/conversation_009.runtime.json
SKIP (exists): content/conversation/kr/a1/008/audio/conversation_a1_008.wav
SKIP (exists): content/conversation/kr/a1/008/audio/conversation_a1_008.cues.json
SKIP (exists): content/conversation/kr/a1/008/data/conversation_008.runtime.json
SKIP (exists): content/conversation/kr/a1/001/.DS_Store
SKIP (exists): content/conversation/kr/a1/001/audio/conversation_a1_001.cues.json
SKIP (exists): content/conversation/kr/a1/001/audio/conversation_a1_001.wav
SKIP (exists): content/conversation/kr/a1/001/data/conversation_001.runtime.json
SKIP (exists): content/conversation/kr/a1/006/audio/conversation_a1_006.cues.json
SKIP (exists): content/conversation/kr/a1/006/audio/conversation_a1_006.wav
SKIP (exists): content/conversation/kr/a1/006/data/conversation_006.runtime.json
SKIP (exists): content/conversation/kr/a1/010/audio/conversation_a1_010.cues.json
SKIP (exists): content/conversation/kr/a1/010/audio/conversation_a1_010.wav
SKIP (exists): content/conversation/kr/a1/010/data/conversation_010.runtime.json
SKIP (exists): content/conversation/kr/a1/003/audio/conversation_a1_003.wav
SKIP (exists): content/conversation/kr/a1/003/audio/conversation_a1_003.cues.json
SKIP (exists): content/conversation/kr/a1/003/data/conversation_003.runtime.json
SKIP (exists): content/conversation/kr/a1/004/audio/conversation_a1_004.cues.json
SKIP (exists): content/conversation/kr/a1/004/audio/conversation_a1_004.wav
SKIP (exists): content/conversation/kr/a1/004/data/conversation_004.runtime.json
SKIP (exists): content/conversation/kr/a1/005/audio/conversation_a1_005.wav
SKIP (exists): content/conversation/kr/a1/005/audio/conversation_a1_005.cues.json
SKIP (exists): content/conversation/kr/a1/005/data/conversation_005.runtime.json
SKIP (exists): content/conversation/kr/a1/002/audio/conversation_a1_002.cues.json
SKIP (exists): content/conversation/kr/a1/002/audio/conversation_a1_002.wav
SKIP (exists): content/conversation/kr/a1/002/data/conversation_002.runtime.json
SKIP (exists): content/conversation/kr/c2/.DS_Store
SKIP (exists): content/conversation/kr/c2/007/audio/conversation_c2_007.cues.json
SKIP (exists): content/conversation/kr/c2/007/audio/conversation_c2_007.wav
SKIP (exists): content/conversation/kr/c2/007/data/conversation_007.runtime.json
SKIP (exists): content/conversation/kr/c2/009/audio/conversation_c2_009.wav
SKIP (exists): content/conversation/kr/c2/009/audio/conversation_c2_009.cues.json
SKIP (exists): content/conversation/kr/c2/009/data/conversation_009.runtime.json
SKIP (exists): content/conversation/kr/c2/008/audio/conversation_c2_008.cues.json
SKIP (exists): content/conversation/kr/c2/008/audio/conversation_c2_008.wav
SKIP (exists): content/conversation/kr/c2/008/data/conversation_008.runtime.json
SKIP (exists): content/conversation/kr/c2/001/.DS_Store
SKIP (exists): content/conversation/kr/c2/001/audio/conversation_c2_001.wav
SKIP (exists): content/conversation/kr/c2/001/audio/conversation_c2_001.cues.json
SKIP (exists): content/conversation/kr/c2/001/data/conversation_001.runtime.json
SKIP (exists): content/conversation/kr/c2/006/audio/conversation_c2_006.wav
SKIP (exists): content/conversation/kr/c2/006/audio/conversation_c2_006.cues.json
SKIP (exists): content/conversation/kr/c2/006/data/conversation_006.runtime.json
SKIP (exists): content/conversation/kr/c2/010/audio/conversation_c2_010.wav
SKIP (exists): content/conversation/kr/c2/010/audio/conversation_c2_010.cues.json
SKIP (exists): content/conversation/kr/c2/010/data/conversation_010.runtime.json
SKIP (exists): content/conversation/kr/c2/003/audio/conversation_c2_003.wav
SKIP (exists): content/conversation/kr/c2/003/audio/conversation_c2_003.cues.json
SKIP (exists): content/conversation/kr/c2/003/data/conversation_003.runtime.json
SKIP (exists): content/conversation/kr/c2/004/audio/conversation_c2_004.wav
SKIP (exists): content/conversation/kr/c2/004/audio/conversation_c2_004.cues.json
SKIP (exists): content/conversation/kr/c2/004/data/conversation_004.runtime.json
SKIP (exists): content/conversation/kr/c2/005/audio/conversation_c2_005.wav
SKIP (exists): content/conversation/kr/c2/005/audio/conversation_c2_005.cues.json
SKIP (exists): content/conversation/kr/c2/005/data/conversation_005.runtime.json
SKIP (exists): content/conversation/kr/c2/002/audio/conversation_c2_002.wav
SKIP (exists): content/conversation/kr/c2/002/audio/conversation_c2_002.cues.json
SKIP (exists): content/conversation/kr/c2/002/data/conversation_002.runtime.json
SKIP (exists): content/conversation/fr/.DS_Store
SKIP (exists): content/conversation/fr/b2/.DS_Store
SKIP (exists): content/conversation/fr/b2/007/audio/conversation_b2_007.cues.json
SKIP (exists): content/conversation/fr/b2/007/audio/conversation_b2_007.wav
SKIP (exists): content/conversation/fr/b2/007/data/conversation_007.runtime.json
SKIP (exists): content/conversation/fr/b2/009/audio/conversation_b2_009.wav
SKIP (exists): content/conversation/fr/b2/009/audio/conversation_b2_009.cues.json
SKIP (exists): content/conversation/fr/b2/009/data/conversation_009.runtime.json
SKIP (exists): content/conversation/fr/b2/008/audio/conversation_b2_008.cues.json
SKIP (exists): content/conversation/fr/b2/008/audio/conversation_b2_008.wav
SKIP (exists): content/conversation/fr/b2/008/data/conversation_008.runtime.json
SKIP (exists): content/conversation/fr/b2/001/audio/conversation_b2_001.cues.json
SKIP (exists): content/conversation/fr/b2/001/audio/conversation_b2_001.wav
SKIP (exists): content/conversation/fr/b2/001/data/conversation_001.runtime.json
SKIP (exists): content/conversation/fr/b2/006/audio/conversation_b2_006.wav
SKIP (exists): content/conversation/fr/b2/006/audio/conversation_b2_006.cues.json
SKIP (exists): content/conversation/fr/b2/006/data/conversation_006.runtime.json
SKIP (exists): content/conversation/fr/b2/010/audio/conversation_b2_010.wav
SKIP (exists): content/conversation/fr/b2/010/audio/conversation_b2_010.cues.json
SKIP (exists): content/conversation/fr/b2/010/data/conversation_010.runtime.json
SKIP (exists): content/conversation/fr/b2/003/audio/conversation_b2_003.wav
SKIP (exists): content/conversation/fr/b2/003/audio/conversation_b2_003.cues.json
SKIP (exists): content/conversation/fr/b2/003/data/conversation_003.runtime.json
SKIP (exists): content/conversation/fr/b2/004/audio/conversation_b2_004.wav
SKIP (exists): content/conversation/fr/b2/004/audio/conversation_b2_004.cues.json
SKIP (exists): content/conversation/fr/b2/004/data/conversation_004.runtime.json
SKIP (exists): content/conversation/fr/b2/005/audio/conversation_b2_005.wav
SKIP (exists): content/conversation/fr/b2/005/audio/conversation_b2_005.cues.json
SKIP (exists): content/conversation/fr/b2/005/data/conversation_005.runtime.json
SKIP (exists): content/conversation/fr/b2/002/audio/conversation_b2_002.wav
SKIP (exists): content/conversation/fr/b2/002/audio/conversation_b2_002.cues.json
SKIP (exists): content/conversation/fr/b2/002/data/conversation_002.runtime.json
SKIP (exists): content/conversation/fr/a2/.DS_Store
SKIP (exists): content/conversation/fr/a2/007/audio/conversation_a2_007.cues.json
SKIP (exists): content/conversation/fr/a2/007/audio/conversation_a2_007.wav
SKIP (exists): content/conversation/fr/a2/007/data/conversation_007.runtime.json
SKIP (exists): content/conversation/fr/a2/009/audio/conversation_a2_009.wav
SKIP (exists): content/conversation/fr/a2/009/audio/conversation_a2_009.cues.json
SKIP (exists): content/conversation/fr/a2/009/data/conversation_009.runtime.json
SKIP (exists): content/conversation/fr/a2/008/audio/conversation_a2_008.wav
SKIP (exists): content/conversation/fr/a2/008/audio/conversation_a2_008.cues.json
SKIP (exists): content/conversation/fr/a2/008/data/conversation_008.runtime.json
SKIP (exists): content/conversation/fr/a2/001/audio/conversation_a2_001.cues.json
SKIP (exists): content/conversation/fr/a2/001/audio/conversation_a2_001.wav
SKIP (exists): content/conversation/fr/a2/001/data/conversation_001.runtime.json
SKIP (exists): content/conversation/fr/a2/006/audio/conversation_a2_006.cues.json
SKIP (exists): content/conversation/fr/a2/006/audio/conversation_a2_006.wav
SKIP (exists): content/conversation/fr/a2/006/data/conversation_006.runtime.json
SKIP (exists): content/conversation/fr/a2/010/audio/conversation_a2_010.wav
SKIP (exists): content/conversation/fr/a2/010/audio/conversation_a2_010.cues.json
SKIP (exists): content/conversation/fr/a2/010/data/conversation_010.runtime.json
SKIP (exists): content/conversation/fr/a2/003/audio/conversation_a2_003.wav
SKIP (exists): content/conversation/fr/a2/003/audio/conversation_a2_003.cues.json
SKIP (exists): content/conversation/fr/a2/003/data/conversation_003.runtime.json
SKIP (exists): content/conversation/fr/a2/004/audio/conversation_a2_004.wav
SKIP (exists): content/conversation/fr/a2/004/audio/conversation_a2_004.cues.json
SKIP (exists): content/conversation/fr/a2/004/data/conversation_004.runtime.json
SKIP (exists): content/conversation/fr/a2/005/audio/conversation_a2_005.wav
SKIP (exists): content/conversation/fr/a2/005/audio/conversation_a2_005.cues.json
SKIP (exists): content/conversation/fr/a2/005/data/conversation_005.runtime.json
SKIP (exists): content/conversation/fr/a2/002/audio/conversation_a2_002.cues.json
SKIP (exists): content/conversation/fr/a2/002/audio/conversation_a2_002.wav
SKIP (exists): content/conversation/fr/a2/002/data/conversation_002.runtime.json
SKIP (exists): content/conversation/fr/c1/.DS_Store
SKIP (exists): content/conversation/fr/c1/007/audio/conversation_c1_007.cues.json
SKIP (exists): content/conversation/fr/c1/007/audio/conversation_c1_007.wav
SKIP (exists): content/conversation/fr/c1/007/data/conversation_007.runtime.json
SKIP (exists): content/conversation/fr/c1/009/audio/conversation_c1_009.wav
SKIP (exists): content/conversation/fr/c1/009/audio/conversation_c1_009.cues.json
SKIP (exists): content/conversation/fr/c1/009/data/conversation_009.runtime.json
SKIP (exists): content/conversation/fr/c1/008/audio/conversation_c1_008.wav
SKIP (exists): content/conversation/fr/c1/008/audio/conversation_c1_008.cues.json
SKIP (exists): content/conversation/fr/c1/008/data/conversation_008.runtime.json
SKIP (exists): content/conversation/fr/c1/001/audio/conversation_c1_001.cues.json
SKIP (exists): content/conversation/fr/c1/001/audio/conversation_c1_001.wav
SKIP (exists): content/conversation/fr/c1/001/data/conversation_001.runtime.json
SKIP (exists): content/conversation/fr/c1/006/audio/conversation_c1_006.wav
SKIP (exists): content/conversation/fr/c1/006/audio/conversation_c1_006.cues.json
SKIP (exists): content/conversation/fr/c1/006/data/conversation_006.runtime.json
SKIP (exists): content/conversation/fr/c1/010/audio/conversation_c1_010.wav
SKIP (exists): content/conversation/fr/c1/010/audio/conversation_c1_010.cues.json
SKIP (exists): content/conversation/fr/c1/010/data/conversation_010.runtime.json
SKIP (exists): content/conversation/fr/c1/003/audio/conversation_c1_003.wav
SKIP (exists): content/conversation/fr/c1/003/audio/conversation_c1_003.cues.json
SKIP (exists): content/conversation/fr/c1/003/data/conversation_003.runtime.json
SKIP (exists): content/conversation/fr/c1/004/audio/conversation_c1_004.wav
SKIP (exists): content/conversation/fr/c1/004/audio/conversation_c1_004.cues.json
SKIP (exists): content/conversation/fr/c1/004/data/conversation_004.runtime.json
SKIP (exists): content/conversation/fr/c1/005/audio/conversation_c1_005.wav
SKIP (exists): content/conversation/fr/c1/005/audio/conversation_c1_005.cues.json
SKIP (exists): content/conversation/fr/c1/005/data/conversation_005.runtime.json
SKIP (exists): content/conversation/fr/c1/002/audio/conversation_c1_002.wav
SKIP (exists): content/conversation/fr/c1/002/audio/conversation_c1_002.cues.json
SKIP (exists): content/conversation/fr/c1/002/data/conversation_002.runtime.json
SKIP (exists): content/conversation/fr/b1/.DS_Store
SKIP (exists): content/conversation/fr/b1/007/audio/conversation_b1_007.cues.json
SKIP (exists): content/conversation/fr/b1/007/audio/conversation_b1_007.wav
SKIP (exists): content/conversation/fr/b1/007/data/conversation_007.runtime.json
SKIP (exists): content/conversation/fr/b1/009/audio/conversation_b1_009.wav
SKIP (exists): content/conversation/fr/b1/009/audio/conversation_b1_009.cues.json
SKIP (exists): content/conversation/fr/b1/009/data/conversation_009.runtime.json
SKIP (exists): content/conversation/fr/b1/008/audio/conversation_b1_008.wav
SKIP (exists): content/conversation/fr/b1/008/audio/conversation_b1_008.cues.json
SKIP (exists): content/conversation/fr/b1/008/data/conversation_008.runtime.json
SKIP (exists): content/conversation/fr/b1/001/audio/conversation_b1_001.cues.json
SKIP (exists): content/conversation/fr/b1/001/audio/conversation_b1_001.wav
SKIP (exists): content/conversation/fr/b1/001/data/conversation_001.runtime.json
SKIP (exists): content/conversation/fr/b1/006/audio/conversation_b1_006.cues.json
SKIP (exists): content/conversation/fr/b1/006/audio/conversation_b1_006.wav
SKIP (exists): content/conversation/fr/b1/006/data/conversation_006.runtime.json
SKIP (exists): content/conversation/fr/b1/010/audio/conversation_b1_010.wav
SKIP (exists): content/conversation/fr/b1/010/audio/conversation_b1_010.cues.json
SKIP (exists): content/conversation/fr/b1/010/data/conversation_010.runtime.json
SKIP (exists): content/conversation/fr/b1/003/audio/conversation_b1_003.wav
SKIP (exists): content/conversation/fr/b1/003/audio/conversation_b1_003.cues.json
SKIP (exists): content/conversation/fr/b1/003/data/conversation_003.runtime.json
SKIP (exists): content/conversation/fr/b1/004/audio/conversation_b1_004.wav
SKIP (exists): content/conversation/fr/b1/004/audio/conversation_b1_004.cues.json
SKIP (exists): content/conversation/fr/b1/004/data/conversation_004.runtime.json
SKIP (exists): content/conversation/fr/b1/005/audio/conversation_b1_005.wav
SKIP (exists): content/conversation/fr/b1/005/audio/conversation_b1_005.cues.json
SKIP (exists): content/conversation/fr/b1/005/data/conversation_005.runtime.json
SKIP (exists): content/conversation/fr/b1/002/audio/conversation_b1_002.wav
SKIP (exists): content/conversation/fr/b1/002/audio/conversation_b1_002.cues.json
SKIP (exists): content/conversation/fr/b1/002/data/conversation_002.runtime.json
SKIP (exists): content/conversation/fr/a1/.DS_Store
SKIP (exists): content/conversation/fr/a1/007/audio/conversation_a1_007.cues.json
SKIP (exists): content/conversation/fr/a1/007/audio/conversation_a1_007.wav
SKIP (exists): content/conversation/fr/a1/007/data/conversation_007.runtime.json
SKIP (exists): content/conversation/fr/a1/009/audio/conversation_a1_009.wav
SKIP (exists): content/conversation/fr/a1/009/audio/conversation_a1_009.cues.json
SKIP (exists): content/conversation/fr/a1/009/data/conversation_009.runtime.json
SKIP (exists): content/conversation/fr/a1/008/audio/conversation_a1_008.wav
SKIP (exists): content/conversation/fr/a1/008/audio/conversation_a1_008.cues.json
SKIP (exists): content/conversation/fr/a1/008/data/conversation_008.runtime.json
SKIP (exists): content/conversation/fr/a1/001/audio/conversation_a1_001.cues.json
SKIP (exists): content/conversation/fr/a1/001/audio/conversation_a1_001.wav
SKIP (exists): content/conversation/fr/a1/001/data/conversation_001.runtime.json
SKIP (exists): content/conversation/fr/a1/006/audio/conversation_a1_006.cues.json
SKIP (exists): content/conversation/fr/a1/006/audio/conversation_a1_006.wav
SKIP (exists): content/conversation/fr/a1/006/data/conversation_006.runtime.json
SKIP (exists): content/conversation/fr/a1/010/audio/conversation_a1_010.cues.json
SKIP (exists): content/conversation/fr/a1/010/audio/conversation_a1_010.wav
SKIP (exists): content/conversation/fr/a1/010/data/conversation_010.runtime.json
SKIP (exists): content/conversation/fr/a1/003/audio/conversation_a1_003.wav
SKIP (exists): content/conversation/fr/a1/003/audio/conversation_a1_003.cues.json
SKIP (exists): content/conversation/fr/a1/003/data/conversation_003.runtime.json
SKIP (exists): content/conversation/fr/a1/004/audio/conversation_a1_004.cues.json
SKIP (exists): content/conversation/fr/a1/004/audio/conversation_a1_004.wav
SKIP (exists): content/conversation/fr/a1/004/data/conversation_004.runtime.json
SKIP (exists): content/conversation/fr/a1/005/audio/conversation_a1_005.wav
SKIP (exists): content/conversation/fr/a1/005/audio/conversation_a1_005.cues.json
SKIP (exists): content/conversation/fr/a1/005/data/conversation_005.runtime.json
SKIP (exists): content/conversation/fr/a1/002/audio/conversation_a1_002.cues.json
SKIP (exists): content/conversation/fr/a1/002/audio/conversation_a1_002.wav
SKIP (exists): content/conversation/fr/a1/002/data/conversation_002.runtime.json
SKIP (exists): content/conversation/fr/c2/.DS_Store
SKIP (exists): content/conversation/fr/c2/007/audio/conversation_c2_007.cues.json
SKIP (exists): content/conversation/fr/c2/007/audio/conversation_c2_007.wav
SKIP (exists): content/conversation/fr/c2/007/data/conversation_007.runtime.json
SKIP (exists): content/conversation/fr/c2/009/audio/conversation_c2_009.wav
SKIP (exists): content/conversation/fr/c2/009/audio/conversation_c2_009.cues.json
SKIP (exists): content/conversation/fr/c2/009/data/conversation_009.runtime.json
SKIP (exists): content/conversation/fr/c2/008/audio/conversation_c2_008.cues.json
SKIP (exists): content/conversation/fr/c2/008/audio/conversation_c2_008.wav
SKIP (exists): content/conversation/fr/c2/008/data/conversation_008.runtime.json
SKIP (exists): content/conversation/fr/c2/001/audio/conversation_c2_001.wav
SKIP (exists): content/conversation/fr/c2/001/audio/conversation_c2_001.cues.json
SKIP (exists): content/conversation/fr/c2/001/data/conversation_001.runtime.json
SKIP (exists): content/conversation/fr/c2/006/audio/conversation_c2_006.wav
SKIP (exists): content/conversation/fr/c2/006/audio/conversation_c2_006.cues.json
SKIP (exists): content/conversation/fr/c2/006/data/conversation_006.runtime.json
SKIP (exists): content/conversation/fr/c2/010/audio/conversation_c2_010.wav
SKIP (exists): content/conversation/fr/c2/010/audio/conversation_c2_010.cues.json
SKIP (exists): content/conversation/fr/c2/010/data/conversation_010.runtime.json
SKIP (exists): content/conversation/fr/c2/003/audio/conversation_c2_003.wav
SKIP (exists): content/conversation/fr/c2/003/audio/conversation_c2_003.cues.json
SKIP (exists): content/conversation/fr/c2/003/data/conversation_003.runtime.json
SKIP (exists): content/conversation/fr/c2/004/audio/conversation_c2_004.wav
SKIP (exists): content/conversation/fr/c2/004/audio/conversation_c2_004.cues.json
SKIP (exists): content/conversation/fr/c2/004/data/conversation_004.runtime.json
SKIP (exists): content/conversation/fr/c2/005/audio/conversation_c2_005.wav
SKIP (exists): content/conversation/fr/c2/005/audio/conversation_c2_005.cues.json
SKIP (exists): content/conversation/fr/c2/005/data/conversation_005.runtime.json
SKIP (exists): content/conversation/fr/c2/002/audio/conversation_c2_002.wav
SKIP (exists): content/conversation/fr/c2/002/audio/conversation_c2_002.cues.json
SKIP (exists): content/conversation/fr/c2/002/data/conversation_002.runtime.json
SKIP (exists): content/conversation/es/.DS_Store
SKIP (exists): content/conversation/es/b2/.DS_Store
SKIP (exists): content/conversation/es/b2/007/audio/conversation_b2_007.cues.json
SKIP (exists): content/conversation/es/b2/007/audio/conversation_b2_007.wav
SKIP (exists): content/conversation/es/b2/007/data/conversation_007.runtime.json
SKIP (exists): content/conversation/es/b2/009/audio/conversation_b2_009.wav
SKIP (exists): content/conversation/es/b2/009/audio/conversation_b2_009.cues.json
SKIP (exists): content/conversation/es/b2/009/data/conversation_009.runtime.json
SKIP (exists): content/conversation/es/b2/008/audio/conversation_b2_008.cues.json
SKIP (exists): content/conversation/es/b2/008/audio/conversation_b2_008.wav
SKIP (exists): content/conversation/es/b2/008/data/conversation_008.runtime.json
SKIP (exists): content/conversation/es/b2/001/audio/conversation_b2_001.cues.json
SKIP (exists): content/conversation/es/b2/001/audio/conversation_b2_001.wav
SKIP (exists): content/conversation/es/b2/001/data/conversation_001.runtime.json
SKIP (exists): content/conversation/es/b2/006/audio/conversation_b2_006.wav
SKIP (exists): content/conversation/es/b2/006/audio/conversation_b2_006.cues.json
SKIP (exists): content/conversation/es/b2/006/data/conversation_006.runtime.json
SKIP (exists): content/conversation/es/b2/010/audio/conversation_b2_010.wav
SKIP (exists): content/conversation/es/b2/010/audio/conversation_b2_010.cues.json
SKIP (exists): content/conversation/es/b2/010/data/conversation_010.runtime.json
SKIP (exists): content/conversation/es/b2/003/audio/conversation_b2_003.wav
SKIP (exists): content/conversation/es/b2/003/audio/conversation_b2_003.cues.json
SKIP (exists): content/conversation/es/b2/003/data/conversation_003.runtime.json
SKIP (exists): content/conversation/es/b2/004/audio/conversation_b2_004.wav
SKIP (exists): content/conversation/es/b2/004/audio/conversation_b2_004.cues.json
SKIP (exists): content/conversation/es/b2/004/data/conversation_004.runtime.json
SKIP (exists): content/conversation/es/b2/005/audio/conversation_b2_005.wav
SKIP (exists): content/conversation/es/b2/005/audio/conversation_b2_005.cues.json
SKIP (exists): content/conversation/es/b2/005/data/conversation_005.runtime.json
SKIP (exists): content/conversation/es/b2/002/audio/conversation_b2_002.wav
SKIP (exists): content/conversation/es/b2/002/audio/conversation_b2_002.cues.json
SKIP (exists): content/conversation/es/b2/002/data/conversation_002.runtime.json
SKIP (exists): content/conversation/es/a2/.DS_Store
SKIP (exists): content/conversation/es/a2/007/audio/conversation_a2_007.cues.json
SKIP (exists): content/conversation/es/a2/007/audio/conversation_a2_007.wav
SKIP (exists): content/conversation/es/a2/007/data/conversation_007.runtime.json
SKIP (exists): content/conversation/es/a2/009/audio/conversation_a2_009.wav
SKIP (exists): content/conversation/es/a2/009/audio/conversation_a2_009.cues.json
SKIP (exists): content/conversation/es/a2/009/data/conversation_009.runtime.json
SKIP (exists): content/conversation/es/a2/008/audio/conversation_a2_008.wav
SKIP (exists): content/conversation/es/a2/008/audio/conversation_a2_008.cues.json
SKIP (exists): content/conversation/es/a2/008/data/conversation_008.runtime.json
SKIP (exists): content/conversation/es/a2/001/audio/conversation_a2_001.cues.json
SKIP (exists): content/conversation/es/a2/001/audio/conversation_a2_001.wav
SKIP (exists): content/conversation/es/a2/001/data/conversation_001.runtime.json
SKIP (exists): content/conversation/es/a2/006/audio/conversation_a2_006.cues.json
SKIP (exists): content/conversation/es/a2/006/audio/conversation_a2_006.wav
SKIP (exists): content/conversation/es/a2/006/data/conversation_006.runtime.json
SKIP (exists): content/conversation/es/a2/010/audio/conversation_a2_010.wav
SKIP (exists): content/conversation/es/a2/010/audio/conversation_a2_010.cues.json
SKIP (exists): content/conversation/es/a2/010/data/conversation_010.runtime.json
SKIP (exists): content/conversation/es/a2/003/audio/conversation_a2_003.wav
SKIP (exists): content/conversation/es/a2/003/audio/conversation_a2_003.cues.json
SKIP (exists): content/conversation/es/a2/003/data/conversation_003.runtime.json
SKIP (exists): content/conversation/es/a2/004/audio/conversation_a2_004.wav
SKIP (exists): content/conversation/es/a2/004/audio/conversation_a2_004.cues.json
SKIP (exists): content/conversation/es/a2/004/data/conversation_004.runtime.json
SKIP (exists): content/conversation/es/a2/005/audio/conversation_a2_005.wav
SKIP (exists): content/conversation/es/a2/005/audio/conversation_a2_005.cues.json
SKIP (exists): content/conversation/es/a2/005/data/conversation_005.runtime.json
SKIP (exists): content/conversation/es/a2/002/audio/conversation_a2_002.cues.json
SKIP (exists): content/conversation/es/a2/002/audio/conversation_a2_002.wav
SKIP (exists): content/conversation/es/a2/002/data/conversation_002.runtime.json
SKIP (exists): content/conversation/es/c1/.DS_Store
SKIP (exists): content/conversation/es/c1/007/audio/conversation_c1_007.cues.json
SKIP (exists): content/conversation/es/c1/007/audio/conversation_c1_007.wav
SKIP (exists): content/conversation/es/c1/007/data/conversation_007.runtime.json
SKIP (exists): content/conversation/es/c1/009/audio/conversation_c1_009.wav
SKIP (exists): content/conversation/es/c1/009/audio/conversation_c1_009.cues.json
SKIP (exists): content/conversation/es/c1/009/data/conversation_009.runtime.json
SKIP (exists): content/conversation/es/c1/008/audio/conversation_c1_008.wav
SKIP (exists): content/conversation/es/c1/008/audio/conversation_c1_008.cues.json
SKIP (exists): content/conversation/es/c1/008/data/conversation_008.runtime.json
SKIP (exists): content/conversation/es/c1/001/audio/conversation_c1_001.cues.json
SKIP (exists): content/conversation/es/c1/001/audio/conversation_c1_001.wav
SKIP (exists): content/conversation/es/c1/001/data/conversation_001.runtime.json
SKIP (exists): content/conversation/es/c1/006/audio/conversation_c1_006.wav
SKIP (exists): content/conversation/es/c1/006/audio/conversation_c1_006.cues.json
SKIP (exists): content/conversation/es/c1/006/data/conversation_006.runtime.json
SKIP (exists): content/conversation/es/c1/010/audio/conversation_c1_010.wav
SKIP (exists): content/conversation/es/c1/010/audio/conversation_c1_010.cues.json
SKIP (exists): content/conversation/es/c1/010/data/conversation_010.runtime.json
SKIP (exists): content/conversation/es/c1/003/audio/conversation_c1_003.wav
SKIP (exists): content/conversation/es/c1/003/audio/conversation_c1_003.cues.json
SKIP (exists): content/conversation/es/c1/003/data/conversation_003.runtime.json
SKIP (exists): content/conversation/es/c1/004/audio/conversation_c1_004.wav
SKIP (exists): content/conversation/es/c1/004/audio/conversation_c1_004.cues.json
SKIP (exists): content/conversation/es/c1/004/data/conversation_004.runtime.json
SKIP (exists): content/conversation/es/c1/005/audio/conversation_c1_005.wav
SKIP (exists): content/conversation/es/c1/005/audio/conversation_c1_005.cues.json
SKIP (exists): content/conversation/es/c1/005/data/conversation_005.runtime.json
SKIP (exists): content/conversation/es/c1/002/audio/conversation_c1_002.wav
SKIP (exists): content/conversation/es/c1/002/audio/conversation_c1_002.cues.json
SKIP (exists): content/conversation/es/c1/002/data/conversation_002.runtime.json
SKIP (exists): content/conversation/es/b1/.DS_Store
SKIP (exists): content/conversation/es/b1/007/audio/conversation_b1_007.cues.json
SKIP (exists): content/conversation/es/b1/007/audio/conversation_b1_007.wav
SKIP (exists): content/conversation/es/b1/007/data/conversation_007.runtime.json
SKIP (exists): content/conversation/es/b1/009/audio/conversation_b1_009.wav
SKIP (exists): content/conversation/es/b1/009/audio/conversation_b1_009.cues.json
SKIP (exists): content/conversation/es/b1/009/data/conversation_009.runtime.json
SKIP (exists): content/conversation/es/b1/008/audio/conversation_b1_008.wav
SKIP (exists): content/conversation/es/b1/008/audio/conversation_b1_008.cues.json
SKIP (exists): content/conversation/es/b1/008/data/conversation_008.runtime.json
SKIP (exists): content/conversation/es/b1/001/audio/conversation_b1_001.cues.json
SKIP (exists): content/conversation/es/b1/001/audio/conversation_b1_001.wav
SKIP (exists): content/conversation/es/b1/001/data/conversation_001.runtime.json
SKIP (exists): content/conversation/es/b1/006/audio/conversation_b1_006.cues.json
SKIP (exists): content/conversation/es/b1/006/audio/conversation_b1_006.wav
SKIP (exists): content/conversation/es/b1/006/data/conversation_006.runtime.json
SKIP (exists): content/conversation/es/b1/010/audio/conversation_b1_010.wav
SKIP (exists): content/conversation/es/b1/010/audio/conversation_b1_010.cues.json
SKIP (exists): content/conversation/es/b1/010/data/conversation_010.runtime.json
SKIP (exists): content/conversation/es/b1/003/audio/conversation_b1_003.wav
SKIP (exists): content/conversation/es/b1/003/audio/conversation_b1_003.cues.json
SKIP (exists): content/conversation/es/b1/003/data/conversation_003.runtime.json
SKIP (exists): content/conversation/es/b1/004/audio/conversation_b1_004.wav
SKIP (exists): content/conversation/es/b1/004/audio/conversation_b1_004.cues.json
SKIP (exists): content/conversation/es/b1/004/data/conversation_004.runtime.json
SKIP (exists): content/conversation/es/b1/005/audio/conversation_b1_005.wav
SKIP (exists): content/conversation/es/b1/005/audio/conversation_b1_005.cues.json
SKIP (exists): content/conversation/es/b1/005/data/conversation_005.runtime.json
SKIP (exists): content/conversation/es/b1/002/audio/conversation_b1_002.wav
SKIP (exists): content/conversation/es/b1/002/audio/conversation_b1_002.cues.json
SKIP (exists): content/conversation/es/b1/002/data/conversation_002.runtime.json
SKIP (exists): content/conversation/es/a1/.DS_Store
SKIP (exists): content/conversation/es/a1/007/audio/conversation_a1_007.cues.json
SKIP (exists): content/conversation/es/a1/007/audio/conversation_a1_007.wav
SKIP (exists): content/conversation/es/a1/007/data/conversation_007.runtime.json
SKIP (exists): content/conversation/es/a1/009/audio/conversation_a1_009.wav
SKIP (exists): content/conversation/es/a1/009/audio/conversation_a1_009.cues.json
SKIP (exists): content/conversation/es/a1/009/data/conversation_009.runtime.json
SKIP (exists): content/conversation/es/a1/008/audio/conversation_a1_008.wav
SKIP (exists): content/conversation/es/a1/008/audio/conversation_a1_008.cues.json
SKIP (exists): content/conversation/es/a1/008/data/conversation_008.runtime.json
SKIP (exists): content/conversation/es/a1/001/audio/conversation_a1_001.cues.json
SKIP (exists): content/conversation/es/a1/001/audio/conversation_a1_001.wav
SKIP (exists): content/conversation/es/a1/001/data/conversation_001.runtime.json
SKIP (exists): content/conversation/es/a1/006/audio/conversation_a1_006.cues.json
SKIP (exists): content/conversation/es/a1/006/audio/conversation_a1_006.wav
SKIP (exists): content/conversation/es/a1/006/data/conversation_006.runtime.json
SKIP (exists): content/conversation/es/a1/010/audio/conversation_a1_010.cues.json
SKIP (exists): content/conversation/es/a1/010/audio/conversation_a1_010.wav
SKIP (exists): content/conversation/es/a1/010/data/conversation_010.runtime.json
SKIP (exists): content/conversation/es/a1/003/audio/conversation_a1_003.wav
SKIP (exists): content/conversation/es/a1/003/audio/conversation_a1_003.cues.json
SKIP (exists): content/conversation/es/a1/003/data/conversation_003.runtime.json
SKIP (exists): content/conversation/es/a1/004/audio/conversation_a1_004.cues.json
SKIP (exists): content/conversation/es/a1/004/audio/conversation_a1_004.wav
SKIP (exists): content/conversation/es/a1/004/data/conversation_004.runtime.json
SKIP (exists): content/conversation/es/a1/005/audio/conversation_a1_005.wav
SKIP (exists): content/conversation/es/a1/005/audio/conversation_a1_005.cues.json
SKIP (exists): content/conversation/es/a1/005/data/conversation_005.runtime.json
SKIP (exists): content/conversation/es/a1/002/audio/conversation_a1_002.cues.json
SKIP (exists): content/conversation/es/a1/002/audio/conversation_a1_002.wav
SKIP (exists): content/conversation/es/a1/002/data/conversation_002.runtime.json
SKIP (exists): content/conversation/es/c2/.DS_Store
SKIP (exists): content/conversation/es/c2/007/audio/conversation_c2_007.cues.json
SKIP (exists): content/conversation/es/c2/007/audio/conversation_c2_007.wav
SKIP (exists): content/conversation/es/c2/007/data/conversation_007.runtime.json
SKIP (exists): content/conversation/es/c2/009/audio/conversation_c2_009.wav
SKIP (exists): content/conversation/es/c2/009/audio/conversation_c2_009.cues.json
SKIP (exists): content/conversation/es/c2/009/data/conversation_009.runtime.json
SKIP (exists): content/conversation/es/c2/008/audio/conversation_c2_008.cues.json
SKIP (exists): content/conversation/es/c2/008/audio/conversation_c2_008.wav
SKIP (exists): content/conversation/es/c2/008/data/conversation_008.runtime.json
SKIP (exists): content/conversation/es/c2/001/audio/conversation_c2_001.wav
SKIP (exists): content/conversation/es/c2/001/audio/conversation_c2_001.cues.json
SKIP (exists): content/conversation/es/c2/001/data/conversation_001.runtime.json
SKIP (exists): content/conversation/es/c2/006/audio/conversation_c2_006.wav
SKIP (exists): content/conversation/es/c2/006/audio/conversation_c2_006.cues.json
SKIP (exists): content/conversation/es/c2/006/data/conversation_006.runtime.json
SKIP (exists): content/conversation/es/c2/010/audio/conversation_c2_010.wav
SKIP (exists): content/conversation/es/c2/010/audio/conversation_c2_010.cues.json
SKIP (exists): content/conversation/es/c2/010/data/conversation_010.runtime.json
SKIP (exists): content/conversation/es/c2/003/audio/conversation_c2_003.wav
SKIP (exists): content/conversation/es/c2/003/audio/conversation_c2_003.cues.json
SKIP (exists): content/conversation/es/c2/003/data/conversation_003.runtime.json
SKIP (exists): content/conversation/es/c2/004/audio/conversation_c2_004.wav
SKIP (exists): content/conversation/es/c2/004/audio/conversation_c2_004.cues.json
SKIP (exists): content/conversation/es/c2/004/data/conversation_004.runtime.json
SKIP (exists): content/conversation/es/c2/005/audio/conversation_c2_005.wav
SKIP (exists): content/conversation/es/c2/005/audio/conversation_c2_005.cues.json
SKIP (exists): content/conversation/es/c2/005/data/conversation_005.runtime.json
SKIP (exists): content/conversation/es/c2/002/audio/conversation_c2_002.wav
SKIP (exists): content/conversation/es/c2/002/audio/conversation_c2_002.cues.json
SKIP (exists): content/conversation/es/c2/002/data/conversation_002.runtime.json
SKIP (exists): content/conversation/en/.DS_Store
SKIP (exists): content/conversation/en/b2/.DS_Store
SKIP (exists): content/conversation/en/b2/007/audio/conversation_b2_007.cues.json
SKIP (exists): content/conversation/en/b2/007/audio/conversation_b2_007.wav
SKIP (exists): content/conversation/en/b2/007/data/conversation_007.runtime.json
SKIP (exists): content/conversation/en/b2/009/audio/conversation_b2_009.wav
SKIP (exists): content/conversation/en/b2/009/audio/conversation_b2_009.cues.json
SKIP (exists): content/conversation/en/b2/009/data/conversation_009.runtime.json
SKIP (exists): content/conversation/en/b2/008/audio/conversation_b2_008.cues.json
SKIP (exists): content/conversation/en/b2/008/audio/conversation_b2_008.wav
SKIP (exists): content/conversation/en/b2/008/data/conversation_008.runtime.json
SKIP (exists): content/conversation/en/b2/001/audio/conversation_b2_001.cues.json
SKIP (exists): content/conversation/en/b2/001/audio/conversation_b2_001.wav
SKIP (exists): content/conversation/en/b2/001/data/conversation_001.runtime.json
SKIP (exists): content/conversation/en/b2/006/audio/conversation_b2_006.wav
SKIP (exists): content/conversation/en/b2/006/audio/conversation_b2_006.cues.json
SKIP (exists): content/conversation/en/b2/006/data/conversation_006.runtime.json
SKIP (exists): content/conversation/en/b2/010/audio/conversation_b2_010.wav
SKIP (exists): content/conversation/en/b2/010/audio/conversation_b2_010.cues.json
SKIP (exists): content/conversation/en/b2/010/data/conversation_010.runtime.json
SKIP (exists): content/conversation/en/b2/003/audio/conversation_b2_003.wav
SKIP (exists): content/conversation/en/b2/003/audio/conversation_b2_003.cues.json
SKIP (exists): content/conversation/en/b2/003/data/conversation_003.runtime.json
SKIP (exists): content/conversation/en/b2/004/audio/conversation_b2_004.wav
SKIP (exists): content/conversation/en/b2/004/audio/conversation_b2_004.cues.json
SKIP (exists): content/conversation/en/b2/004/data/conversation_004.runtime.json
SKIP (exists): content/conversation/en/b2/005/audio/conversation_b2_005.wav
SKIP (exists): content/conversation/en/b2/005/audio/conversation_b2_005.cues.json
SKIP (exists): content/conversation/en/b2/005/data/conversation_005.runtime.json
SKIP (exists): content/conversation/en/b2/002/audio/conversation_b2_002.wav
SKIP (exists): content/conversation/en/b2/002/audio/conversation_b2_002.cues.json
SKIP (exists): content/conversation/en/b2/002/data/conversation_002.runtime.json
SKIP (exists): content/conversation/en/a2/.DS_Store
SKIP (exists): content/conversation/en/a2/007/audio/conversation_a2_007.cues.json
SKIP (exists): content/conversation/en/a2/007/audio/conversation_a2_007.wav
SKIP (exists): content/conversation/en/a2/007/data/conversation_007.runtime.json
SKIP (exists): content/conversation/en/a2/009/audio/conversation_a2_009.wav
SKIP (exists): content/conversation/en/a2/009/audio/conversation_a2_009.cues.json
SKIP (exists): content/conversation/en/a2/009/data/conversation_009.runtime.json
SKIP (exists): content/conversation/en/a2/008/audio/conversation_a2_008.wav
SKIP (exists): content/conversation/en/a2/008/audio/conversation_a2_008.cues.json
SKIP (exists): content/conversation/en/a2/008/data/conversation_008.runtime.json
SKIP (exists): content/conversation/en/a2/001/audio/conversation_a2_001.cues.json
SKIP (exists): content/conversation/en/a2/001/audio/conversation_a2_001.wav
SKIP (exists): content/conversation/en/a2/001/data/conversation_001.runtime.json
SKIP (exists): content/conversation/en/a2/006/audio/conversation_a2_006.cues.json
SKIP (exists): content/conversation/en/a2/006/audio/conversation_a2_006.wav
SKIP (exists): content/conversation/en/a2/006/data/conversation_006.runtime.json
SKIP (exists): content/conversation/en/a2/010/audio/conversation_a2_010.wav
SKIP (exists): content/conversation/en/a2/010/audio/conversation_a2_010.cues.json
SKIP (exists): content/conversation/en/a2/010/data/conversation_010.runtime.json
SKIP (exists): content/conversation/en/a2/003/audio/conversation_a2_003.wav
SKIP (exists): content/conversation/en/a2/003/audio/conversation_a2_003.cues.json
SKIP (exists): content/conversation/en/a2/003/data/conversation_003.runtime.json
SKIP (exists): content/conversation/en/a2/004/audio/conversation_a2_004.wav
SKIP (exists): content/conversation/en/a2/004/audio/conversation_a2_004.cues.json
SKIP (exists): content/conversation/en/a2/004/data/conversation_004.runtime.json
SKIP (exists): content/conversation/en/a2/005/audio/conversation_a2_005.wav
SKIP (exists): content/conversation/en/a2/005/audio/conversation_a2_005.cues.json
SKIP (exists): content/conversation/en/a2/005/data/conversation_005.runtime.json
SKIP (exists): content/conversation/en/a2/002/audio/conversation_a2_002.cues.json
SKIP (exists): content/conversation/en/a2/002/audio/conversation_a2_002.wav
SKIP (exists): content/conversation/en/a2/002/data/conversation_002.runtime.json
SKIP (exists): content/conversation/en/c1/.DS_Store
SKIP (exists): content/conversation/en/c1/007/audio/conversation_c1_007.cues.json
SKIP (exists): content/conversation/en/c1/007/audio/conversation_c1_007.wav
SKIP (exists): content/conversation/en/c1/007/data/conversation_007.runtime.json
SKIP (exists): content/conversation/en/c1/009/audio/conversation_c1_009.wav
SKIP (exists): content/conversation/en/c1/009/audio/conversation_c1_009.cues.json
SKIP (exists): content/conversation/en/c1/009/data/conversation_009.runtime.json
SKIP (exists): content/conversation/en/c1/008/audio/conversation_c1_008.wav
SKIP (exists): content/conversation/en/c1/008/audio/conversation_c1_008.cues.json
SKIP (exists): content/conversation/en/c1/008/data/conversation_008.runtime.json
SKIP (exists): content/conversation/en/c1/001/audio/conversation_c1_001.cues.json
SKIP (exists): content/conversation/en/c1/001/audio/conversation_c1_001.wav
SKIP (exists): content/conversation/en/c1/001/data/conversation_001.runtime.json
SKIP (exists): content/conversation/en/c1/006/audio/conversation_c1_006.wav
SKIP (exists): content/conversation/en/c1/006/audio/conversation_c1_006.cues.json
SKIP (exists): content/conversation/en/c1/006/data/conversation_006.runtime.json
SKIP (exists): content/conversation/en/c1/010/audio/conversation_c1_010.wav
SKIP (exists): content/conversation/en/c1/010/audio/conversation_c1_010.cues.json
SKIP (exists): content/conversation/en/c1/010/data/conversation_010.runtime.json
SKIP (exists): content/conversation/en/c1/003/audio/conversation_c1_003.wav
SKIP (exists): content/conversation/en/c1/003/audio/conversation_c1_003.cues.json
SKIP (exists): content/conversation/en/c1/003/data/conversation_003.runtime.json
SKIP (exists): content/conversation/en/c1/004/audio/conversation_c1_004.wav
SKIP (exists): content/conversation/en/c1/004/audio/conversation_c1_004.cues.json
SKIP (exists): content/conversation/en/c1/004/data/conversation_004.runtime.json
SKIP (exists): content/conversation/en/c1/005/audio/conversation_c1_005.wav
SKIP (exists): content/conversation/en/c1/005/audio/conversation_c1_005.cues.json
SKIP (exists): content/conversation/en/c1/005/data/conversation_005.runtime.json
SKIP (exists): content/conversation/en/c1/002/audio/conversation_c1_002.wav
SKIP (exists): content/conversation/en/c1/002/audio/conversation_c1_002.cues.json
SKIP (exists): content/conversation/en/c1/002/data/conversation_002.runtime.json
SKIP (exists): content/conversation/en/b1/.DS_Store
SKIP (exists): content/conversation/en/b1/007/audio/conversation_b1_007.cues.json
SKIP (exists): content/conversation/en/b1/007/audio/conversation_b1_007.wav
SKIP (exists): content/conversation/en/b1/007/data/conversation_007.runtime.json
SKIP (exists): content/conversation/en/b1/009/audio/conversation_b1_009.wav
SKIP (exists): content/conversation/en/b1/009/audio/conversation_b1_009.cues.json
SKIP (exists): content/conversation/en/b1/009/data/conversation_009.runtime.json
SKIP (exists): content/conversation/en/b1/008/audio/conversation_b1_008.wav
SKIP (exists): content/conversation/en/b1/008/audio/conversation_b1_008.cues.json
SKIP (exists): content/conversation/en/b1/008/data/conversation_008.runtime.json
SKIP (exists): content/conversation/en/b1/001/audio/conversation_b1_001.cues.json
SKIP (exists): content/conversation/en/b1/001/audio/conversation_b1_001.wav
SKIP (exists): content/conversation/en/b1/001/data/conversation_001.runtime.json
SKIP (exists): content/conversation/en/b1/006/audio/conversation_b1_006.cues.json
SKIP (exists): content/conversation/en/b1/006/audio/conversation_b1_006.wav
SKIP (exists): content/conversation/en/b1/006/data/conversation_006.runtime.json
SKIP (exists): content/conversation/en/b1/010/audio/conversation_b1_010.wav
SKIP (exists): content/conversation/en/b1/010/audio/conversation_b1_010.cues.json
SKIP (exists): content/conversation/en/b1/010/data/conversation_010.runtime.json
SKIP (exists): content/conversation/en/b1/003/audio/conversation_b1_003.wav
SKIP (exists): content/conversation/en/b1/003/audio/conversation_b1_003.cues.json
SKIP (exists): content/conversation/en/b1/003/data/conversation_003.runtime.json
SKIP (exists): content/conversation/en/b1/004/audio/conversation_b1_004.wav
SKIP (exists): content/conversation/en/b1/004/audio/conversation_b1_004.cues.json
SKIP (exists): content/conversation/en/b1/004/data/conversation_004.runtime.json
SKIP (exists): content/conversation/en/b1/005/audio/conversation_b1_005.wav
SKIP (exists): content/conversation/en/b1/005/audio/conversation_b1_005.cues.json
SKIP (exists): content/conversation/en/b1/005/data/conversation_005.runtime.json
SKIP (exists): content/conversation/en/b1/002/audio/conversation_b1_002.wav
SKIP (exists): content/conversation/en/b1/002/audio/conversation_b1_002.cues.json
SKIP (exists): content/conversation/en/b1/002/data/conversation_002.runtime.json
SKIP (exists): content/conversation/en/a1/.DS_Store
SKIP (exists): content/conversation/en/a1/007/audio/conversation_a1_007.cues.json
SKIP (exists): content/conversation/en/a1/007/audio/conversation_a1_007.wav
SKIP (exists): content/conversation/en/a1/007/data/conversation_007.runtime.json
SKIP (exists): content/conversation/en/a1/009/audio/conversation_a1_009.wav
SKIP (exists): content/conversation/en/a1/009/audio/conversation_a1_009.cues.json
SKIP (exists): content/conversation/en/a1/009/data/conversation_009.runtime.json
SKIP (exists): content/conversation/en/a1/008/audio/conversation_a1_008.wav
SKIP (exists): content/conversation/en/a1/008/audio/conversation_a1_008.cues.json
SKIP (exists): content/conversation/en/a1/008/data/conversation_008.runtime.json
SKIP (exists): content/conversation/en/a1/001/audio/conversation_a1_001.cues.json
SKIP (exists): content/conversation/en/a1/001/audio/conversation_a1_001.wav
SKIP (exists): content/conversation/en/a1/001/data/conversation_001.runtime.json
SKIP (exists): content/conversation/en/a1/006/audio/conversation_a1_006.cues.json
SKIP (exists): content/conversation/en/a1/006/audio/conversation_a1_006.wav
SKIP (exists): content/conversation/en/a1/006/data/conversation_006.runtime.json
SKIP (exists): content/conversation/en/a1/010/audio/conversation_a1_010.cues.json
SKIP (exists): content/conversation/en/a1/010/audio/conversation_a1_010.wav
SKIP (exists): content/conversation/en/a1/010/data/conversation_010.runtime.json
SKIP (exists): content/conversation/en/a1/003/audio/conversation_a1_003.wav
SKIP (exists): content/conversation/en/a1/003/audio/conversation_a1_003.cues.json
SKIP (exists): content/conversation/en/a1/003/data/conversation_003.runtime.json
SKIP (exists): content/conversation/en/a1/004/audio/conversation_a1_004.cues.json
SKIP (exists): content/conversation/en/a1/004/audio/conversation_a1_004.wav
SKIP (exists): content/conversation/en/a1/004/data/conversation_004.runtime.json
SKIP (exists): content/conversation/en/a1/005/audio/conversation_a1_005.wav
SKIP (exists): content/conversation/en/a1/005/audio/conversation_a1_005.cues.json
SKIP (exists): content/conversation/en/a1/005/data/conversation_005.runtime.json
SKIP (exists): content/conversation/en/a1/002/audio/conversation_a1_002.cues.json
SKIP (exists): content/conversation/en/a1/002/audio/conversation_a1_002.wav
SKIP (exists): content/conversation/en/a1/002/data/conversation_002.runtime.json
SKIP (exists): content/conversation/en/c2/.DS_Store
SKIP (exists): content/conversation/en/c2/007/audio/conversation_c2_007.cues.json
SKIP (exists): content/conversation/en/c2/007/audio/conversation_c2_007.wav
SKIP (exists): content/conversation/en/c2/007/data/conversation_007.runtime.json
SKIP (exists): content/conversation/en/c2/009/audio/conversation_c2_009.wav
SKIP (exists): content/conversation/en/c2/009/audio/conversation_c2_009.cues.json
SKIP (exists): content/conversation/en/c2/009/data/conversation_009.runtime.json
SKIP (exists): content/conversation/en/c2/008/audio/conversation_c2_008.cues.json
SKIP (exists): content/conversation/en/c2/008/audio/conversation_c2_008.wav
SKIP (exists): content/conversation/en/c2/008/data/conversation_008.runtime.json
SKIP (exists): content/conversation/en/c2/001/audio/conversation_c2_001.wav
SKIP (exists): content/conversation/en/c2/001/audio/conversation_c2_001.cues.json
SKIP (exists): content/conversation/en/c2/001/data/conversation_001.runtime.json
SKIP (exists): content/conversation/en/c2/006/audio/conversation_c2_006.wav
SKIP (exists): content/conversation/en/c2/006/audio/conversation_c2_006.cues.json
SKIP (exists): content/conversation/en/c2/006/data/conversation_006.runtime.json
SKIP (exists): content/conversation/en/c2/010/audio/conversation_c2_010.wav
SKIP (exists): content/conversation/en/c2/010/audio/conversation_c2_010.cues.json
SKIP (exists): content/conversation/en/c2/010/data/conversation_010.runtime.json
SKIP (exists): content/conversation/en/c2/003/audio/conversation_c2_003.wav
SKIP (exists): content/conversation/en/c2/003/audio/conversation_c2_003.cues.json
SKIP (exists): content/conversation/en/c2/003/data/conversation_003.runtime.json
SKIP (exists): content/conversation/en/c2/004/audio/conversation_c2_004.wav
SKIP (exists): content/conversation/en/c2/004/audio/conversation_c2_004.cues.json
SKIP (exists): content/conversation/en/c2/004/data/conversation_004.runtime.json
SKIP (exists): content/conversation/en/c2/005/audio/conversation_c2_005.wav
SKIP (exists): content/conversation/en/c2/005/audio/conversation_c2_005.cues.json
SKIP (exists): content/conversation/en/c2/005/data/conversation_005.runtime.json
SKIP (exists): content/conversation/en/c2/002/audio/conversation_c2_002.wav
SKIP (exists): content/conversation/en/c2/002/audio/conversation_c2_002.cues.json
SKIP (exists): content/conversation/en/c2/002/data/conversation_002.runtime.json

Upload finished.
/en/a2/002/audio/idiom_a2_002.wav
SKIP (exists): content/idiom/en/a2/002/data/data.json
SKIP (exists): content/idiom/en/c1/001/audio/idiom_c1_001.wav
SKIP (exists): content/idiom/en/c1/001/data/data.json
SKIP (exists): content/idiom/en/c1/006/audio/idiom_c1_006.wav
SKIP (exists): content/idiom/en/c1/006/data/data.json
SKIP (exists): content/idiom/en/c1/003/audio/idiom_c1_003.wav
SKIP (exists): content/idiom/en/c1/003/data/data.json
SKIP (exists): content/idiom/en/c1/004/audio/idiom_c1_004.wav
SKIP (exists): content/idiom/en/c1/004/data/data.json
SKIP (exists): content/idiom/en/c1/005/audio/idiom_c1_005.wav
SKIP (exists): content/idiom/en/c1/005/data/data.json
SKIP (exists): content/idiom/en/c1/002/audio/idiom_c1_002.wav
SKIP (exists): content/idiom/en/c1/002/data/data.json
SKIP (exists): content/idiom/en/b1/007/audio/idiom_b1_007.wav
SKIP (exists): content/idiom/en/b1/007/data/data.json
SKIP (exists): content/idiom/en/b1/001/data/data.json
SKIP (exists): content/idiom/en/b1/006/audio/idiom_b1_006.wav
SKIP (exists): content/idiom/en/b1/006/data/data.json
SKIP (exists): content/idiom/en/b1/003/audio/idiom_b1_003.wav
SKIP (exists): content/idiom/en/b1/003/data/data.json
SKIP (exists): content/idiom/en/b1/004/audio/idiom_b1_004.wav
SKIP (exists): content/idiom/en/b1/004/data/data.json
SKIP (exists): content/idiom/en/b1/005/audio/idiom_b1_005.wav
SKIP (exists): content/idiom/en/b1/005/data/data.json
SKIP (exists): content/idiom/en/b1/002/audio/idiom_b1_002.wav
SKIP (exists): content/idiom/en/b1/002/data/data.json
SKIP (exists): content/idiom/en/a1/007/audio/idiom_a1_007.wav
SKIP (exists): content/idiom/en/a1/007/data/data.json
SKIP (exists): content/idiom/en/a1/001/audio/idiom_a1_001.wav
SKIP (exists): content/idiom/en/a1/001/data/data.json
SKIP (exists): content/idiom/en/a1/006/audio/idiom_a1_006.wav
SKIP (exists): content/idiom/en/a1/006/data/data.json
SKIP (exists): content/idiom/en/a1/003/audio/idiom_a1_003.wav
SKIP (exists): content/idiom/en/a1/003/data/data.json
SKIP (exists): content/idiom/en/a1/004/audio/idiom_a1_004.wav
SKIP (exists): content/idiom/en/a1/004/data/data.json
SKIP (exists): content/idiom/en/a1/005/audio/idiom_a1_005.wav
SKIP (exists): content/idiom/en/a1/005/data/data.json
SKIP (exists): content/idiom/en/a1/002/audio/idiom_a1_002.wav
SKIP (exists): content/idiom/en/a1/002/data/data.json
SKIP (exists): content/idiom/en/c2/001/audio/idiom_c2_001.wav
SKIP (exists): content/idiom/en/c2/001/data/data.json
SKIP (exists): content/idiom/en/c2/003/audio/idiom_c2_003.wav
SKIP (exists): content/idiom/en/c2/003/data/data.json
SKIP (exists): content/idiom/en/c2/004/audio/idiom_c2_004.wav
SKIP (exists): content/idiom/en/c2/004/data/data.json
SKIP (exists): content/idiom/en/c2/002/audio/idiom_c2_002.wav
SKIP (exists): content/idiom/en/c2/002/data/data.json
SKIP (exists): content/conversation/.DS_Store
SKIP (exists): content/conversation/pt/.DS_Store
SKIP (exists): content/conversation/pt/b2/.DS_Store
SKIP (exists): content/conversation/pt/b2/007/audio/conversation_b2_007.cues.json
SKIP (exists): content/conversation/pt/b2/007/audio/conversation_b2_007.wav
SKIP (exists): content/conversation/pt/b2/007/data/conversation_007.runtime.json
SKIP (exists): content/conversation/pt/b2/009/audio/conversation_b2_009.wav
SKIP (exists): content/conversation/pt/b2/009/audio/conversation_b2_009.cues.json
SKIP (exists): content/conversation/pt/b2/009/data/conversation_009.runtime.json
SKIP (exists): content/conversation/pt/b2/008/audio/conversation_b2_008.cues.json
SKIP (exists): content/conversation/pt/b2/008/audio/conversation_b2_008.wav
SKIP (exists): content/conversation/pt/b2/008/data/conversation_008.runtime.json
SKIP (exists): content/conversation/pt/b2/001/audio/conversation_b2_001.cues.json
SKIP (exists): content/conversation/pt/b2/001/audio/conversation_b2_001.wav
SKIP (exists): content/conversation/pt/b2/001/data/conversation_001.runtime.json
SKIP (exists): content/conversation/pt/b2/006/audio/conversation_b2_006.wav
SKIP (exists): content/conversation/pt/b2/006/audio/conversation_b2_006.cues.json
SKIP (exists): content/conversation/pt/b2/006/data/conversation_006.runtime.json
SKIP (exists): content/conversation/pt/b2/010/audio/conversation_b2_010.wav
SKIP (exists): content/conversation/pt/b2/010/audio/conversation_b2_010.cues.json
SKIP (exists): content/conversation/pt/b2/010/data/conversation_010.runtime.json
SKIP (exists): content/conversation/pt/b2/003/audio/conversation_b2_003.wav
SKIP (exists): content/conversation/pt/b2/003/audio/conversation_b2_003.cues.json
SKIP (exists): content/conversation/pt/b2/003/data/conversation_003.runtime.json
SKIP (exists): content/conversation/pt/b2/004/audio/conversation_b2_004.wav
SKIP (exists): content/conversation/pt/b2/004/audio/conversation_b2_004.cues.json
SKIP (exists): content/conversation/pt/b2/004/data/conversation_004.runtime.json
SKIP (exists): content/conversation/pt/b2/005/audio/conversation_b2_005.wav
SKIP (exists): content/conversation/pt/b2/005/audio/conversation_b2_005.cues.json
SKIP (exists): content/conversation/pt/b2/005/data/conversation_005.runtime.json
SKIP (exists): content/conversation/pt/b2/002/audio/conversation_b2_002.wav
SKIP (exists): content/conversation/pt/b2/002/audio/conversation_b2_002.cues.json
SKIP (exists): content/conversation/pt/b2/002/data/conversation_002.runtime.json
SKIP (exists): content/conversation/pt/a2/.DS_Store
SKIP (exists): content/conversation/pt/a2/007/audio/conversation_a2_007.cues.json
SKIP (exists): content/conversation/pt/a2/007/audio/conversation_a2_007.wav
SKIP (exists): content/conversation/pt/a2/007/data/conversation_007.runtime.json
SKIP (exists): content/conversation/pt/a2/009/audio/conversation_a2_009.wav
SKIP (exists): content/conversation/pt/a2/009/audio/conversation_a2_009.cues.json
SKIP (exists): content/conversation/pt/a2/009/data/conversation_009.runtime.json
SKIP (exists): content/conversation/pt/a2/008/audio/conversation_a2_008.wav
SKIP (exists): content/conversation/pt/a2/008/audio/conversation_a2_008.cues.json
SKIP (exists): content/conversation/pt/a2/008/data/conversation_008.runtime.json
SKIP (exists): content/conversation/pt/a2/001/audio/conversation_a2_001.cues.json
SKIP (exists): content/conversation/pt/a2/001/audio/conversation_a2_001.wav
SKIP (exists): content/conversation/pt/a2/001/data/conversation_001.runtime.json
SKIP (exists): content/conversation/pt/a2/006/audio/conversation_a2_006.cues.json
SKIP (exists): content/conversation/pt/a2/006/audio/conversation_a2_006.wav
SKIP (exists): content/conversation/pt/a2/006/data/conversation_006.runtime.json
SKIP (exists): content/conversation/pt/a2/010/audio/conversation_a2_010.wav
SKIP (exists): content/conversation/pt/a2/010/audio/conversation_a2_010.cues.json
SKIP (exists): content/conversation/pt/a2/010/data/conversation_010.runtime.json
SKIP (exists): content/conversation/pt/a2/003/audio/conversation_a2_003.wav
SKIP (exists): content/conversation/pt/a2/003/audio/conversation_a2_003.cues.json
SKIP (exists): content/conversation/pt/a2/003/data/conversation_003.runtime.json
SKIP (exists): content/conversation/pt/a2/004/audio/conversation_a2_004.wav
SKIP (exists): content/conversation/pt/a2/004/audio/conversation_a2_004.cues.json
SKIP (exists): content/conversation/pt/a2/004/data/conversation_004.runtime.json
SKIP (exists): content/conversation/pt/a2/005/audio/conversation_a2_005.wav
SKIP (exists): content/conversation/pt/a2/005/audio/conversation_a2_005.cues.json
SKIP (exists): content/conversation/pt/a2/005/data/conversation_005.runtime.json
SKIP (exists): content/conversation/pt/a2/002/audio/conversation_a2_002.cues.json
SKIP (exists): content/conversation/pt/a2/002/audio/conversation_a2_002.wav
SKIP (exists): content/conversation/pt/a2/002/data/conversation_002.runtime.json
SKIP (exists): content/conversation/pt/c1/.DS_Store
SKIP (exists): content/conversation/pt/c1/007/audio/conversation_c1_007.cues.json
SKIP (exists): content/conversation/pt/c1/007/audio/conversation_c1_007.wav
SKIP (exists): content/conversation/pt/c1/007/data/conversation_007.runtime.json
SKIP (exists): content/conversation/pt/c1/009/audio/conversation_c1_009.wav
SKIP (exists): content/conversation/pt/c1/009/audio/conversation_c1_009.cues.json
SKIP (exists): content/conversation/pt/c1/009/data/conversation_009.runtime.json
SKIP (exists): content/conversation/pt/c1/008/audio/conversation_c1_008.wav
SKIP (exists): content/conversation/pt/c1/008/audio/conversation_c1_008.cues.json
SKIP (exists): content/conversation/pt/c1/008/data/conversation_008.runtime.json
SKIP (exists): content/conversation/pt/c1/001/audio/conversation_c1_001.cues.json
SKIP (exists): content/conversation/pt/c1/001/audio/conversation_c1_001.wav
SKIP (exists): content/conversation/pt/c1/001/data/conversation_001.runtime.json
SKIP (exists): content/conversation/pt/c1/006/audio/conversation_c1_006.wav
SKIP (exists): content/conversation/pt/c1/006/audio/conversation_c1_006.cues.json
SKIP (exists): content/conversation/pt/c1/006/data/conversation_006.runtime.json
SKIP (exists): content/conversation/pt/c1/010/audio/conversation_c1_010.wav
SKIP (exists): content/conversation/pt/c1/010/audio/conversation_c1_010.cues.json
SKIP (exists): content/conversation/pt/c1/010/data/conversation_010.runtime.json
SKIP (exists): content/conversation/pt/c1/003/audio/conversation_c1_003.wav
SKIP (exists): content/conversation/pt/c1/003/audio/conversation_c1_003.cues.json
SKIP (exists): content/conversation/pt/c1/003/data/conversation_003.runtime.json
SKIP (exists): content/conversation/pt/c1/004/audio/conversation_c1_004.wav
SKIP (exists): content/conversation/pt/c1/004/audio/conversation_c1_004.cues.json
SKIP (exists): content/conversation/pt/c1/004/data/conversation_004.runtime.json
SKIP (exists): content/conversation/pt/c1/005/audio/conversation_c1_005.wav
SKIP (exists): content/conversation/pt/c1/005/audio/conversation_c1_005.cues.json
SKIP (exists): content/conversation/pt/c1/005/data/conversation_005.runtime.json
SKIP (exists): content/conversation/pt/c1/002/audio/conversation_c1_002.wav
SKIP (exists): content/conversation/pt/c1/002/audio/conversation_c1_002.cues.json
SKIP (exists): content/conversation/pt/c1/002/data/conversation_002.runtime.json
SKIP (exists): content/conversation/pt/b1/.DS_Store
SKIP (exists): content/conversation/pt/b1/007/audio/conversation_b1_007.cues.json
SKIP (exists): content/conversation/pt/b1/007/audio/conversation_b1_007.wav
SKIP (exists): content/conversation/pt/b1/007/data/conversation_007.runtime.json
SKIP (exists): content/conversation/pt/b1/009/audio/conversation_b1_009.wav
SKIP (exists): content/conversation/pt/b1/009/audio/conversation_b1_009.cues.json
SKIP (exists): content/conversation/pt/b1/009/data/conversation_009.runtime.json
SKIP (exists): content/conversation/pt/b1/008/audio/conversation_b1_008.wav
SKIP (exists): content/conversation/pt/b1/008/audio/conversation_b1_008.cues.json
SKIP (exists): content/conversation/pt/b1/008/data/conversation_008.runtime.json
SKIP (exists): content/conversation/pt/b1/001/audio/conversation_b1_001.cues.json
SKIP (exists): content/conversation/pt/b1/001/audio/conversation_b1_001.wav
SKIP (exists): content/conversation/pt/b1/001/data/conversation_001.runtime.json
SKIP (exists): content/conversation/pt/b1/006/audio/conversation_b1_006.cues.json
SKIP (exists): content/conversation/pt/b1/006/audio/conversation_b1_006.wav
SKIP (exists): content/conversation/pt/b1/006/data/conversation_006.runtime.json
SKIP (exists): content/conversation/pt/b1/010/audio/conversation_b1_010.wav
SKIP (exists): content/conversation/pt/b1/010/audio/conversation_b1_010.cues.json
SKIP (exists): content/conversation/pt/b1/010/data/conversation_010.runtime.json
SKIP (exists): content/conversation/pt/b1/003/audio/conversation_b1_003.wav
SKIP (exists): content/conversation/pt/b1/003/audio/conversation_b1_003.cues.json
SKIP (exists): content/conversation/pt/b1/003/data/conversation_003.runtime.json
SKIP (exists): content/conversation/pt/b1/004/audio/conversation_b1_004.wav
SKIP (exists): content/conversation/pt/b1/004/audio/conversation_b1_004.cues.json
SKIP (exists): content/conversation/pt/b1/004/data/conversation_004.runtime.json
SKIP (exists): content/conversation/pt/b1/005/audio/conversation_b1_005.wav
SKIP (exists): content/conversation/pt/b1/005/audio/conversation_b1_005.cues.json
SKIP (exists): content/conversation/pt/b1/005/data/conversation_005.runtime.json
SKIP (exists): content/conversation/pt/b1/002/audio/conversation_b1_002.wav
SKIP (exists): content/conversation/pt/b1/002/audio/conversation_b1_002.cues.json
SKIP (exists): content/conversation/pt/b1/002/data/conversation_002.runtime.json
SKIP (exists): content/conversation/pt/a1/.DS_Store
SKIP (exists): content/conversation/pt/a1/007/audio/conversation_a1_007.cues.json
SKIP (exists): content/conversation/pt/a1/007/audio/conversation_a1_007.wav
SKIP (exists): content/conversation/pt/a1/007/data/conversation_007.runtime.json
SKIP (exists): content/conversation/pt/a1/009/audio/conversation_a1_009.wav
SKIP (exists): content/conversation/pt/a1/009/audio/conversation_a1_009.cues.json
SKIP (exists): content/conversation/pt/a1/009/data/conversation_009.runtime.json
SKIP (exists): content/conversation/pt/a1/008/audio/conversation_a1_008.wav
SKIP (exists): content/conversation/pt/a1/008/audio/conversation_a1_008.cues.json
SKIP (exists): content/conversation/pt/a1/008/data/conversation_008.runtime.json
SKIP (exists): content/conversation/pt/a1/001/audio/conversation_a1_001.cues.json
SKIP (exists): content/conversation/pt/a1/001/audio/conversation_a1_001.wav
SKIP (exists): content/conversation/pt/a1/001/data/conversation_001.runtime.json
SKIP (exists): content/conversation/pt/a1/006/audio/conversation_a1_006.cues.json
SKIP (exists): content/conversation/pt/a1/006/audio/conversation_a1_006.wav
SKIP (exists): content/conversation/pt/a1/006/data/conversation_006.runtime.json
SKIP (exists): content/conversation/pt/a1/010/audio/conversation_a1_010.cues.json
SKIP (exists): content/conversation/pt/a1/010/audio/conversation_a1_010.wav
SKIP (exists): content/conversation/pt/a1/010/data/conversation_010.runtime.json
SKIP (exists): content/conversation/pt/a1/003/audio/conversation_a1_003.wav
SKIP (exists): content/conversation/pt/a1/003/audio/conversation_a1_003.cues.json
SKIP (exists): content/conversation/pt/a1/003/data/conversation_003.runtime.json
SKIP (exists): content/conversation/pt/a1/004/audio/conversation_a1_004.cues.json
SKIP (exists): content/conversation/pt/a1/004/audio/conversation_a1_004.wav
SKIP (exists): content/conversation/pt/a1/004/data/conversation_004.runtime.json
SKIP (exists): content/conversation/pt/a1/005/audio/conversation_a1_005.wav
SKIP (exists): content/conversation/pt/a1/005/audio/conversation_a1_005.cues.json
SKIP (exists): content/conversation/pt/a1/005/data/conversation_005.runtime.json
SKIP (exists): content/conversation/pt/a1/002/audio/conversation_a1_002.cues.json
SKIP (exists): content/conversation/pt/a1/002/audio/conversation_a1_002.wav
SKIP (exists): content/conversation/pt/a1/002/data/conversation_002.runtime.json
SKIP (exists): content/conversation/pt/c2/.DS_Store
SKIP (exists): content/conversation/pt/c2/007/audio/conversation_c2_007.cues.json
SKIP (exists): content/conversation/pt/c2/007/audio/conversation_c2_007.wav
SKIP (exists): content/conversation/pt/c2/007/data/conversation_007.runtime.json
SKIP (exists): content/conversation/pt/c2/009/audio/conversation_c2_009.wav
SKIP (exists): content/conversation/pt/c2/009/audio/conversation_c2_009.cues.json
SKIP (exists): content/conversation/pt/c2/009/data/conversation_009.runtime.json
SKIP (exists): content/conversation/pt/c2/008/audio/conversation_c2_008.cues.json
SKIP (exists): content/conversation/pt/c2/008/audio/conversation_c2_008.wav
SKIP (exists): content/conversation/pt/c2/008/data/conversation_008.runtime.json
SKIP (exists): content/conversation/pt/c2/001/audio/conversation_c2_001.wav
SKIP (exists): content/conversation/pt/c2/001/audio/conversation_c2_001.cues.json
SKIP (exists): content/conversation/pt/c2/001/data/conversation_001.runtime.json
SKIP (exists): content/conversation/pt/c2/006/audio/conversation_c2_006.wav
SKIP (exists): content/conversation/pt/c2/006/audio/conversation_c2_006.cues.json
SKIP (exists): content/conversation/pt/c2/006/data/conversation_006.runtime.json
SKIP (exists): content/conversation/pt/c2/010/audio/conversation_c2_010.wav
SKIP (exists): content/conversation/pt/c2/010/audio/conversation_c2_010.cues.json
SKIP (exists): content/conversation/pt/c2/010/data/conversation_010.runtime.json
SKIP (exists): content/conversation/pt/c2/003/audio/conversation_c2_003.wav
SKIP (exists): content/conversation/pt/c2/003/audio/conversation_c2_003.cues.json
SKIP (exists): content/conversation/pt/c2/003/data/conversation_003.runtime.json
SKIP (exists): content/conversation/pt/c2/004/audio/conversation_c2_004.wav
SKIP (exists): content/conversation/pt/c2/004/audio/conversation_c2_004.cues.json
SKIP (exists): content/conversation/pt/c2/004/data/conversation_004.runtime.json
SKIP (exists): content/conversation/pt/c2/005/audio/conversation_c2_005.wav
SKIP (exists): content/conversation/pt/c2/005/audio/conversation_c2_005.cues.json
SKIP (exists): content/conversation/pt/c2/005/data/conversation_005.runtime.json
SKIP (exists): content/conversation/pt/c2/002/audio/conversation_c2_002.wav
SKIP (exists): content/conversation/pt/c2/002/audio/conversation_c2_002.cues.json
SKIP (exists): content/conversation/pt/c2/002/data/conversation_002.runtime.json
SKIP (exists): content/conversation/kr/.DS_Store
SKIP (exists): content/conversation/kr/b2/.DS_Store
SKIP (exists): content/conversation/kr/b2/007/audio/conversation_b2_007.cues.json
SKIP (exists): content/conversation/kr/b2/007/audio/conversation_b2_007.wav
SKIP (exists): content/conversation/kr/b2/007/data/conversation_007.runtime.json
SKIP (exists): content/conversation/kr/b2/009/audio/conversation_b2_009.wav
SKIP (exists): content/conversation/kr/b2/009/audio/conversation_b2_009.cues.json
SKIP (exists): content/conversation/kr/b2/009/data/conversation_009.runtime.json
SKIP (exists): content/conversation/kr/b2/008/audio/conversation_b2_008.cues.json
SKIP (exists): content/conversation/kr/b2/008/audio/conversation_b2_008.wav
SKIP (exists): content/conversation/kr/b2/008/data/conversation_008.runtime.json
SKIP (exists): content/conversation/kr/b2/001/audio/conversation_b2_001.cues.json
SKIP (exists): content/conversation/kr/b2/001/audio/conversation_b2_001.wav
SKIP (exists): content/conversation/kr/b2/001/data/conversation_001.runtime.json
SKIP (exists): content/conversation/kr/b2/006/audio/conversation_b2_006.wav
SKIP (exists): content/conversation/kr/b2/006/audio/conversation_b2_006.cues.json
SKIP (exists): content/conversation/kr/b2/006/data/conversation_006.runtime.json
SKIP (exists): content/conversation/kr/b2/010/audio/conversation_b2_010.wav
SKIP (exists): content/conversation/kr/b2/010/audio/conversation_b2_010.cues.json
SKIP (exists): content/conversation/kr/b2/010/data/conversation_010.runtime.json
SKIP (exists): content/conversation/kr/b2/003/audio/conversation_b2_003.wav
SKIP (exists): content/conversation/kr/b2/003/audio/conversation_b2_003.cues.json
SKIP (exists): content/conversation/kr/b2/003/data/conversation_003.runtime.json
SKIP (exists): content/conversation/kr/b2/004/audio/conversation_b2_004.wav
SKIP (exists): content/conversation/kr/b2/004/audio/conversation_b2_004.cues.json
SKIP (exists): content/conversation/kr/b2/004/data/conversation_004.runtime.json
SKIP (exists): content/conversation/kr/b2/005/audio/conversation_b2_005.wav
SKIP (exists): content/conversation/kr/b2/005/audio/conversation_b2_005.cues.json
SKIP (exists): content/conversation/kr/b2/005/data/conversation_005.runtime.json
SKIP (exists): content/conversation/kr/b2/002/audio/conversation_b2_002.wav
SKIP (exists): content/conversation/kr/b2/002/audio/conversation_b2_002.cues.json
SKIP (exists): content/conversation/kr/b2/002/data/conversation_002.runtime.json
SKIP (exists): content/conversation/kr/a2/.DS_Store
SKIP (exists): content/conversation/kr/a2/007/audio/conversation_a2_007.cues.json
SKIP (exists): content/conversation/kr/a2/007/audio/conversation_a2_007.wav
SKIP (exists): content/conversation/kr/a2/007/data/conversation_007.runtime.json
SKIP (exists): content/conversation/kr/a2/009/audio/conversation_a2_009.wav
SKIP (exists): content/conversation/kr/a2/009/audio/conversation_a2_009.cues.json
SKIP (exists): content/conversation/kr/a2/009/data/conversation_009.runtime.json
SKIP (exists): content/conversation/kr/a2/008/audio/conversation_a2_008.wav
SKIP (exists): content/conversation/kr/a2/008/audio/conversation_a2_008.cues.json
SKIP (exists): content/conversation/kr/a2/008/data/conversation_008.runtime.json
SKIP (exists): content/conversation/kr/a2/001/audio/conversation_a2_001.cues.json
SKIP (exists): content/conversation/kr/a2/001/audio/conversation_a2_001.wav
SKIP (exists): content/conversation/kr/a2/001/data/conversation_001.runtime.json
SKIP (exists): content/conversation/kr/a2/006/audio/conversation_a2_006.cues.json
SKIP (exists): content/conversation/kr/a2/006/audio/conversation_a2_006.wav
SKIP (exists): content/conversation/kr/a2/006/data/conversation_006.runtime.json
SKIP (exists): content/conversation/kr/a2/010/audio/conversation_a2_010.wav
SKIP (exists): content/conversation/kr/a2/010/audio/conversation_a2_010.cues.json
SKIP (exists): content/conversation/kr/a2/010/data/conversation_010.runtime.json
SKIP (exists): content/conversation/kr/a2/003/audio/conversation_a2_003.wav
SKIP (exists): content/conversation/kr/a2/003/audio/conversation_a2_003.cues.json
SKIP (exists): content/conversation/kr/a2/003/data/conversation_003.runtime.json
SKIP (exists): content/conversation/kr/a2/004/audio/conversation_a2_004.wav
SKIP (exists): content/conversation/kr/a2/004/audio/conversation_a2_004.cues.json
SKIP (exists): content/conversation/kr/a2/004/data/conversation_004.runtime.json
SKIP (exists): content/conversation/kr/a2/005/audio/conversation_a2_005.wav
SKIP (exists): content/conversation/kr/a2/005/audio/conversation_a2_005.cues.json
SKIP (exists): content/conversation/kr/a2/005/data/conversation_005.runtime.json
SKIP (exists): content/conversation/kr/a2/002/audio/conversation_a2_002.cues.json
SKIP (exists): content/conversation/kr/a2/002/audio/conversation_a2_002.wav
SKIP (exists): content/conversation/kr/a2/002/data/conversation_002.runtime.json
SKIP (exists): content/conversation/kr/c1/.DS_Store
SKIP (exists): content/conversation/kr/c1/007/audio/conversation_c1_007.cues.json
SKIP (exists): content/conversation/kr/c1/007/audio/conversation_c1_007.wav
SKIP (exists): content/conversation/kr/c1/007/data/conversation_007.runtime.json
SKIP (exists): content/conversation/kr/c1/009/audio/conversation_c1_009.wav
SKIP (exists): content/conversation/kr/c1/009/audio/conversation_c1_009.cues.json
SKIP (exists): content/conversation/kr/c1/009/data/conversation_009.runtime.json
SKIP (exists): content/conversation/kr/c1/008/audio/conversation_c1_008.wav
SKIP (exists): content/conversation/kr/c1/008/audio/conversation_c1_008.cues.json
SKIP (exists): content/conversation/kr/c1/008/data/conversation_008.runtime.json
SKIP (exists): content/conversation/kr/c1/001/audio/conversation_c1_001.cues.json
SKIP (exists): content/conversation/kr/c1/001/audio/conversation_c1_001.wav
SKIP (exists): content/conversation/kr/c1/001/data/conversation_001.runtime.json
SKIP (exists): content/conversation/kr/c1/006/audio/conversation_c1_006.wav
SKIP (exists): content/conversation/kr/c1/006/audio/conversation_c1_006.cues.json
SKIP (exists): content/conversation/kr/c1/006/data/conversation_006.runtime.json
SKIP (exists): content/conversation/kr/c1/010/audio/conversation_c1_010.wav
SKIP (exists): content/conversation/kr/c1/010/audio/conversation_c1_010.cues.json
SKIP (exists): content/conversation/kr/c1/010/data/conversation_010.runtime.json
SKIP (exists): content/conversation/kr/c1/003/audio/conversation_c1_003.wav
SKIP (exists): content/conversation/kr/c1/003/audio/conversation_c1_003.cues.json
SKIP (exists): content/conversation/kr/c1/003/data/conversation_003.runtime.json
SKIP (exists): content/conversation/kr/c1/004/audio/conversation_c1_004.wav
SKIP (exists): content/conversation/kr/c1/004/audio/conversation_c1_004.cues.json
SKIP (exists): content/conversation/kr/c1/004/data/conversation_004.runtime.json
SKIP (exists): content/conversation/kr/c1/005/audio/conversation_c1_005.wav
SKIP (exists): content/conversation/kr/c1/005/audio/conversation_c1_005.cues.json
SKIP (exists): content/conversation/kr/c1/005/data/conversation_005.runtime.json
SKIP (exists): content/conversation/kr/c1/002/audio/conversation_c1_002.wav
SKIP (exists): content/conversation/kr/c1/002/audio/conversation_c1_002.cues.json
SKIP (exists): content/conversation/kr/c1/002/data/conversation_002.runtime.json
SKIP (exists): content/conversation/kr/b1/.DS_Store
SKIP (exists): content/conversation/kr/b1/007/audio/conversation_b1_007.cues.json
SKIP (exists): content/conversation/kr/b1/007/audio/conversation_b1_007.wav
SKIP (exists): content/conversation/kr/b1/007/data/conversation_007.runtime.json
SKIP (exists): content/conversation/kr/b1/009/audio/conversation_b1_009.wav
SKIP (exists): content/conversation/kr/b1/009/audio/conversation_b1_009.cues.json
SKIP (exists): content/conversation/kr/b1/009/data/conversation_009.runtime.json
SKIP (exists): content/conversation/kr/b1/008/audio/conversation_b1_008.wav
SKIP (exists): content/conversation/kr/b1/008/audio/conversation_b1_008.cues.json
SKIP (exists): content/conversation/kr/b1/008/data/conversation_008.runtime.json
SKIP (exists): content/conversation/kr/b1/001/audio/conversation_b1_001.cues.json
SKIP (exists): content/conversation/kr/b1/001/audio/conversation_b1_001.wav
SKIP (exists): content/conversation/kr/b1/001/data/conversation_001.runtime.json
SKIP (exists): content/conversation/kr/b1/006/audio/conversation_b1_006.cues.json
SKIP (exists): content/conversation/kr/b1/006/audio/conversation_b1_006.wav
SKIP (exists): content/conversation/kr/b1/006/data/conversation_006.runtime.json
SKIP (exists): content/conversation/kr/b1/010/audio/conversation_b1_010.wav
SKIP (exists): content/conversation/kr/b1/010/audio/conversation_b1_010.cues.json
SKIP (exists): content/conversation/kr/b1/010/data/conversation_010.runtime.json
SKIP (exists): content/conversation/kr/b1/003/audio/conversation_b1_003.wav
SKIP (exists): content/conversation/kr/b1/003/audio/conversation_b1_003.cues.json
SKIP (exists): content/conversation/kr/b1/003/data/conversation_003.runtime.json
SKIP (exists): content/conversation/kr/b1/004/audio/conversation_b1_004.wav
SKIP (exists): content/conversation/kr/b1/004/audio/conversation_b1_004.cues.json
SKIP (exists): content/conversation/kr/b1/004/data/conversation_004.runtime.json
SKIP (exists): content/conversation/kr/b1/005/audio/conversation_b1_005.wav
SKIP (exists): content/conversation/kr/b1/005/audio/conversation_b1_005.cues.json
SKIP (exists): content/conversation/kr/b1/005/data/conversation_005.runtime.json
SKIP (exists): content/conversation/kr/b1/002/audio/conversation_b1_002.wav
SKIP (exists): content/conversation/kr/b1/002/audio/conversation_b1_002.cues.json
SKIP (exists): content/conversation/kr/b1/002/data/conversation_002.runtime.json
SKIP (exists): content/conversation/kr/a1/.DS_Store
SKIP (exists): content/conversation/kr/a1/007/audio/conversation_a1_007.cues.json
SKIP (exists): content/conversation/kr/a1/007/audio/conversation_a1_007.wav
SKIP (exists): content/conversation/kr/a1/007/data/conversation_007.runtime.json
SKIP (exists): content/conversation/kr/a1/009/audio/conversation_a1_009.wav
SKIP (exists): content/conversation/kr/a1/009/audio/conversation_a1_009.cues.json
SKIP (exists): content/conversation/kr/a1/009/data/conversation_009.runtime.json
SKIP (exists): content/conversation/kr/a1/008/audio/conversation_a1_008.wav
SKIP (exists): content/conversation/kr/a1/008/audio/conversation_a1_008.cues.json
SKIP (exists): content/conversation/kr/a1/008/data/conversation_008.runtime.json
SKIP (exists): content/conversation/kr/a1/001/.DS_Store
SKIP (exists): content/conversation/kr/a1/001/audio/conversation_a1_001.cues.json
SKIP (exists): content/conversation/kr/a1/001/audio/conversation_a1_001.wav
SKIP (exists): content/conversation/kr/a1/001/data/conversation_001.runtime.json
SKIP (exists): content/conversation/kr/a1/006/audio/conversation_a1_006.cues.json
SKIP (exists): content/conversation/kr/a1/006/audio/conversation_a1_006.wav
SKIP (exists): content/conversation/kr/a1/006/data/conversation_006.runtime.json
SKIP (exists): content/conversation/kr/a1/010/audio/conversation_a1_010.cues.json
SKIP (exists): content/conversation/kr/a1/010/audio/conversation_a1_010.wav
SKIP (exists): content/conversation/kr/a1/010/data/conversation_010.runtime.json
SKIP (exists): content/conversation/kr/a1/003/audio/conversation_a1_003.wav
SKIP (exists): content/conversation/kr/a1/003/audio/conversation_a1_003.cues.json
SKIP (exists): content/conversation/kr/a1/003/data/conversation_003.runtime.json
SKIP (exists): content/conversation/kr/a1/004/audio/conversation_a1_004.cues.json
SKIP (exists): content/conversation/kr/a1/004/audio/conversation_a1_004.wav
SKIP (exists): content/conversation/kr/a1/004/data/conversation_004.runtime.json
SKIP (exists): content/conversation/kr/a1/005/audio/conversation_a1_005.wav
SKIP (exists): content/conversation/kr/a1/005/audio/conversation_a1_005.cues.json
SKIP (exists): content/conversation/kr/a1/005/data/conversation_005.runtime.json
SKIP (exists): content/conversation/kr/a1/002/audio/conversation_a1_002.cues.json
SKIP (exists): content/conversation/kr/a1/002/audio/conversation_a1_002.wav
SKIP (exists): content/conversation/kr/a1/002/data/conversation_002.runtime.json
SKIP (exists): content/conversation/kr/c2/.DS_Store
SKIP (exists): content/conversation/kr/c2/007/audio/conversation_c2_007.cues.json
SKIP (exists): content/conversation/kr/c2/007/audio/conversation_c2_007.wav
SKIP (exists): content/conversation/kr/c2/007/data/conversation_007.runtime.json
SKIP (exists): content/conversation/kr/c2/009/audio/conversation_c2_009.wav
SKIP (exists): content/conversation/kr/c2/009/audio/conversation_c2_009.cues.json
SKIP (exists): content/conversation/kr/c2/009/data/conversation_009.runtime.json
SKIP (exists): content/conversation/kr/c2/008/audio/conversation_c2_008.cues.json
SKIP (exists): content/conversation/kr/c2/008/audio/conversation_c2_008.wav
SKIP (exists): content/conversation/kr/c2/008/data/conversation_008.runtime.json
SKIP (exists): content/conversation/kr/c2/001/.DS_Store
SKIP (exists): content/conversation/kr/c2/001/audio/conversation_c2_001.wav
SKIP (exists): content/conversation/kr/c2/001/audio/conversation_c2_001.cues.json
SKIP (exists): content/conversation/kr/c2/001/data/conversation_001.runtime.json
SKIP (exists): content/conversation/kr/c2/006/audio/conversation_c2_006.wav
SKIP (exists): content/conversation/kr/c2/006/audio/conversation_c2_006.cues.json
SKIP (exists): content/conversation/kr/c2/006/data/conversation_006.runtime.json
SKIP (exists): content/conversation/kr/c2/010/audio/conversation_c2_010.wav
SKIP (exists): content/conversation/kr/c2/010/audio/conversation_c2_010.cues.json
SKIP (exists): content/conversation/kr/c2/010/data/conversation_010.runtime.json
SKIP (exists): content/conversation/kr/c2/003/audio/conversation_c2_003.wav
SKIP (exists): content/conversation/kr/c2/003/audio/conversation_c2_003.cues.json
SKIP (exists): content/conversation/kr/c2/003/data/conversation_003.runtime.json
SKIP (exists): content/conversation/kr/c2/004/audio/conversation_c2_004.wav
SKIP (exists): content/conversation/kr/c2/004/audio/conversation_c2_004.cues.json
SKIP (exists): content/conversation/kr/c2/004/data/conversation_004.runtime.json
SKIP (exists): content/conversation/kr/c2/005/audio/conversation_c2_005.wav
SKIP (exists): content/conversation/kr/c2/005/audio/conversation_c2_005.cues.json
SKIP (exists): content/conversation/kr/c2/005/data/conversation_005.runtime.json
SKIP (exists): content/conversation/kr/c2/002/audio/conversation_c2_002.wav
SKIP (exists): content/conversation/kr/c2/002/audio/conversation_c2_002.cues.json
SKIP (exists): content/conversation/kr/c2/002/data/conversation_002.runtime.json
SKIP (exists): content/conversation/fr/.DS_Store
SKIP (exists): content/conversation/fr/b2/.DS_Store
SKIP (exists): content/conversation/fr/b2/007/audio/conversation_b2_007.cues.json
SKIP (exists): content/conversation/fr/b2/007/audio/conversation_b2_007.wav
SKIP (exists): content/conversation/fr/b2/007/data/conversation_007.runtime.json
SKIP (exists): content/conversation/fr/b2/009/audio/conversation_b2_009.wav
SKIP (exists): content/conversation/fr/b2/009/audio/conversation_b2_009.cues.json
SKIP (exists): content/conversation/fr/b2/009/data/conversation_009.runtime.json
SKIP (exists): content/conversation/fr/b2/008/audio/conversation_b2_008.cues.json
SKIP (exists): content/conversation/fr/b2/008/audio/conversation_b2_008.wav
SKIP (exists): content/conversation/fr/b2/008/data/conversation_008.runtime.json
SKIP (exists): content/conversation/fr/b2/001/audio/conversation_b2_001.cues.json
SKIP (exists): content/conversation/fr/b2/001/audio/conversation_b2_001.wav
SKIP (exists): content/conversation/fr/b2/001/data/conversation_001.runtime.json
SKIP (exists): content/conversation/fr/b2/006/audio/conversation_b2_006.wav
SKIP (exists): content/conversation/fr/b2/006/audio/conversation_b2_006.cues.json
SKIP (exists): content/conversation/fr/b2/006/data/conversation_006.runtime.json
SKIP (exists): content/conversation/fr/b2/010/audio/conversation_b2_010.wav
SKIP (exists): content/conversation/fr/b2/010/audio/conversation_b2_010.cues.json
SKIP (exists): content/conversation/fr/b2/010/data/conversation_010.runtime.json
SKIP (exists): content/conversation/fr/b2/003/audio/conversation_b2_003.wav
SKIP (exists): content/conversation/fr/b2/003/audio/conversation_b2_003.cues.json
SKIP (exists): content/conversation/fr/b2/003/data/conversation_003.runtime.json
SKIP (exists): content/conversation/fr/b2/004/audio/conversation_b2_004.wav
SKIP (exists): content/conversation/fr/b2/004/audio/conversation_b2_004.cues.json
SKIP (exists): content/conversation/fr/b2/004/data/conversation_004.runtime.json
SKIP (exists): content/conversation/fr/b2/005/audio/conversation_b2_005.wav
SKIP (exists): content/conversation/fr/b2/005/audio/conversation_b2_005.cues.json
SKIP (exists): content/conversation/fr/b2/005/data/conversation_005.runtime.json
SKIP (exists): content/conversation/fr/b2/002/audio/conversation_b2_002.wav
SKIP (exists): content/conversation/fr/b2/002/audio/conversation_b2_002.cues.json
SKIP (exists): content/conversation/fr/b2/002/data/conversation_002.runtime.json
SKIP (exists): content/conversation/fr/a2/.DS_Store
SKIP (exists): content/conversation/fr/a2/007/audio/conversation_a2_007.cues.json
SKIP (exists): content/conversation/fr/a2/007/audio/conversation_a2_007.wav
SKIP (exists): content/conversation/fr/a2/007/data/conversation_007.runtime.json
SKIP (exists): content/conversation/fr/a2/009/audio/conversation_a2_009.wav
SKIP (exists): content/conversation/fr/a2/009/audio/conversation_a2_009.cues.json
SKIP (exists): content/conversation/fr/a2/009/data/conversation_009.runtime.json
SKIP (exists): content/conversation/fr/a2/008/audio/conversation_a2_008.wav
SKIP (exists): content/conversation/fr/a2/008/audio/conversation_a2_008.cues.json
SKIP (exists): content/conversation/fr/a2/008/data/conversation_008.runtime.json
SKIP (exists): content/conversation/fr/a2/001/audio/conversation_a2_001.cues.json
SKIP (exists): content/conversation/fr/a2/001/audio/conversation_a2_001.wav
SKIP (exists): content/conversation/fr/a2/001/data/conversation_001.runtime.json
SKIP (exists): content/conversation/fr/a2/006/audio/conversation_a2_006.cues.json
SKIP (exists): content/conversation/fr/a2/006/audio/conversation_a2_006.wav
SKIP (exists): content/conversation/fr/a2/006/data/conversation_006.runtime.json
SKIP (exists): content/conversation/fr/a2/010/audio/conversation_a2_010.wav
SKIP (exists): content/conversation/fr/a2/010/audio/conversation_a2_010.cues.json
SKIP (exists): content/conversation/fr/a2/010/data/conversation_010.runtime.json
SKIP (exists): content/conversation/fr/a2/003/audio/conversation_a2_003.wav
SKIP (exists): content/conversation/fr/a2/003/audio/conversation_a2_003.cues.json
SKIP (exists): content/conversation/fr/a2/003/data/conversation_003.runtime.json
SKIP (exists): content/conversation/fr/a2/004/audio/conversation_a2_004.wav
SKIP (exists): content/conversation/fr/a2/004/audio/conversation_a2_004.cues.json
SKIP (exists): content/conversation/fr/a2/004/data/conversation_004.runtime.json
SKIP (exists): content/conversation/fr/a2/005/audio/conversation_a2_005.wav
SKIP (exists): content/conversation/fr/a2/005/audio/conversation_a2_005.cues.json
SKIP (exists): content/conversation/fr/a2/005/data/conversation_005.runtime.json
SKIP (exists): content/conversation/fr/a2/002/audio/conversation_a2_002.cues.json
SKIP (exists): content/conversation/fr/a2/002/audio/conversation_a2_002.wav
SKIP (exists): content/conversation/fr/a2/002/data/conversation_002.runtime.json
SKIP (exists): content/conversation/fr/c1/.DS_Store
SKIP (exists): content/conversation/fr/c1/007/audio/conversation_c1_007.cues.json
SKIP (exists): content/conversation/fr/c1/007/audio/conversation_c1_007.wav
SKIP (exists): content/conversation/fr/c1/007/data/conversation_007.runtime.json
SKIP (exists): content/conversation/fr/c1/009/audio/conversation_c1_009.wav
SKIP (exists): content/conversation/fr/c1/009/audio/conversation_c1_009.cues.json
SKIP (exists): content/conversation/fr/c1/009/data/conversation_009.runtime.json
SKIP (exists): content/conversation/fr/c1/008/audio/conversation_c1_008.wav
SKIP (exists): content/conversation/fr/c1/008/audio/conversation_c1_008.cues.json
SKIP (exists): content/conversation/fr/c1/008/data/conversation_008.runtime.json
SKIP (exists): content/conversation/fr/c1/001/audio/conversation_c1_001.cues.json
SKIP (exists): content/conversation/fr/c1/001/audio/conversation_c1_001.wav
SKIP (exists): content/conversation/fr/c1/001/data/conversation_001.runtime.json
SKIP (exists): content/conversation/fr/c1/006/audio/conversation_c1_006.wav
SKIP (exists): content/conversation/fr/c1/006/audio/conversation_c1_006.cues.json
SKIP (exists): content/conversation/fr/c1/006/data/conversation_006.runtime.json
SKIP (exists): content/conversation/fr/c1/010/audio/conversation_c1_010.wav
SKIP (exists): content/conversation/fr/c1/010/audio/conversation_c1_010.cues.json
SKIP (exists): content/conversation/fr/c1/010/data/conversation_010.runtime.json
SKIP (exists): content/conversation/fr/c1/003/audio/conversation_c1_003.wav
SKIP (exists): content/conversation/fr/c1/003/audio/conversation_c1_003.cues.json
SKIP (exists): content/conversation/fr/c1/003/data/conversation_003.runtime.json
SKIP (exists): content/conversation/fr/c1/004/audio/conversation_c1_004.wav
SKIP (exists): content/conversation/fr/c1/004/audio/conversation_c1_004.cues.json
SKIP (exists): content/conversation/fr/c1/004/data/conversation_004.runtime.json
SKIP (exists): content/conversation/fr/c1/005/audio/conversation_c1_005.wav
SKIP (exists): content/conversation/fr/c1/005/audio/conversation_c1_005.cues.json
SKIP (exists): content/conversation/fr/c1/005/data/conversation_005.runtime.json
SKIP (exists): content/conversation/fr/c1/002/audio/conversation_c1_002.wav
SKIP (exists): content/conversation/fr/c1/002/audio/conversation_c1_002.cues.json
SKIP (exists): content/conversation/fr/c1/002/data/conversation_002.runtime.json
SKIP (exists): content/conversation/fr/b1/.DS_Store
SKIP (exists): content/conversation/fr/b1/007/audio/conversation_b1_007.cues.json
SKIP (exists): content/conversation/fr/b1/007/audio/conversation_b1_007.wav
SKIP (exists): content/conversation/fr/b1/007/data/conversation_007.runtime.json
SKIP (exists): content/conversation/fr/b1/009/audio/conversation_b1_009.wav
SKIP (exists): content/conversation/fr/b1/009/audio/conversation_b1_009.cues.json
SKIP (exists): content/conversation/fr/b1/009/data/conversation_009.runtime.json
SKIP (exists): content/conversation/fr/b1/008/audio/conversation_b1_008.wav
SKIP (exists): content/conversation/fr/b1/008/audio/conversation_b1_008.cues.json
SKIP (exists): content/conversation/fr/b1/008/data/conversation_008.runtime.json
SKIP (exists): content/conversation/fr/b1/001/audio/conversation_b1_001.cues.json
SKIP (exists): content/conversation/fr/b1/001/audio/conversation_b1_001.wav
SKIP (exists): content/conversation/fr/b1/001/data/conversation_001.runtime.json
SKIP (exists): content/conversation/fr/b1/006/audio/conversation_b1_006.cues.json
SKIP (exists): content/conversation/fr/b1/006/audio/conversation_b1_006.wav
SKIP (exists): content/conversation/fr/b1/006/data/conversation_006.runtime.json
SKIP (exists): content/conversation/fr/b1/010/audio/conversation_b1_010.wav
SKIP (exists): content/conversation/fr/b1/010/audio/conversation_b1_010.cues.json
SKIP (exists): content/conversation/fr/b1/010/data/conversation_010.runtime.json
SKIP (exists): content/conversation/fr/b1/003/audio/conversation_b1_003.wav
SKIP (exists): content/conversation/fr/b1/003/audio/conversation_b1_003.cues.json
SKIP (exists): content/conversation/fr/b1/003/data/conversation_003.runtime.json
SKIP (exists): content/conversation/fr/b1/004/audio/conversation_b1_004.wav
SKIP (exists): content/conversation/fr/b1/004/audio/conversation_b1_004.cues.json
SKIP (exists): content/conversation/fr/b1/004/data/conversation_004.runtime.json
SKIP (exists): content/conversation/fr/b1/005/audio/conversation_b1_005.wav
SKIP (exists): content/conversation/fr/b1/005/audio/conversation_b1_005.cues.json
SKIP (exists): content/conversation/fr/b1/005/data/conversation_005.runtime.json
SKIP (exists): content/conversation/fr/b1/002/audio/conversation_b1_002.wav
SKIP (exists): content/conversation/fr/b1/002/audio/conversation_b1_002.cues.json
SKIP (exists): content/conversation/fr/b1/002/data/conversation_002.runtime.json
SKIP (exists): content/conversation/fr/a1/.DS_Store
SKIP (exists): content/conversation/fr/a1/007/audio/conversation_a1_007.cues.json
SKIP (exists): content/conversation/fr/a1/007/audio/conversation_a1_007.wav
SKIP (exists): content/conversation/fr/a1/007/data/conversation_007.runtime.json
SKIP (exists): content/conversation/fr/a1/009/audio/conversation_a1_009.wav
SKIP (exists): content/conversation/fr/a1/009/audio/conversation_a1_009.cues.json
SKIP (exists): content/conversation/fr/a1/009/data/conversation_009.runtime.json
SKIP (exists): content/conversation/fr/a1/008/audio/conversation_a1_008.wav
SKIP (exists): content/conversation/fr/a1/008/audio/conversation_a1_008.cues.json
SKIP (exists): content/conversation/fr/a1/008/data/conversation_008.runtime.json
SKIP (exists): content/conversation/fr/a1/001/audio/conversation_a1_001.cues.json
SKIP (exists): content/conversation/fr/a1/001/audio/conversation_a1_001.wav
SKIP (exists): content/conversation/fr/a1/001/data/conversation_001.runtime.json
SKIP (exists): content/conversation/fr/a1/006/audio/conversation_a1_006.cues.json
SKIP (exists): content/conversation/fr/a1/006/audio/conversation_a1_006.wav
SKIP (exists): content/conversation/fr/a1/006/data/conversation_006.runtime.json
SKIP (exists): content/conversation/fr/a1/010/audio/conversation_a1_010.cues.json
SKIP (exists): content/conversation/fr/a1/010/audio/conversation_a1_010.wav
SKIP (exists): content/conversation/fr/a1/010/data/conversation_010.runtime.json
SKIP (exists): content/conversation/fr/a1/003/audio/conversation_a1_003.wav
SKIP (exists): content/conversation/fr/a1/003/audio/conversation_a1_003.cues.json
SKIP (exists): content/conversation/fr/a1/003/data/conversation_003.runtime.json
SKIP (exists): content/conversation/fr/a1/004/audio/conversation_a1_004.cues.json
SKIP (exists): content/conversation/fr/a1/004/audio/conversation_a1_004.wav
SKIP (exists): content/conversation/fr/a1/004/data/conversation_004.runtime.json
SKIP (exists): content/conversation/fr/a1/005/audio/conversation_a1_005.wav
SKIP (exists): content/conversation/fr/a1/005/audio/conversation_a1_005.cues.json
SKIP (exists): content/conversation/fr/a1/005/data/conversation_005.runtime.json
SKIP (exists): content/conversation/fr/a1/002/audio/conversation_a1_002.cues.json
SKIP (exists): content/conversation/fr/a1/002/audio/conversation_a1_002.wav
SKIP (exists): content/conversation/fr/a1/002/data/conversation_002.runtime.json
SKIP (exists): content/conversation/fr/c2/.DS_Store
SKIP (exists): content/conversation/fr/c2/007/audio/conversation_c2_007.cues.json
SKIP (exists): content/conversation/fr/c2/007/audio/conversation_c2_007.wav
SKIP (exists): content/conversation/fr/c2/007/data/conversation_007.runtime.json
SKIP (exists): content/conversation/fr/c2/009/audio/conversation_c2_009.wav
SKIP (exists): content/conversation/fr/c2/009/audio/conversation_c2_009.cues.json
SKIP (exists): content/conversation/fr/c2/009/data/conversation_009.runtime.json
SKIP (exists): content/conversation/fr/c2/008/audio/conversation_c2_008.cues.json
SKIP (exists): content/conversation/fr/c2/008/audio/conversation_c2_008.wav
SKIP (exists): content/conversation/fr/c2/008/data/conversation_008.runtime.json
SKIP (exists): content/conversation/fr/c2/001/audio/conversation_c2_001.wav
SKIP (exists): content/conversation/fr/c2/001/audio/conversation_c2_001.cues.json
SKIP (exists): content/conversation/fr/c2/001/data/conversation_001.runtime.json
SKIP (exists): content/conversation/fr/c2/006/audio/conversation_c2_006.wav
SKIP (exists): content/conversation/fr/c2/006/audio/conversation_c2_006.cues.json
SKIP (exists): content/conversation/fr/c2/006/data/conversation_006.runtime.json
SKIP (exists): content/conversation/fr/c2/010/audio/conversation_c2_010.wav
SKIP (exists): content/conversation/fr/c2/010/audio/conversation_c2_010.cues.json
SKIP (exists): content/conversation/fr/c2/010/data/conversation_010.runtime.json
SKIP (exists): content/conversation/fr/c2/003/audio/conversation_c2_003.wav
SKIP (exists): content/conversation/fr/c2/003/audio/conversation_c2_003.cues.json
SKIP (exists): content/conversation/fr/c2/003/data/conversation_003.runtime.json
SKIP (exists): content/conversation/fr/c2/004/audio/conversation_c2_004.wav
SKIP (exists): content/conversation/fr/c2/004/audio/conversation_c2_004.cues.json
SKIP (exists): content/conversation/fr/c2/004/data/conversation_004.runtime.json
SKIP (exists): content/conversation/fr/c2/005/audio/conversation_c2_005.wav
SKIP (exists): content/conversation/fr/c2/005/audio/conversation_c2_005.cues.json
SKIP (exists): content/conversation/fr/c2/005/data/conversation_005.runtime.json
SKIP (exists): content/conversation/fr/c2/002/audio/conversation_c2_002.wav
SKIP (exists): content/conversation/fr/c2/002/audio/conversation_c2_002.cues.json
SKIP (exists): content/conversation/fr/c2/002/data/conversation_002.runtime.json
SKIP (exists): content/conversation/es/.DS_Store
SKIP (exists): content/conversation/es/b2/.DS_Store
SKIP (exists): content/conversation/es/b2/007/audio/conversation_b2_007.cues.json
SKIP (exists): content/conversation/es/b2/007/audio/conversation_b2_007.wav
SKIP (exists): content/conversation/es/b2/007/data/conversation_007.runtime.json
SKIP (exists): content/conversation/es/b2/009/audio/conversation_b2_009.wav
SKIP (exists): content/conversation/es/b2/009/audio/conversation_b2_009.cues.json
SKIP (exists): content/conversation/es/b2/009/data/conversation_009.runtime.json
SKIP (exists): content/conversation/es/b2/008/audio/conversation_b2_008.cues.json
SKIP (exists): content/conversation/es/b2/008/audio/conversation_b2_008.wav
SKIP (exists): content/conversation/es/b2/008/data/conversation_008.runtime.json
SKIP (exists): content/conversation/es/b2/001/audio/conversation_b2_001.cues.json
SKIP (exists): content/conversation/es/b2/001/audio/conversation_b2_001.wav
SKIP (exists): content/conversation/es/b2/001/data/conversation_001.runtime.json
SKIP (exists): content/conversation/es/b2/006/audio/conversation_b2_006.wav
SKIP (exists): content/conversation/es/b2/006/audio/conversation_b2_006.cues.json
SKIP (exists): content/conversation/es/b2/006/data/conversation_006.runtime.json
SKIP (exists): content/conversation/es/b2/010/audio/conversation_b2_010.wav
SKIP (exists): content/conversation/es/b2/010/audio/conversation_b2_010.cues.json
SKIP (exists): content/conversation/es/b2/010/data/conversation_010.runtime.json
SKIP (exists): content/conversation/es/b2/003/audio/conversation_b2_003.wav
SKIP (exists): content/conversation/es/b2/003/audio/conversation_b2_003.cues.json
SKIP (exists): content/conversation/es/b2/003/data/conversation_003.runtime.json
SKIP (exists): content/conversation/es/b2/004/audio/conversation_b2_004.wav
SKIP (exists): content/conversation/es/b2/004/audio/conversation_b2_004.cues.json
SKIP (exists): content/conversation/es/b2/004/data/conversation_004.runtime.json
SKIP (exists): content/conversation/es/b2/005/audio/conversation_b2_005.wav
SKIP (exists): content/conversation/es/b2/005/audio/conversation_b2_005.cues.json
SKIP (exists): content/conversation/es/b2/005/data/conversation_005.runtime.json
SKIP (exists): content/conversation/es/b2/002/audio/conversation_b2_002.wav
SKIP (exists): content/conversation/es/b2/002/audio/conversation_b2_002.cues.json
SKIP (exists): content/conversation/es/b2/002/data/conversation_002.runtime.json
SKIP (exists): content/conversation/es/a2/.DS_Store
SKIP (exists): content/conversation/es/a2/007/audio/conversation_a2_007.cues.json
SKIP (exists): content/conversation/es/a2/007/audio/conversation_a2_007.wav
SKIP (exists): content/conversation/es/a2/007/data/conversation_007.runtime.json
SKIP (exists): content/conversation/es/a2/009/audio/conversation_a2_009.wav
SKIP (exists): content/conversation/es/a2/009/audio/conversation_a2_009.cues.json
SKIP (exists): content/conversation/es/a2/009/data/conversation_009.runtime.json
SKIP (exists): content/conversation/es/a2/008/audio/conversation_a2_008.wav
SKIP (exists): content/conversation/es/a2/008/audio/conversation_a2_008.cues.json
SKIP (exists): content/conversation/es/a2/008/data/conversation_008.runtime.json
SKIP (exists): content/conversation/es/a2/001/audio/conversation_a2_001.cues.json
SKIP (exists): content/conversation/es/a2/001/audio/conversation_a2_001.wav
SKIP (exists): content/conversation/es/a2/001/data/conversation_001.runtime.json
SKIP (exists): content/conversation/es/a2/006/audio/conversation_a2_006.cues.json
SKIP (exists): content/conversation/es/a2/006/audio/conversation_a2_006.wav
SKIP (exists): content/conversation/es/a2/006/data/conversation_006.runtime.json
SKIP (exists): content/conversation/es/a2/010/audio/conversation_a2_010.wav
SKIP (exists): content/conversation/es/a2/010/audio/conversation_a2_010.cues.json
SKIP (exists): content/conversation/es/a2/010/data/conversation_010.runtime.json
SKIP (exists): content/conversation/es/a2/003/audio/conversation_a2_003.wav
SKIP (exists): content/conversation/es/a2/003/audio/conversation_a2_003.cues.json
SKIP (exists): content/conversation/es/a2/003/data/conversation_003.runtime.json
SKIP (exists): content/conversation/es/a2/004/audio/conversation_a2_004.wav
SKIP (exists): content/conversation/es/a2/004/audio/conversation_a2_004.cues.json
SKIP (exists): content/conversation/es/a2/004/data/conversation_004.runtime.json
SKIP (exists): content/conversation/es/a2/005/audio/conversation_a2_005.wav
SKIP (exists): content/conversation/es/a2/005/audio/conversation_a2_005.cues.json
SKIP (exists): content/conversation/es/a2/005/data/conversation_005.runtime.json
SKIP (exists): content/conversation/es/a2/002/audio/conversation_a2_002.cues.json
SKIP (exists): content/conversation/es/a2/002/audio/conversation_a2_002.wav
SKIP (exists): content/conversation/es/a2/002/data/conversation_002.runtime.json
SKIP (exists): content/conversation/es/c1/.DS_Store
SKIP (exists): content/conversation/es/c1/007/audio/conversation_c1_007.cues.json
SKIP (exists): content/conversation/es/c1/007/audio/conversation_c1_007.wav
SKIP (exists): content/conversation/es/c1/007/data/conversation_007.runtime.json
SKIP (exists): content/conversation/es/c1/009/audio/conversation_c1_009.wav
SKIP (exists): content/conversation/es/c1/009/audio/conversation_c1_009.cues.json
SKIP (exists): content/conversation/es/c1/009/data/conversation_009.runtime.json
SKIP (exists): content/conversation/es/c1/008/audio/conversation_c1_008.wav
SKIP (exists): content/conversation/es/c1/008/audio/conversation_c1_008.cues.json
SKIP (exists): content/conversation/es/c1/008/data/conversation_008.runtime.json
SKIP (exists): content/conversation/es/c1/001/audio/conversation_c1_001.cues.json
SKIP (exists): content/conversation/es/c1/001/audio/conversation_c1_001.wav
SKIP (exists): content/conversation/es/c1/001/data/conversation_001.runtime.json
SKIP (exists): content/conversation/es/c1/006/audio/conversation_c1_006.wav
SKIP (exists): content/conversation/es/c1/006/audio/conversation_c1_006.cues.json
SKIP (exists): content/conversation/es/c1/006/data/conversation_006.runtime.json
SKIP (exists): content/conversation/es/c1/010/audio/conversation_c1_010.wav
SKIP (exists): content/conversation/es/c1/010/audio/conversation_c1_010.cues.json
SKIP (exists): content/conversation/es/c1/010/data/conversation_010.runtime.json
SKIP (exists): content/conversation/es/c1/003/audio/conversation_c1_003.wav
SKIP (exists): content/conversation/es/c1/003/audio/conversation_c1_003.cues.json
SKIP (exists): content/conversation/es/c1/003/data/conversation_003.runtime.json
SKIP (exists): content/conversation/es/c1/004/audio/conversation_c1_004.wav
SKIP (exists): content/conversation/es/c1/004/audio/conversation_c1_004.cues.json
SKIP (exists): content/conversation/es/c1/004/data/conversation_004.runtime.json
SKIP (exists): content/conversation/es/c1/005/audio/conversation_c1_005.wav
SKIP (exists): content/conversation/es/c1/005/audio/conversation_c1_005.cues.json
SKIP (exists): content/conversation/es/c1/005/data/conversation_005.runtime.json
SKIP (exists): content/conversation/es/c1/002/audio/conversation_c1_002.wav
SKIP (exists): content/conversation/es/c1/002/audio/conversation_c1_002.cues.json
SKIP (exists): content/conversation/es/c1/002/data/conversation_002.runtime.json
SKIP (exists): content/conversation/es/b1/.DS_Store
SKIP (exists): content/conversation/es/b1/007/audio/conversation_b1_007.cues.json
SKIP (exists): content/conversation/es/b1/007/audio/conversation_b1_007.wav
SKIP (exists): content/conversation/es/b1/007/data/conversation_007.runtime.json
SKIP (exists): content/conversation/es/b1/009/audio/conversation_b1_009.wav
SKIP (exists): content/conversation/es/b1/009/audio/conversation_b1_009.cues.json
SKIP (exists): content/conversation/es/b1/009/data/conversation_009.runtime.json
SKIP (exists): content/conversation/es/b1/008/audio/conversation_b1_008.wav
SKIP (exists): content/conversation/es/b1/008/audio/conversation_b1_008.cues.json
SKIP (exists): content/conversation/es/b1/008/data/conversation_008.runtime.json
SKIP (exists): content/conversation/es/b1/001/audio/conversation_b1_001.cues.json
SKIP (exists): content/conversation/es/b1/001/audio/conversation_b1_001.wav
SKIP (exists): content/conversation/es/b1/001/data/conversation_001.runtime.json
SKIP (exists): content/conversation/es/b1/006/audio/conversation_b1_006.cues.json
SKIP (exists): content/conversation/es/b1/006/audio/conversation_b1_006.wav
SKIP (exists): content/conversation/es/b1/006/data/conversation_006.runtime.json
SKIP (exists): content/conversation/es/b1/010/audio/conversation_b1_010.wav
SKIP (exists): content/conversation/es/b1/010/audio/conversation_b1_010.cues.json
SKIP (exists): content/conversation/es/b1/010/data/conversation_010.runtime.json
SKIP (exists): content/conversation/es/b1/003/audio/conversation_b1_003.wav
SKIP (exists): content/conversation/es/b1/003/audio/conversation_b1_003.cues.json
SKIP (exists): content/conversation/es/b1/003/data/conversation_003.runtime.json
SKIP (exists): content/conversation/es/b1/004/audio/conversation_b1_004.wav
SKIP (exists): content/conversation/es/b1/004/audio/conversation_b1_004.cues.json
SKIP (exists): content/conversation/es/b1/004/data/conversation_004.runtime.json
SKIP (exists): content/conversation/es/b1/005/audio/conversation_b1_005.wav
SKIP (exists): content/conversation/es/b1/005/audio/conversation_b1_005.cues.json
SKIP (exists): content/conversation/es/b1/005/data/conversation_005.runtime.json
SKIP (exists): content/conversation/es/b1/002/audio/conversation_b1_002.wav
SKIP (exists): content/conversation/es/b1/002/audio/conversation_b1_002.cues.json
SKIP (exists): content/conversation/es/b1/002/data/conversation_002.runtime.json
SKIP (exists): content/conversation/es/a1/.DS_Store
SKIP (exists): content/conversation/es/a1/007/audio/conversation_a1_007.cues.json
SKIP (exists): content/conversation/es/a1/007/audio/conversation_a1_007.wav
SKIP (exists): content/conversation/es/a1/007/data/conversation_007.runtime.json
SKIP (exists): content/conversation/es/a1/009/audio/conversation_a1_009.wav
SKIP (exists): content/conversation/es/a1/009/audio/conversation_a1_009.cues.json
SKIP (exists): content/conversation/es/a1/009/data/conversation_009.runtime.json
SKIP (exists): content/conversation/es/a1/008/audio/conversation_a1_008.wav
SKIP (exists): content/conversation/es/a1/008/audio/conversation_a1_008.cues.json
SKIP (exists): content/conversation/es/a1/008/data/conversation_008.runtime.json
SKIP (exists): content/conversation/es/a1/001/audio/conversation_a1_001.cues.json
SKIP (exists): content/conversation/es/a1/001/audio/conversation_a1_001.wav
SKIP (exists): content/conversation/es/a1/001/data/conversation_001.runtime.json
SKIP (exists): content/conversation/es/a1/006/audio/conversation_a1_006.cues.json
SKIP (exists): content/conversation/es/a1/006/audio/conversation_a1_006.wav
SKIP (exists): content/conversation/es/a1/006/data/conversation_006.runtime.json
SKIP (exists): content/conversation/es/a1/010/audio/conversation_a1_010.cues.json
SKIP (exists): content/conversation/es/a1/010/audio/conversation_a1_010.wav
SKIP (exists): content/conversation/es/a1/010/data/conversation_010.runtime.json
SKIP (exists): content/conversation/es/a1/003/audio/conversation_a1_003.wav
SKIP (exists): content/conversation/es/a1/003/audio/conversation_a1_003.cues.json
SKIP (exists): content/conversation/es/a1/003/data/conversation_003.runtime.json
SKIP (exists): content/conversation/es/a1/004/audio/conversation_a1_004.cues.json
SKIP (exists): content/conversation/es/a1/004/audio/conversation_a1_004.wav
SKIP (exists): content/conversation/es/a1/004/data/conversation_004.runtime.json
SKIP (exists): content/conversation/es/a1/005/audio/conversation_a1_005.wav
SKIP (exists): content/conversation/es/a1/005/audio/conversation_a1_005.cues.json
SKIP (exists): content/conversation/es/a1/005/data/conversation_005.runtime.json
SKIP (exists): content/conversation/es/a1/002/audio/conversation_a1_002.cues.json
SKIP (exists): content/conversation/es/a1/002/audio/conversation_a1_002.wav
SKIP (exists): content/conversation/es/a1/002/data/conversation_002.runtime.json
SKIP (exists): content/conversation/es/c2/.DS_Store
SKIP (exists): content/conversation/es/c2/007/audio/conversation_c2_007.cues.json
SKIP (exists): content/conversation/es/c2/007/audio/conversation_c2_007.wav
SKIP (exists): content/conversation/es/c2/007/data/conversation_007.runtime.json
SKIP (exists): content/conversation/es/c2/009/audio/conversation_c2_009.wav
SKIP (exists): content/conversation/es/c2/009/audio/conversation_c2_009.cues.json
SKIP (exists): content/conversation/es/c2/009/data/conversation_009.runtime.json
SKIP (exists): content/conversation/es/c2/008/audio/conversation_c2_008.cues.json
SKIP (exists): content/conversation/es/c2/008/audio/conversation_c2_008.wav
SKIP (exists): content/conversation/es/c2/008/data/conversation_008.runtime.json
SKIP (exists): content/conversation/es/c2/001/audio/conversation_c2_001.wav
SKIP (exists): content/conversation/es/c2/001/audio/conversation_c2_001.cues.json
SKIP (exists): content/conversation/es/c2/001/data/conversation_001.runtime.json
SKIP (exists): content/conversation/es/c2/006/audio/conversation_c2_006.wav
SKIP (exists): content/conversation/es/c2/006/audio/conversation_c2_006.cues.json
SKIP (exists): content/conversation/es/c2/006/data/conversation_006.runtime.json
SKIP (exists): content/conversation/es/c2/010/audio/conversation_c2_010.wav
SKIP (exists): content/conversation/es/c2/010/audio/conversation_c2_010.cues.json
SKIP (exists): content/conversation/es/c2/010/data/conversation_010.runtime.json
SKIP (exists): content/conversation/es/c2/003/audio/conversation_c2_003.wav
SKIP (exists): content/conversation/es/c2/003/audio/conversation_c2_003.cues.json
SKIP (exists): content/conversation/es/c2/003/data/conversation_003.runtime.json
SKIP (exists): content/conversation/es/c2/004/audio/conversation_c2_004.wav
SKIP (exists): content/conversation/es/c2/004/audio/conversation_c2_004.cues.json
SKIP (exists): content/conversation/es/c2/004/data/conversation_004.runtime.json
SKIP (exists): content/conversation/es/c2/005/audio/conversation_c2_005.wav
SKIP (exists): content/conversation/es/c2/005/audio/conversation_c2_005.cues.json
SKIP (exists): content/conversation/es/c2/005/data/conversation_005.runtime.json
SKIP (exists): content/conversation/es/c2/002/audio/conversation_c2_002.wav
SKIP (exists): content/conversation/es/c2/002/audio/conversation_c2_002.cues.json
SKIP (exists): content/conversation/es/c2/002/data/conversation_002.runtime.json
SKIP (exists): content/conversation/en/.DS_Store
SKIP (exists): content/conversation/en/b2/.DS_Store
SKIP (exists): content/conversation/en/b2/007/audio/conversation_b2_007.cues.json
SKIP (exists): content/conversation/en/b2/007/audio/conversation_b2_007.wav
SKIP (exists): content/conversation/en/b2/007/data/conversation_007.runtime.json
SKIP (exists): content/conversation/en/b2/009/audio/conversation_b2_009.wav
SKIP (exists): content/conversation/en/b2/009/audio/conversation_b2_009.cues.json
SKIP (exists): content/conversation/en/b2/009/data/conversation_009.runtime.json
SKIP (exists): content/conversation/en/b2/008/audio/conversation_b2_008.cues.json
SKIP (exists): content/conversation/en/b2/008/audio/conversation_b2_008.wav
SKIP (exists): content/conversation/en/b2/008/data/conversation_008.runtime.json
SKIP (exists): content/conversation/en/b2/001/audio/conversation_b2_001.cues.json
SKIP (exists): content/conversation/en/b2/001/audio/conversation_b2_001.wav
SKIP (exists): content/conversation/en/b2/001/data/conversation_001.runtime.json
SKIP (exists): content/conversation/en/b2/006/audio/conversation_b2_006.wav
SKIP (exists): content/conversation/en/b2/006/audio/conversation_b2_006.cues.json
SKIP (exists): content/conversation/en/b2/006/data/conversation_006.runtime.json
SKIP (exists): content/conversation/en/b2/010/audio/conversation_b2_010.wav
SKIP (exists): content/conversation/en/b2/010/audio/conversation_b2_010.cues.json
SKIP (exists): content/conversation/en/b2/010/data/conversation_010.runtime.json
SKIP (exists): content/conversation/en/b2/003/audio/conversation_b2_003.wav
SKIP (exists): content/conversation/en/b2/003/audio/conversation_b2_003.cues.json
SKIP (exists): content/conversation/en/b2/003/data/conversation_003.runtime.json
SKIP (exists): content/conversation/en/b2/004/audio/conversation_b2_004.wav
SKIP (exists): content/conversation/en/b2/004/audio/conversation_b2_004.cues.json
SKIP (exists): content/conversation/en/b2/004/data/conversation_004.runtime.json
SKIP (exists): content/conversation/en/b2/005/audio/conversation_b2_005.wav
SKIP (exists): content/conversation/en/b2/005/audio/conversation_b2_005.cues.json
SKIP (exists): content/conversation/en/b2/005/data/conversation_005.runtime.json
SKIP (exists): content/conversation/en/b2/002/audio/conversation_b2_002.wav
SKIP (exists): content/conversation/en/b2/002/audio/conversation_b2_002.cues.json
SKIP (exists): content/conversation/en/b2/002/data/conversation_002.runtime.json
SKIP (exists): content/conversation/en/a2/.DS_Store
SKIP (exists): content/conversation/en/a2/007/audio/conversation_a2_007.cues.json
SKIP (exists): content/conversation/en/a2/007/audio/conversation_a2_007.wav
SKIP (exists): content/conversation/en/a2/007/data/conversation_007.runtime.json
SKIP (exists): content/conversation/en/a2/009/audio/conversation_a2_009.wav
SKIP (exists): content/conversation/en/a2/009/audio/conversation_a2_009.cues.json
SKIP (exists): content/conversation/en/a2/009/data/conversation_009.runtime.json
SKIP (exists): content/conversation/en/a2/008/audio/conversation_a2_008.wav
SKIP (exists): content/conversation/en/a2/008/audio/conversation_a2_008.cues.json
SKIP (exists): content/conversation/en/a2/008/data/conversation_008.runtime.json
SKIP (exists): content/conversation/en/a2/001/audio/conversation_a2_001.cues.json
SKIP (exists): content/conversation/en/a2/001/audio/conversation_a2_001.wav
SKIP (exists): content/conversation/en/a2/001/data/conversation_001.runtime.json
SKIP (exists): content/conversation/en/a2/006/audio/conversation_a2_006.cues.json
SKIP (exists): content/conversation/en/a2/006/audio/conversation_a2_006.wav
SKIP (exists): content/conversation/en/a2/006/data/conversation_006.runtime.json
SKIP (exists): content/conversation/en/a2/010/audio/conversation_a2_010.wav
SKIP (exists): content/conversation/en/a2/010/audio/conversation_a2_010.cues.json
SKIP (exists): content/conversation/en/a2/010/data/conversation_010.runtime.json
SKIP (exists): content/conversation/en/a2/003/audio/conversation_a2_003.wav
SKIP (exists): content/conversation/en/a2/003/audio/conversation_a2_003.cues.json
SKIP (exists): content/conversation/en/a2/003/data/conversation_003.runtime.json
SKIP (exists): content/conversation/en/a2/004/audio/conversation_a2_004.wav
SKIP (exists): content/conversation/en/a2/004/audio/conversation_a2_004.cues.json
SKIP (exists): content/conversation/en/a2/004/data/conversation_004.runtime.json
SKIP (exists): content/conversation/en/a2/005/audio/conversation_a2_005.wav
SKIP (exists): content/conversation/en/a2/005/audio/conversation_a2_005.cues.json
SKIP (exists): content/conversation/en/a2/005/data/conversation_005.runtime.json
SKIP (exists): content/conversation/en/a2/002/audio/conversation_a2_002.cues.json
SKIP (exists): content/conversation/en/a2/002/audio/conversation_a2_002.wav
SKIP (exists): content/conversation/en/a2/002/data/conversation_002.runtime.json
SKIP (exists): content/conversation/en/c1/.DS_Store
SKIP (exists): content/conversation/en/c1/007/audio/conversation_c1_007.cues.json
SKIP (exists): content/conversation/en/c1/007/audio/conversation_c1_007.wav
SKIP (exists): content/conversation/en/c1/007/data/conversation_007.runtime.json
SKIP (exists): content/conversation/en/c1/009/audio/conversation_c1_009.wav
SKIP (exists): content/conversation/en/c1/009/audio/conversation_c1_009.cues.json
SKIP (exists): content/conversation/en/c1/009/data/conversation_009.runtime.json
SKIP (exists): content/conversation/en/c1/008/audio/conversation_c1_008.wav
SKIP (exists): content/conversation/en/c1/008/audio/conversation_c1_008.cues.json
SKIP (exists): content/conversation/en/c1/008/data/conversation_008.runtime.json
SKIP (exists): content/conversation/en/c1/001/audio/conversation_c1_001.cues.json
SKIP (exists): content/conversation/en/c1/001/audio/conversation_c1_001.wav
SKIP (exists): content/conversation/en/c1/001/data/conversation_001.runtime.json
SKIP (exists): content/conversation/en/c1/006/audio/conversation_c1_006.wav
SKIP (exists): content/conversation/en/c1/006/audio/conversation_c1_006.cues.json
SKIP (exists): content/conversation/en/c1/006/data/conversation_006.runtime.json
SKIP (exists): content/conversation/en/c1/010/audio/conversation_c1_010.wav
SKIP (exists): content/conversation/en/c1/010/audio/conversation_c1_010.cues.json
SKIP (exists): content/conversation/en/c1/010/data/conversation_010.runtime.json
SKIP (exists): content/conversation/en/c1/003/audio/conversation_c1_003.wav
SKIP (exists): content/conversation/en/c1/003/audio/conversation_c1_003.cues.json
SKIP (exists): content/conversation/en/c1/003/data/conversation_003.runtime.json
SKIP (exists): content/conversation/en/c1/004/audio/conversation_c1_004.wav
SKIP (exists): content/conversation/en/c1/004/audio/conversation_c1_004.cues.json
SKIP (exists): content/conversation/en/c1/004/data/conversation_004.runtime.json
SKIP (exists): content/conversation/en/c1/005/audio/conversation_c1_005.wav
SKIP (exists): content/conversation/en/c1/005/audio/conversation_c1_005.cues.json
SKIP (exists): content/conversation/en/c1/005/data/conversation_005.runtime.json
SKIP (exists): content/conversation/en/c1/002/audio/conversation_c1_002.wav
SKIP (exists): content/conversation/en/c1/002/audio/conversation_c1_002.cues.json
SKIP (exists): content/conversation/en/c1/002/data/conversation_002.runtime.json
SKIP (exists): content/conversation/en/b1/.DS_Store
SKIP (exists): content/conversation/en/b1/007/audio/conversation_b1_007.cues.json
SKIP (exists): content/conversation/en/b1/007/audio/conversation_b1_007.wav
SKIP (exists): content/conversation/en/b1/007/data/conversation_007.runtime.json
SKIP (exists): content/conversation/en/b1/009/audio/conversation_b1_009.wav
SKIP (exists): content/conversation/en/b1/009/audio/conversation_b1_009.cues.json
SKIP (exists): content/conversation/en/b1/009/data/conversation_009.runtime.json
SKIP (exists): content/conversation/en/b1/008/audio/conversation_b1_008.wav
SKIP (exists): content/conversation/en/b1/008/audio/conversation_b1_008.cues.json
SKIP (exists): content/conversation/en/b1/008/data/conversation_008.runtime.json
SKIP (exists): content/conversation/en/b1/001/audio/conversation_b1_001.cues.json
SKIP (exists): content/conversation/en/b1/001/audio/conversation_b1_001.wav
SKIP (exists): content/conversation/en/b1/001/data/conversation_001.runtime.json
SKIP (exists): content/conversation/en/b1/006/audio/conversation_b1_006.cues.json
SKIP (exists): content/conversation/en/b1/006/audio/conversation_b1_006.wav
SKIP (exists): content/conversation/en/b1/006/data/conversation_006.runtime.json
SKIP (exists): content/conversation/en/b1/010/audio/conversation_b1_010.wav
SKIP (exists): content/conversation/en/b1/010/audio/conversation_b1_010.cues.json
SKIP (exists): content/conversation/en/b1/010/data/conversation_010.runtime.json
SKIP (exists): content/conversation/en/b1/003/audio/conversation_b1_003.wav
SKIP (exists): content/conversation/en/b1/003/audio/conversation_b1_003.cues.json
SKIP (exists): content/conversation/en/b1/003/data/conversation_003.runtime.json
SKIP (exists): content/conversation/en/b1/004/audio/conversation_b1_004.wav
SKIP (exists): content/conversation/en/b1/004/audio/conversation_b1_004.cues.json
SKIP (exists): content/conversation/en/b1/004/data/conversation_004.runtime.json
SKIP (exists): content/conversation/en/b1/005/audio/conversation_b1_005.wav
SKIP (exists): content/conversation/en/b1/005/audio/conversation_b1_005.cues.json
SKIP (exists): content/conversation/en/b1/005/data/conversation_005.runtime.json
SKIP (exists): content/conversation/en/b1/002/audio/conversation_b1_002.wav
SKIP (exists): content/conversation/en/b1/002/audio/conversation_b1_002.cues.json
SKIP (exists): content/conversation/en/b1/002/data/conversation_002.runtime.json
SKIP (exists): content/conversation/en/a1/.DS_Store
SKIP (exists): content/conversation/en/a1/007/audio/conversation_a1_007.cues.json
SKIP (exists): content/conversation/en/a1/007/audio/conversation_a1_007.wav
SKIP (exists): content/conversation/en/a1/007/data/conversation_007.runtime.json
SKIP (exists): content/conversation/en/a1/009/audio/conversation_a1_009.wav
SKIP (exists): content/conversation/en/a1/009/audio/conversation_a1_009.cues.json
SKIP (exists): content/conversation/en/a1/009/data/conversation_009.runtime.json
SKIP (exists): content/conversation/en/a1/008/audio/conversation_a1_008.wav
SKIP (exists): content/conversation/en/a1/008/audio/conversation_a1_008.cues.json
SKIP (exists): content/conversation/en/a1/008/data/conversation_008.runtime.json
SKIP (exists): content/conversation/en/a1/001/audio/conversation_a1_001.cues.json
SKIP (exists): content/conversation/en/a1/001/audio/conversation_a1_001.wav
SKIP (exists): content/conversation/en/a1/001/data/conversation_001.runtime.json
SKIP (exists): content/conversation/en/a1/006/audio/conversation_a1_006.cues.json
SKIP (exists): content/conversation/en/a1/006/audio/conversation_a1_006.wav
SKIP (exists): content/conversation/en/a1/006/data/conversation_006.runtime.json
SKIP (exists): content/conversation/en/a1/010/audio/conversation_a1_010.cues.json
SKIP (exists): content/conversation/en/a1/010/audio/conversation_a1_010.wav
SKIP (exists): content/conversation/en/a1/010/data/conversation_010.runtime.json
SKIP (exists): content/conversation/en/a1/003/audio/conversation_a1_003.wav
SKIP (exists): content/conversation/en/a1/003/audio/conversation_a1_003.cues.json
SKIP (exists): content/conversation/en/a1/003/data/conversation_003.runtime.json
SKIP (exists): content/conversation/en/a1/004/audio/conversation_a1_004.cues.json
SKIP (exists): content/conversation/en/a1/004/audio/conversation_a1_004.wav
SKIP (exists): content/conversation/en/a1/004/data/conversation_004.runtime.json
SKIP (exists): content/conversation/en/a1/005/audio/conversation_a1_005.wav
SKIP (exists): content/conversation/en/a1/005/audio/conversation_a1_005.cues.json
SKIP (exists): content/conversation/en/a1/005/data/conversation_005.runtime.json
SKIP (exists): content/conversation/en/a1/002/audio/conversation_a1_002.cues.json
SKIP (exists): content/conversation/en/a1/002/audio/conversation_a1_002.wav
SKIP (exists): content/conversation/en/a1/002/data/conversation_002.runtime.json
SKIP (exists): content/conversation/en/c2/.DS_Store
SKIP (exists): content/conversation/en/c2/007/audio/conversation_c2_007.cues.json
SKIP (exists): content/conversation/en/c2/007/audio/conversation_c2_007.wav
SKIP (exists): content/conversation/en/c2/007/data/conversation_007.runtime.json
SKIP (exists): content/conversation/en/c2/009/audio/conversation_c2_009.wav
SKIP (exists): content/conversation/en/c2/009/audio/conversation_c2_009.cues.json
SKIP (exists): content/conversation/en/c2/009/data/conversation_009.runtime.json
SKIP (exists): content/conversation/en/c2/008/audio/conversation_c2_008.cues.json
SKIP (exists): content/conversation/en/c2/008/audio/conversation_c2_008.wav
SKIP (exists): content/conversation/en/c2/008/data/conversation_008.runtime.json
SKIP (exists): content/conversation/en/c2/001/audio/conversation_c2_001.wav
SKIP (exists): content/conversation/en/c2/001/audio/conversation_c2_001.cues.json
SKIP (exists): content/conversation/en/c2/001/data/conversation_001.runtime.json
SKIP (exists): content/conversation/en/c2/006/audio/conversation_c2_006.wav
SKIP (exists): content/conversation/en/c2/006/audio/conversation_c2_006.cues.json
SKIP (exists): content/conversation/en/c2/006/data/conversation_006.runtime.json
SKIP (exists): content/conversation/en/c2/010/audio/conversation_c2_010.wav
SKIP (exists): content/conversation/en/c2/010/audio/conversation_c2_010.cues.json
SKIP (exists): content/conversation/en/c2/010/data/conversation_010.runtime.json
SKIP (exists): content/conversation/en/c2/003/audio/conversation_c2_003.wav
SKIP (exists): content/conversation/en/c2/003/audio/conversation_c2_003.cues.json
SKIP (exists): content/conversation/en/c2/003/data/conversation_003.runtime.json
SKIP (exists): content/conversation/en/c2/004/audio/conversation_c2_004.wav
SKIP (exists): content/conversation/en/c2/004/audio/conversation_c2_004.cues.json
SKIP (exists): content/conversation/en/c2/004/data/conversation_004.runtime.json
SKIP (exists): content/conversation/en/c2/005/audio/conversation_c2_005.wav
SKIP (exists): content/conversation/en/c2/005/audio/conversation_c2_005.cues.json
SKIP (exists): content/conversation/en/c2/005/data/conversation_005.runtime.json
SKIP (exists): content/conversation/en/c2/002/audio/conversation_c2_002.wav
SKIP (exists): content/conversation/en/c2/002/audio/conversation_c2_002.cues.json
SKIP (exists): content/conversation/en/c2/002/data/conversation_002.runtime.json

Upload finished.
